make_group,make,model,generation,gen_year_start,gen_year_end,body_type,engine_label,fuel_type,cylinders,displacement_cc,power_hp,torque_nm,transmission,drivetrain,zero_to_100_s,top_speed_kmh,fuel_economy_combined_l100,length_mm,width_mm,height_mm,wheelbase_mm,curb_weight_kg
alpine,Alpine,A110,A110 (2024),2024,,,1.8L 7AT RWD (345 HP),Gasoline,4,1798,345,420,,,,,,,,,,
alpine,Alpine,A110,A110 (2023),2023,,,1.8L 7AT RWD (300 HP),Gasoline,4,1798,300,340,7-speed automatic DCT,Rear Wheel Drive,3.9,285,,4257,1798,1252,2421,1140
alpine,Alpine,A110,A110 (2021),2021,,,1.8L 7AT RWD (255 HP),Gasoline,4,1798,255,320,7-speed automatic,Rear Wheel Drive,4.5,249,6.7,,,,,
alpine,Alpine,A110,A110 (2021),2021,,,GT 1.8L 7AT RWD (304 HP),Gasoline,4,1798,304,340,7-speed automatic,Rear Wheel Drive,4.2,249,6.8,,,,,
alpine,Alpine,A110,A110 (2017),2017,2021,,A110 1.8L 7AT RWD (252 HP),Gasoline,4,1800,252,320,7-speed automatic DCT,Rear Wheel Drive,4.5,249,6.2,4178,1798,1252,2418,1080
alpine,Alpine,A110,A110 (2017),2017,2021,,A110S 1.8L 7AT RWD (292 HP),Gasoline,4,1800,292,320,7-speed automatic DCT,Rear Wheel Drive,4.4,249,6.2,4181,1798,1285,2418,1114
alpine,Alpine,A110,A110 (1962),1962,1977,,0.9L 4MT (51 HP),Gasoline,4,956,51,74,4-speed manual,Rear Wheel Drive,14.5,175,7,3851,1461,1120,2101,565
alpine,Alpine,A110,A110 (1962),1962,1977,,1.1L 4MT (66 HP),Gasoline,4,1108,66,,4-speed manual,Rear Wheel Drive,,180,,3851,1461,1120,2101,565
alpine,Alpine,A110,A110 (1962),1962,1977,,1.1L 4MT (95 HP),Gasoline,4,1108,95,98,4-speed manual,Rear Wheel Drive,9,195,10,3851,1461,1120,2101,565
alpine,Alpine,A110,A110 (1962),1962,1977,,1.3L 5MT (110 HP),Gasoline,4,1296,110,127,5-speed manual,Rear Wheel Drive,7,209,14,3851,1461,1120,2101,625
alpine,Alpine,A110,A110 (1962),1962,1977,,1.3L 5MT (120 HP),Gasoline,4,1296,120,122,5-speed manual,Rear Wheel Drive,6.8,216,11,3851,1461,1120,2101,625
alpine,Alpine,A110,A110 (1962),1962,1977,,1.5L 5MT (90 HP),Gasoline,4,1470,90,0,5-speed manual,Rear Wheel Drive,,185,,3851,1461,1120,2101,700
alpine,Alpine,A110,A110 (1962),1962,1977,,1.6L 5MT (125 HP),Gasoline,4,1565,125,,5-speed manual,Rear Wheel Drive,,209,,3851,1461,1120,2101,620
alpine,Alpine,A110,A110 (1962),1962,1977,,1.6L 5MT (92 HP),Gasoline,4,1565,92,,5-speed manual,Rear Wheel Drive,,175,,3851,1461,1120,2101,730
alpine,Alpine,A110S,A110S (2021),2021,,,1.8L 7AT (304 HP),Gasoline,4,1798,304,340,7-speed automatic,,4.2,249,6.8,,,,,
alpine,Alpine,A110S,A110S (2019),2019,2021,,1.8L 7AT (292 HP),Gasoline,4,,292,320,7-automatic speed dual clutch,Rear Wheel Drive,4.4,261,,4181,1798,1247,2418,1144
alpine,Alpine,A290,A290 (2024),2024,,,GT 52 KWh (177 HP),Electric,,,177,,1-speed automatic,Front Wheel Drive,7.4,159,,3998,1824,1511,2535,1554
alpine,Alpine,A290,A290 (2024),2024,,,GT Performance 52 KWh (218 HP),Electric,,,218,,1-speed automatic,Front Wheel Drive,6.4,171,,3998,1824,1511,2535,1554
alpine,Alpine,A390,A390 (2025),2025,,,GT 89 KWh (400 HP),Electric,,,400,,,All Wheel Drive,4.8,200,,4615,1885,1532,2708,2121
alpine,Alpine,A390,A390 (2025),2025,,,GTS 89 KWh (470 HP),Electric,,,470,,,All Wheel Drive,3.9,220,,4615,1885,1532,2708,2121
aston-martin,Aston Martin,Cygnet,Cygnet (2011),2011,2013,,1.3L 6MT (98 HP),Gasoline,4,1329,98,125,6-speed manual,Front Wheel Drive,11.8,171,5,3000,1699,1501,1999,988
aston-martin,Aston Martin,Cygnet,Cygnet (2011),2011,2013,,1.3L CVT (98 HP),Gasoline,4,1329,98,125,CVT,Front Wheel Drive,11.6,171,5.2,3000,1699,1501,1999,988
aston-martin,Aston Martin,DB AR1,DB AR1 (2003),2003,2004,,5.9L V12 6MT (420 HP),Gasoline,12,5935,420,542,6-Speed manual,Rear Wheel Drive,4.9,299,18.7,4691,1829,1270,2591,
aston-martin,Aston Martin,DB11,DB11 (2018),2018,2021,,5.2L V12 8AT (630 HP),Gasoline,12,5204,630,700,8-speed automatic,Rear Wheel Drive,3.7,335,9.5,4750,2060,1920,2804,1870
aston-martin,Aston Martin,DB11,DB11 (2016),2016,2023,,4.0L V8 8AT RWD (510 HP),Gasoline,8,3983,510,675,8-speed automatic,Rear Wheel Drive,4,299,11.4,4740,1941,1280,2804,1760
aston-martin,Aston Martin,DB11,DB11 (2016),2016,2023,,5.2L V12 8AT RWD (608 HP),Gasoline,12,5204,608,700,8-speed automatic,Rear Wheel Drive,3.9,322,11.4,4740,1941,1280,2804,1875
aston-martin,Aston Martin,DB11 Volante,DB11 Volante (2018),2018,2023,,4.0 V8 8AT (510 HP),Gasoline,8,3983,503,675,8-speed automatic,Rear Wheel Drive,4.2,322,,4750,2060,1300,,
aston-martin,Aston Martin,DB12,DB12 (2023),2023,,,4.0L V8 8AT RWD (680 HP),Gasoline,8,3982,680,800,8-speed automatic,Rear Wheel Drive,3.6,325,,4724,2060,1295,2804,1685
aston-martin,Aston Martin,DB12 Volante,DB12 Volante (2023),2023,,,4.0L V8 Turbo 8AT RWD (680 HP),Gasoline,8,,680,800,8-speed automatic,Rear Wheel Drive,3.6,,,,,,,
aston-martin,Aston Martin,DB6,DB6 (1965),1965,1970,,4.0L 5MT (286 HP),Gasoline,6,3996,286,370,5-Speed manual,Rear Wheel Drive,8.4,241,,4623,1676,1359,2583,1550
aston-martin,Aston Martin,DB6 Volante,DB6 Volante (1965),1965,1970,,4.0L 5MT (286 HP),Gasoline,6,3996,286,370,5-Speed manual,Rear Wheel Drive,,,,4623,1676,1346,2583,1466
aston-martin,Aston Martin,DB7,DB7 (2003),2003,2004,,5.9L V12 6MT (435 HP),Gasoline,12,5935,435,556,6-Speed manual,Rear Wheel Drive,4.9,298,,4691,1829,1242,2591,1775
aston-martin,Aston Martin,DB7,DB7 (2003),2003,2003,,5.9 V12 6MT (440 HP),Gasoline,12,5935,440,556,6-speed manual,Rear Wheel Drive,5.3,299,,4481,1862,1245,2530,1740
aston-martin,Aston Martin,DB7,DB7 (1999),1999,2003,,5.9L V12 5AT (420 HP),Gasoline,12,5935,420,540,5-speed automatic,Rear Wheel Drive,5,298,,4691,1829,1242,2591,1780
aston-martin,Aston Martin,DB7,DB7 (1999),1999,2003,,5.9L V12 6MT (420 HP),Gasoline,12,5935,420,540,6-speed manual,Rear Wheel Drive,5,298,,4691,1829,1242,2591,1775
aston-martin,Aston Martin,DB7,DB7 (1993),1993,1999,,3.2L 4AT (340 HP),Gasoline,6,3229,340,500,4-speed automatic,Rear Wheel Drive,6.9,257,15.5,4630,1821,1267,2591,1650
aston-martin,Aston Martin,DB7,DB7 (1993),1993,1999,,3.2L 5MT (340 HP),Gasoline,6,3229,340,500,5-speed manual,Rear Wheel Drive,5.7,266,15.5,4630,1821,1267,2591,1650
aston-martin,Aston Martin,DB7 Volante,DB7 Volante (1999),1999,2003,,5.9L V12 5AT (420 HP),Gasoline,12,5935,420,540,5-speed automatic,Rear Wheel Drive,5,266,,4666,1829,1260,2591,1875
aston-martin,Aston Martin,DB7 Volante,DB7 Volante (1999),1999,2003,,5.9L V12 6MT (420 HP),Gasoline,12,5935,420,540,6-speed manual,Rear Wheel Drive,5,266,,4666,1829,1260,2591,1875
aston-martin,Aston Martin,DB7 Volante,DB7 Volante (1996),1996,1999,,3.2L 4AT (340 HP),Gasoline,6,3239,340,500,4-speed automatic,Rear Wheel Drive,6,250,14.7,4666,1829,1260,2591,1850
aston-martin,Aston Martin,DB7 Volante,DB7 Volante (1996),1996,1999,,3.2L 5MT (340 HP),Gasoline,6,3239,340,500,5-speed manual,Rear Wheel Drive,6,250,14.7,4666,1829,1260,2591,1850
aston-martin,Aston Martin,DB9,DB9 (2014),2014,2015,,6.0 V12 6AT (517 HP),Gasoline,12,5935,517,620,6-speed automatic,Rear Wheel Drive,4.6,295,19.8,4719,2060,1283,2469,1785
aston-martin,Aston Martin,DB9,DB9 (2013),2013,2016,,5.9L V12 6AT (517 HP),Gasoline,12,5935,517,620,6-speed automatic,Rear Wheel Drive,4.6,295,14.3,4719,2060,1283,2741,1785
aston-martin,Aston Martin,DB9,DB9 (2013),2013,2016,,5.9L V12 6MT (517 HP),Gasoline,12,5935,517,620,6-speed manual,Rear Wheel Drive,4.6,295,14.3,4719,2060,1283,2741,1785
aston-martin,Aston Martin,DB9,DB9 (2010),2010,2012,,6.0L V12 6AT RWD (477 HP),Gasoline,12,5935,477,599,6-speed automatic,Rear Wheel Drive,4.8,306,14.6,4709,1875,1270,2746,1760
aston-martin,Aston Martin,DB9,DB9 (2010),2010,2012,,6.0L V12 6MT RWD (477 HP),Gasoline,12,5935,477,599,6-speed manual,Rear Wheel Drive,4.8,306,16.4,4709,1875,1270,2746,1760
aston-martin,Aston Martin,DB9,DB9 (2004),2004,2010,,6.0L V12 6AT (450 HP),Gasoline,12,5935,450,570,6-speed automatic,Rear Wheel Drive,5.1,299,16.4,4696,1875,1318,2741,1710
aston-martin,Aston Martin,DB9,DB9 (2004),2004,2010,,6.0L V12 6MT (450 HP),Gasoline,12,5935,450,570,6-speed manual,Rear Wheel Drive,4.9,300,16.4,4696,1875,1318,2741,1710
aston-martin,Aston Martin,DB9 Volante,DB9 Volante (2013),2013,2015,,5.9L V12 6AT RWD (517 HP),Gasoline,12,5935,517,620,6-speed automatic,Rear Wheel Drive,4.6,295,14.3,4719,2060,1283,2469,1890
aston-martin,Aston Martin,DB9 Volante,DB9 Volante (2013),2013,2015,,5.9L V12 6MT RWD (517 HP),Gasoline,12,5935,517,620,6-speed manual,Rear Wheel Drive,4.6,295,14.3,4719,2060,1283,2469,1890
aston-martin,Aston Martin,DB9 Volante,DB9 Volante (2010),2010,2012,,6.0L V12 6AT (477 HP),Gasoline,12,5935,477,599,6-speed automatic,Rear Wheel Drive,4.8,306,14.6,4709,1875,1270,2746,1780
aston-martin,Aston Martin,DB9 Volante,DB9 Volante (2010),2010,2012,,6.0L V12 6MT (477 HP),Gasoline,12,5935,477,599,six-speed manual,Rear Wheel Drive,4.8,306,16.4,4709,1875,1270,2746,1760
aston-martin,Aston Martin,DB9 Volante,DB9 Volante (2004),2004,2010,,6.0 V12 6AT (450 HP),Gasoline,12,5935,450,570,6-speed automatic,Rear Wheel Drive,5.1,299,16.4,4709,1875,1318,2741,1830
aston-martin,Aston Martin,DB9 Volante,DB9 Volante (2004),2004,2010,,6.0 V12 6MT (450 HP),Gasoline,12,5935,450,570,6-speed manual,Rear Wheel Drive,4.9,300,16.4,4709,1875,1318,2741,1710
aston-martin,Aston Martin,DBS,DBS (2023),2023,,,5.2L V12 8AT RWD (770 HP),Gasoline,12,5204,770,900,8-speed automatic,Rear Wheel Drive,3.4,340,,4714,2144,1285,2804,
aston-martin,Aston Martin,DBS,DBS (2019),2019,2024,,5.2L V12 8AT (725 HP),Gasoline,12,5204,725,900,8-speed automatic,Rear Wheel Drive,3.6,340,14,4714,2144,1295,2804,1863
aston-martin,Aston Martin,DBS,DBS (2018),2018,2024,,5.2L V12 8AT (725 HP),Gasoline,12,5204,725,900,8-speed automatic,Rear Wheel Drive,3.4,340,12.3,4712,2146,1280,2804,1693
aston-martin,Aston Martin,DBS,DBS (2008),2008,2012,,5.9L V12 6AT RWD (517 HP),Gasoline,12,5935,517,569,6-speed automatic,Rear Wheel Drive,4.3,307,15.5,4722,1905,1280,2741,1740
aston-martin,Aston Martin,DBS,DBS (2008),2008,2012,,5.9L V12 6MT RWD (517 HP),Gasoline,12,5935,517,569,6-speed manual,Rear Wheel Drive,4.3,307,17.8,4722,1905,1280,2741,1695
aston-martin,Aston Martin,DBS,DBS (1967),1967,1972,,4.0L 5MT (286 HP),Gasoline,6,3996,286,380,5-Speed manual,Rear Wheel Drive,8.5,227,,4585,1829,1328,2611,1588
aston-martin,Aston Martin,DBS Volante,DBS Volante (2009),2009,2012,,5.9L V12 6AT RWD (517 HP),Gasoline,12,5935,517,569,6-speed automatic,Rear Wheel Drive,4.3,307,15.5,4722,1905,1280,2741,1750
aston-martin,Aston Martin,DBS Volante,DBS Volante (2009),2009,2012,,5.9L V12 6MT RWD (517 HP),Gasoline,12,5935,517,569,6-speed manual,Rear Wheel Drive,4.3,307,17.8,4722,1905,1280,2741,1695
aston-martin,Aston Martin,DBX,DBX (2025),2025,,,4.0L V8 9AT AWD (727 HP),Gasoline,8,3982,727,900,9-speed automatic,All Wheel Drive,3.3,311,,,,,,
aston-martin,Aston Martin,DBX,DBX (2022),2022,2024,,4.0L V8 Twin Turbo 9AT AWD (707 HP),Gasoline,8,3982,707,900,9-speed automatic,All Wheel Drive,3.3,311,14.2,5039,1999,1679,3061,2245
aston-martin,Aston Martin,DBX,DBX (2020),2020,,,4.0L V8 9AT (550 HP),Gasoline,8,3982,550,700,9-speed automatic,All Wheel Drive,4.5,291,14.3,5039,1999,1679,3061,2245
aston-martin,Aston Martin,Lagonda,Lagonda (1986),1986,1989,,5.4L V8 3AT (313 HP),Gasoline,8,5341,313,434,3-speed automatic,Rear Wheel Drive,,233,,5281,1791,1303,2916,2024
aston-martin,Aston Martin,Lagonda,Lagonda (1976),1976,1986,,5.4L V8 3AT (280 HP),Gasoline,8,5341,280,488,3-speed automatic,Rear Wheel Drive,8.8,230,,5283,1791,1303,2916,2064
aston-martin,Aston Martin,One-77,One-77 (2009),2009,2012,,7.3 V12 6AT (760 HP),Gasoline,12,7312,760,750,6-speed automatic,Rear Wheel Drive,3.5,354,,4600,1999,1222,2791,1630
aston-martin,Aston Martin,Rapide,Rapide (2010),2010,2013,,6.0L V12 7AT (476 HP),Gasoline,12,5935,476,601,6-speed automatic (Touchtronic 2),Rear Wheel Drive,5.3,303,14.9,5019,2141,1359,2990,1950
aston-martin,Aston Martin,Rapide AMR,Rapide AMR (2017),2017,2020,,6.0L V12 8AT RWD (603 HP),Gasoline,12,5935,603,630,8-speed automatic,Rear Wheel Drive,4.3,330,,5019,1928,1349,,1990
aston-martin,Aston Martin,Rapide E,Rapide E (2019),2019,2019,,450 Kw (610 HP),Electric,,,610,970,Single speed,Rear Wheel Drive,4.2,249,,5019,2141,1349,2990,2140
aston-martin,Aston Martin,Rapide S,Rapide S (2013),2013,2018,,6.0L V12 6AT (558 HP),Gasoline,12,5935,558,620,six-speed gearbox with electronic shift-by-wire control system,Rear Wheel Drive,4.9,306,14.3,5019,2141,1349,2990,1990
aston-martin,Aston Martin,V12 Speedster,V12 Speedster (2020),2020,2022,,5.2L V12 Twin-Turbo 8AT RWD (700 HP),Gasoline,12,5204,700,,8-speed automatic,Rear Wheel Drive,3.5,299,,,,,,
aston-martin,Aston Martin,V12 Vantage,V12 Vantage (2022),2022,,,5.2L V12 8AT (690 HP),Gasoline,12,,690,753,8-speed automatic,Rear Wheel Drive,3.5,322,,,,,,
aston-martin,Aston Martin,V12 Vantage,V12 Vantage (2022),2022,,,5.2L V12 8AT RWD (700 HP),Gasoline,12,5204,700,753,8-speed automatic,Rear Wheel Drive,3.6,322,13.9,4514,1981,1275,2705,1855
aston-martin,Aston Martin,V12 Vantage,V12 Vantage (2018),2018,2018,,6.0L V12 7AT (592 HP),Gasoline,12,5935,592,620,7-Speed manual,Rear Wheel Drive,4,314,10.5,4465,1943,1273,2705,1530
aston-martin,Aston Martin,V12 Vantage,V12 Vantage (2013),2013,2018,,6.0L V12 7AT (573 HP),Gasoline,12,5935,573,620,7-speed Sportshift III automatic transmission,Rear Wheel Drive,3.7,327,,4384,2022,1250,2601,1665
aston-martin,Aston Martin,V12 Vantage,V12 Vantage (2009),2009,2013,,6.0L V12 6MT RWD (517 HP),Gasoline,12,5935,517,570,6-speed manual,Rear Wheel Drive,4.2,306,13.6,4382,1867,1245,2741,1680
aston-martin,Aston Martin,V12 Vantage AMR,V12 Vantage AMR (2017),2017,2019,,6.0L V12 7AT (603 HP),Gasoline,12,5935,603,630,7-speed automatic,Rear Wheel Drive,3.7,330,14.7,4384,1864,1250,2601,1745
aston-martin,Aston Martin,V12 Vantage AMR,V12 Vantage AMR (2017),2017,2019,,6.0L V12 7MT (603 HP),Gasoline,12,5935,603,630,7-speed manual,Rear Wheel Drive,3.6,330,17,4384,1864,1250,2601,1745
aston-martin,Aston Martin,V12 Vantage S,V12 Vantage S Roadster (2014),2014,2018,,6.0L V12 7AT (573 HP),Gasoline,12,5935,572.8,620,7-speed automatic Sportshift III,Rear Wheel Drive,4.1,323,14.7,4384,1864,1260,2601,1745
aston-martin,Aston Martin,V12 Zagato,V12 Zagato (2012),2012,2013,,6.0L V12 6MT (517 HP),Gasoline,12,5935,517,569,6-Speed manual,Rear Wheel Drive,4.2,306,16.4,4384,1864,1250,2601,1680
aston-martin,Aston Martin,V8 Vantage,V8 Vantage (2024),2024,,,4.0L V8 Twin Turbo 8AT RWD (665 HP),Gasoline,8,3982,665,800,8-speed automatic,Rear Wheel Drive,3.5,325,12.1,4496,2045,1275,2705,1605
aston-martin,Aston Martin,V8 Vantage,V8 Vantage (2024),2024,,,S 4.0L V8 Twin Turbo 8AT RWD (680 HP),Gasoline,8,3982,680,800,8-speed automatic,Rear Wheel Drive,3.4,200,12.1,4496,2045,1275,2705,
aston-martin,Aston Martin,V8 Vantage,V8 Vantage (2019),2019,2020,,4.0L V8 7AT RWD (510 HP),Gasoline,8,,510,625,7-speed automatic,Rear Wheel Drive,4,314,,4465,2154,1275,2705,1499
aston-martin,Aston Martin,V8 Vantage,V8 Vantage (2018),2018,2024,,4.0L V8 8AT RWD (510 HP),Gasoline,8,3983,510,675,8-speed automatic,Rear Wheel Drive,3.6,314,,4465,1943,1273,2705,1590
aston-martin,Aston Martin,V8 Vantage,V8 Vantage (2014),2014,2014,,4.7 V8 6AT (436 HP),Gasoline,8,4735,436,489,6-speed automatic,,4.8,306,,4382,1867,1257,,1611
aston-martin,Aston Martin,V8 Vantage,V8 Vantage (2014),2014,2014,,4.7 V8 6MT (436 HP),Gasoline,8,4735,436,489,6-speed manual,,4.8,306,,4382,1867,1257,,1611
aston-martin,Aston Martin,V8 Vantage,V8 Vantage (2010),2010,2014,,4.7L V8 6AT (426 HP),Gasoline,8,4735,426,470,6-speed automatic,Rear Wheel Drive,4.7,290,10.7,4384,2024,1260,2601,1604
aston-martin,Aston Martin,V8 Vantage,V8 Vantage (2010),2010,2014,,4.7L V8 6MT (426 HP),Gasoline,8,4735,426,470,6-speed manual,Rear Wheel Drive,4.7,290,11.5,4384,2024,1260,2601,1604
aston-martin,Aston Martin,V8 Vantage,V8 Vantage (2008),2008,2017,,4.7L V8 6MT RWD (426 HP),Gasoline,8,4735,426,469,6-manual speed,Rear Wheel Drive,4.9,290,13.9,4382,1867,1257,2604,1631
aston-martin,Aston Martin,V8 Vantage,V8 Vantage (2008),2008,2017,,4.7L V8 7AT RWD (426 HP),Gasoline,8,4735,426,469,7-speed automatic Sportshift,Rear Wheel Drive,4.9,290,12.8,4382,1867,1257,2604,1631
aston-martin,Aston Martin,V8 Vantage,V8 Vantage (2005),2005,2008,,4.3 V8,Gasoline,8,4280,380,410,"Manual, 6 Speed",Rear Wheel Drive,5,280,17.2,4384,1867,1255,2601,1570
aston-martin,Aston Martin,V8 Vantage,V8 Vantage (1999),1999,2000,,5.3 V8,Gasoline,8,5340,608,814,"Manual, 6 Speed",Rear Wheel Drive,4.3,322,,4745,1943,1331,2611,1970
aston-martin,Aston Martin,V8 Vantage,V8 Vantage (1996),1996,2000,,5.3 V8,Gasoline,8,5430,354,500,"Automatic, 4 Speed",Rear Wheel Drive,5.9,250,20.3,4750,1951,1331,2611,1950
aston-martin,Aston Martin,V8 Vantage,V8 Vantage (1993),1993,1998,,5.3L V8 6MT (557 HP),Gasoline,8,5431,557,745,6-Speed manual,Rear Wheel Drive,4.6,299,,4745,1923,1331,2611,1990
aston-martin,Aston Martin,V8 Vantage,V8 Vantage (1977),1977,1989,,5.3L V8 5MT (394 HP),Gasoline,8,5340,394,,5-Speed manual,Rear Wheel Drive,5.4,274,,4585,1829,1346,2611,1815
aston-martin,Aston Martin,V8 Vantage,V8 Vantage (1973),1973,1978,,5.3,Gasoline,8,5340,,,"Manual, 5 Speed",Rear Wheel Drive,,240,,4623,1829,1326,2611,1780
aston-martin,Aston Martin,V8 Vantage S,V8 Vantage S (2011),2011,2017,,4.7L V8 7AT (436 HP),Gasoline,8,4735,436,489,7-speed automatic,Rear Wheel Drive,4.8,306,10.7,4382,2022,1260,2601,1610
aston-martin,Aston Martin,V8 Vantage S,V8 Vantage S Roadster (2011),2011,2017,,4.7L V8 7AT (436 HP),Gasoline,8,4735,436,489,7-speed automatic,Rear Wheel Drive,4.8,304,10.7,4384,1867,1270,2604,1690
aston-martin,Aston Martin,V8 Volante,V8 Volante (2010),2010,2014,,4.7L V8 6MT (420 HP),Gasoline,8,4735,420,469,6-speed manual,Rear Wheel Drive,4.6,290,14.7,4382,1867,1270,2604,1683
aston-martin,Aston Martin,V8 Volante,V8 Volante (2008),2008,2012,,4.7L V8 6AT RWD (426 HP),Gasoline,8,4735,426,469,6-speed automatic,Rear Wheel Drive,4.5,290,13,4382,1867,1270,2604,1730
aston-martin,Aston Martin,V8 Volante,V8 Volante (2008),2008,2012,,4.7L V8 6MT RWD (426 HP),Gasoline,8,4735,426,469,6-speed manual,Rear Wheel Drive,4.9,290,13.9,4382,1867,1270,2604,1710
aston-martin,Aston Martin,V8 Volante,V8 Volante (2006),2006,2008,,4.3L V8 6MT RWD (385 HP),Gasoline,8,4280,385,410,6-speed manual,Rear Wheel Drive,5,280,15,4379,1864,1265,2601,1570
aston-martin,Aston Martin,V8 Volante,V8 Volante (1998),1998,2000,,5.3L V8 6MT RWD (557 HP),Gasoline,6,5340,556,745,6-Speed manual,Rear Wheel Drive,4.7,483,,4745,1923,1334,2611,1920
aston-martin,Aston Martin,V8 Volante,V8 Volante (1978),1978,1989,,5.3L V8 5MT RWD (305 HP),Gasoline,8,5341,305,434,5-Speed manual,Rear Wheel Drive,9.2,240,,4674,1829,1346,2611,1818
aston-martin,Aston Martin,Valhalla,Valhalla (2022),2022,,,4.0L V8 8AT (937 HP),Hybrid Gasoline,8,,937,,8-speed automatic DCT,Rear Wheel Drive,2.5,330,,,,,,
aston-martin,Aston Martin,Vanquish,Vanquish (2024),2024,,,5.2L V12 RWD (835 HP),Gasoline,12,,835,1000,,Rear Wheel Drive,,,,,,,,
aston-martin,Aston Martin,Vanquish,Vanquish (2012),2012,2018,,5.9L V12 (573 HP),Gasoline,12,5935,573,620,six-speed automatic (Touchtronic 2),Rear Wheel Drive,4.1,295,12,4719,2068,1280,2741,1739
aston-martin,Aston Martin,Vanquish,Vanquish (2001),2001,2006,,5.9L V12 5MT RWD (457 HP),Gasoline,12,5935,457,556,6-Speed manual,Rear Wheel Drive,4.7,306,16.7,4666,1923,1318,2690,1835
aston-martin,Aston Martin,Vanquish S,Vanquish S (2016),2016,2018,,5.9L V12 8AT RWD (580 HP),Gasoline,12,5935,588,630,8-speed automatic,Rear Wheel Drive,3.5,295,,4729,1910,1295,2741,1739
aston-martin,Aston Martin,Vanquish S,Vanquish S (2004),2004,2007,,5.9L V12 6AT RWD (530 HP),Gasoline,12,5935,530,578,6-speed automatic,Rear Wheel Drive,4.8,321,21,4666,1923,1318,2690,1875
aston-martin,Aston Martin,Vanquish Volante,Vanquish Volante (2025),2025,,,5.2L V12 8AT RWD (835 HP),Gasoline,12,5204,835,1000,8-speed automatic,Rear Wheel Drive,3.4,344,,4849,2045,12197,2885,1880
aston-martin,Aston Martin,Vanquish Volante,Vanquish Volante (2013),2013,2018,,6.0L V12 6AT (573 HP),Gasoline,12,5935,572,620,Touchtronic 2 six-speed automatic,Rear Wheel Drive,4.1,295,14.4,4727,2068,1293,2741,1844
aston-martin,Aston Martin,Vantage,Vantage Roadster (2020),2020,,,4.0L V8 8AT (510 HP),Gasoline,8,3982,510,685,8-speed automatic,Rear Wheel Drive,3.8,306,,4465,1943,1273,2705,1628
aston-martin,Aston Martin,Vantage GT12,Vantage GT12 (2015),2015,2016,,6.0L V12 7AT RWD (600 HP),Gasoline,12,5935,600,,7-speed automatic,Rear Wheel Drive,,,,,,,,1565
aston-martin,Aston Martin,Vantage GT8,Vantage GT8 (2016),2016,2017,,4.7L V8 6MT RWD (446 HP),Gasoline,8,4735,446,490,6-speed manual,Rear Wheel Drive,4.4,306,,4539,1923,1257,2601,1510
aston-martin,Aston Martin,Vantage GT8,Vantage GT8 (2016),2016,2017,,4.7L V8 7AT RWD (446 HP),Gasoline,8,4735,446,490,7-speed automatic,Rear Wheel Drive,4.4,306,,4539,1923,1257,2601,1510
aston-martin,Aston Martin,Virage,Virage (2011),2011,2012,,6.0L V12 6AT (496 HP),Gasoline,12,5935,496,569,6-speed automatic,Rear Wheel Drive,4.6,299,15,4704,1905,1283,2741,1785
aston-martin,Aston Martin,Virage,Virage (1988),1988,1995,,5.3L V8 4AT RWD (330 HP),Gasoline,8,5431,330,475,4-Speed automatic,Rear Wheel Drive,6.5,250,,4770,1869,1331,2611,1925
aston-martin,Aston Martin,Virage,Virage (1988),1988,1995,,5.3L V8 5MT RWD (330 HP),Gasoline,8,5431,330,475,5-Speed manual,Rear Wheel Drive,6.5,250,,4770,1869,1331,2611,1925
aston-martin,Aston Martin,Virage Volante,Virage Volante (2011),2011,2012,,6.0L V12 6AT (497 HP),Gasoline,12,5935,497,569,6-speed automatic,Rear Wheel Drive,4.6,299,15.7,4704,1905,1288,2741,1890
aston-martin,Aston Martin,Virage Volante,Virage Volante (1992),1992,1996,,5.3L V8 5MT RWD (330 HP),Gasoline,8,5341,330,465,5-Speed manual,Rear Wheel Drive,6.5,235,,4770,1869,1331,2611,1640
aston-martin,Aston Martin,Vulcan,Vulcan (2015),2015,2016,,7.0L V12 6AT RWD (800 HP),Gasoline,12,6999,800,,6-speed automatic,Rear Wheel Drive,3,362,,4808,2062,1234,,1350
bentley,Bentley,Arnage,Arnage (2005),2005,2009,,6.75L V8 4AT RWD (457 HP),Gasoline,8,6750,457,875,4-speed automatic,Rear Wheel Drive,5.8,270,20.6,5390,1930,1514,3117,2485
bentley,Bentley,Arnage,Arnage (2005),2005,2009,,6.75L V8 4AT (457 HP),Gasoline,8,6750,457,887,4-speed automatic,Rear Wheel Drive,5.8,270,20.6,5839,1933,1615,3566,2750
bentley,Bentley,Arnage,Arnage (2005),2005,2009,,6.75 V8 6AT (456 HP),Gasoline,8,6761,456,875,6-speed manual,Rear Wheel Drive,5.8,270,19.4,5390,1933,1514,3117,2585
bentley,Bentley,Arnage,Arnage (2002),2002,2005,,6.75L V8 6AT (507 HP),Gasoline,8,6761,507,1000,4-speed automatic,Rear Wheel Drive,5.5,288,19.4,5400,1933,1514,3117,2585
bentley,Bentley,Arnage,Arnage (1999),1999,2002,,6.75L V8 4AT (405 HP),Gasoline,8,6750,405,835,4-speed automatic,Rear Wheel Drive,6.3,250,19.1,5390,1933,1514,3117,2520
bentley,Bentley,Azure,Azure (2008),2008,2011,,6.8L V8 6AT RWD (507 HP),Gasoline,8,6761,507,1001,6-speed automatic,Rear Wheel Drive,5.2,288,19.6,5410,1900,1491,3117,2695
bentley,Bentley,Azure,Azure (2006),2006,2009,,6.75L V8 6AT RWD (457 HP),Gasoline,8,6761,456,875,6-speed automatic,Rear Wheel Drive,6.1,270,19.6,5400,1900,1491,3117,2695
bentley,Bentley,Azure,Azure (2006),2006,2009,,6.75L V8 6AT RWD (507 HP),Gasoline,8,6750,507,1000,6-speed automatic,Rear Wheel Drive,5.4,288,19.6,5400,1900,1491,3117,2695
bentley,Bentley,Azure,Azure (1995),1995,2002,,6.75L V8 4AT RWD (390 HP),Gasoline,8,6750,390,835,4-speed automatic,Rear Wheel Drive,6.7,240,17.8,5349,1877,1476,3061,2610
bentley,Bentley,Azure,Azure (1995),1995,2002,,6.75L V8 4AT RWD (408 HP),Gasoline,8,6750,408,800,4-speed automatic,Rear Wheel Drive,6.5,240,17.8,5349,1877,1476,3061,2610
bentley,Bentley,Azure,Azure (1995),1995,2002,,6.75L V8 4AT RWD (426 HP),Gasoline,8,6750,426,875,4-speed automatic,Rear Wheel Drive,6.2,245,18.7,5349,1877,1476,3061,2610
bentley,Bentley,Batur,Batur Convertible (2024),2024,,,6.0L W12 (750 HP),Gasoline,12,,750,,,,,,,,,,,
bentley,Bentley,Bentayga,Bentayga (2021),2021,,,4.0L V8 AWD (550 HP),Gasoline,8,,550,770,8-speed automatic,All Wheel Drive,4.5,290,,,,,,
bentley,Bentley,Bentayga,Bentayga (2020),2020,,,4.0L V8 8AT AWD (550 HP),Gasoline,8,3996,550,770,8-speed automatic,All Wheel Drive,4.5,290,13.3,5126,1999,1742,2995,2416
bentley,Bentley,Bentayga,Bentayga (2018),2018,2020,,3.0L V6 TFSi 8AT AWD (449 HP),Hybrid,6,2995,449,,8-speed automatic,All Wheel Drive,5.5,254,4.7,5141,1999,1727,2995,2619
bentley,Bentley,Bentayga,Bentayga (2015),2015,2020,,4.0L V8 8AT AWD (550 HP),Gasoline,8,3996,550,770,8-speed automatic,All Wheel Drive,4.5,290,11.4,5141,1999,1742,2992,2395
bentley,Bentley,Bentayga,Bentayga (2015),2015,2020,,6.0L W12 8AT AWD (608 HP),Gasoline,12,5950,608,900,8-speed automatic,All Wheel Drive,4.1,301,12.8,5141,1999,1742,2992,2422
bentley,Bentley,Bentayga,Bentayga (2015),2015,2020,,4.0L V8 8AT AWD (435 HP),Diesel,8,3956,435,900,8-speed automatic,All Wheel Drive,4.8,270,8,5141,1999,1742,2992,2499
bentley,Bentley,Bentayga Speed,Bentayga Speed (2025),2025,,,4.0L V8 AWD (650 HP),Gasoline,8,,650,850,,All Wheel Drive,3.5,311,,,,,,
bentley,Bentley,Bentayga Speed,Bentayga Speed (2020),2020,2025,,6.0L W12 TSI 8AT AWD (635 HP),Gasoline,12,5950,635,900,8-speed automatic,All Wheel Drive,3.9,306,14.3,5144,1999,1742,2995,2508
bentley,Bentley,Bentayga Speed,Bentayga Speed (2019),2019,2020,,6.0L V12 8AT AWD (635 HP),Gasoline,12,,635,900,8-Speed automatic,All Wheel Drive,3.9,306,14.7,5141,2223,1742,2992,2483
bentley,Bentley,Brooklands,Brooklands (2007),2007,2011,,6.75L V8 6AT RWD (537 HP),Gasoline,8,6761,537,1050,6-automatic speed,Rear Wheel Drive,5.3,296,18.7,5410,,1473,3117,2655
bentley,Bentley,Continental,Continental (2007),2007,2013,,4.0 V8 8AT (500 HP),Gasoline,8,3998,500,660,8-speed automatic transmission,All Wheel Drive,4.8,303,10.7,4803,1918,1379,2746,2295
bentley,Bentley,Continental,Continental (2007),2007,2013,,6.0 W12 6AT (610 HP),Gasoline,12,5998,610,750,6-speed automatic,All Wheel Drive,4.5,326,16.6,4803,1918,1379,2746,2350
bentley,Bentley,Continental,Continental (2003),2003,2010,,6.0L W12 6AT (560 HP),Gasoline,12,5998,560,650,6-speed automatic,All Wheel Drive,4.8,319,14.3,4803,1915,1389,2746,2385
bentley,Bentley,Continental,Continental (2003),2003,2010,,6.0L W12 6AT (610 HP),Gasoline,12,5998,610,750,6-speed automatic,All Wheel Drive,4.5,327,16.6,4803,1915,1389,2746,2385
bentley,Bentley,Continental,Continental (1996),1996,2002,,6.75L V8 4AT (405 HP),Gasoline,8,6750,405,750,4-speed automatic,Rear Wheel Drive,6.1,250,17.8,5222,1953,1463,2962,2450
bentley,Bentley,Continental,Continental (1996),1996,2002,,6.75L V8 4AT (426 CP),Gasoline,8,6750,426,887,4-speed automatic,Rear Wheel Drive,5.9,270,18.7,5222,1953,1463,2962,2450
bentley,Bentley,Continental,Continental (1991),1991,2003,,6.75L V8 4AT RWD (320 HP),Gasoline,8,6750,320,650,4-speed automatic,Rear Wheel Drive,6.9,233,17,5342,1877,1463,3061,2423
bentley,Bentley,Continental,Continental (1991),1991,2003,,6.75L V8 4AT RWD (385 HP),Gasoline,8,6750,390.3,750,4-speed automatic,Rear Wheel Drive,6.3,243,18.1,5349,1877,1463,3061,2450
bentley,Bentley,Continental,Continental (1991),1991,2003,,6.75L V8 4AT RWD (426 HP),Gasoline,8,6750,426,875,4-speed automatic,Rear Wheel Drive,5.8,270,18.1,5349,1877,1463,3061,2450
bentley,Bentley,Continental,Continental (1952),1952,1955,,4.6,Gasoline,6,4566,150,,"Manual, 4 Speed",Rear Wheel Drive,13.25,188,18.2,5245,1816,1676,3048,1880
bentley,Bentley,Continental Flying Spur,Continental Flying Spur (2009),2009,2013,,6.0L W12 6AT AWD (610 HP),Gasoline,12,5998,612,750,6-speed automatic,All Wheel Drive,4.8,322,14.7,5306,1918,1478,3066,2475
bentley,Bentley,Continental Flying Spur,Continental Flying Spur (2005),2005,2013,,6.0i W12 6AT AWD (610 HP),Gasoline,12,5998,610,750,6-speed automatic,All Wheel Drive,4.8,322,,5306,1918,1478,3066,2475
bentley,Bentley,Continental Flying Spur,Continental Flying Spur (2005),2005,2013,,6.0L W12 6AT (560 HP),Gasoline,12,5998,560,649,6-speed automatic,All Wheel Drive,5.2,312,17,5306,1918,1478,3066,2475
bentley,Bentley,Continental GT,Continental GT (2026),2026,,,4.0L V8 8AT AWD (680 HP),Plug-in Hybrid,8,3996,519,770,8-speed automatic DCT,All Wheel Drive,3.4,307,,4895,2187,1397,2850,2459
bentley,Bentley,Continental GT,Continental GT (2024),2024,,,4.0L V8 8AT AWD (782 HP),Hybrid Gasoline,8,3996,600,800,8-speed automatic,All Wheel Drive,3.2,335,,4895,1966,1397,2850,
bentley,Bentley,Continental GT,Continental GT (2021),2021,2024,,6.0L TSI W12 8AT AWD (659 HP),Gasoline,12,5950,659,900,8-speed automatic,All Wheel Drive,3.6,335,,4849,2187,1405,2850,2273
bentley,Bentley,Continental GT,Continental GT (2021),2021,2024,,GT S 4.0L V8 8AT RWD (550 HP),Gasoline,8,,550,770,8-speed automatic,Rear Wheel Drive,4,,,,,,,
bentley,Bentley,Continental GT,Continental GT (2021),2021,,,6.0L W12 8AT AWD (659 HP),Gasoline,12,5950,659,900,8-speed automatic,All Wheel Drive,3.7,335,,4849,2187,1400,2850,2436
bentley,Bentley,Continental GT,Continental GT (2019),2019,2024,,4.0L V8 8AT RWD (550 HP),Gasoline,8,,550,770,8-Speed automatic,Rear Wheel Drive,4,319,,,,,,
bentley,Bentley,Continental GT,Continental GT (2019),2019,2024,,4.0L V8 8AT RWD (550 HP),Gasoline,8,,550,770,8-Speed automatic,Rear Wheel Drive,4.1,319,,,,,,
bentley,Bentley,Continental GT,Continental GT (2017),2017,2024,,6.0 W12 8AT (635 HP),Gasoline,12,5998,635,90,8-speed automatic,All Wheel Drive,3.7,333,12.2,,,,,
bentley,Bentley,Continental GT,Continental GT (2017),2017,2018,,6.0L W12 8AT AWD (710 HP),Gasoline,12,5998,710,1017,8-speed automatic,All Wheel Drive,3.5,336,15.7,4806,1943,1394,2746,2280
bentley,Bentley,Continental GT,Continental GT (2015),2015,2017,,4.0L V8 8AT AWD (507 HP),Gasoline,8,3993,507,660,8-speed automatic,All Wheel Drive,4.8,306,10.6,4808,1948,1402,2746,2295
bentley,Bentley,Continental GT,Continental GT (2015),2015,2017,,4.0L V8 S 8AT AWD (528 HP),Gasoline,8,3993,528,680,8-speed automatic,All Wheel Drive,4.5,309,10.7,4808,1948,1402,2746,2295
bentley,Bentley,Continental GT,Continental GT (2015),2015,2017,,6.0L W12 8AT AWD (582 HP),Gasoline,12,5998,582,720,8-speed automatic,All Wheel Drive,4.5,319,14.2,4808,1948,1402,2746,2320
bentley,Bentley,Continental GT,Continental GT (2015),2015,2017,,Speed 6.0L W12 8AT AWD (635 HP),Gasoline,12,5998,642,840,8-speed automatic,All Wheel Drive,4.1,332,14.6,4818,1948,1392,2746,2320
bentley,Bentley,Continental GT,Continental GT (2013),2013,2015,,6.0L W12 8AT (575 HP),Gasoline,12,5998,575,700,8-speed automatic,All Wheel Drive,4.5,317,14.5,4806,2228,1405,2746,2320
bentley,Bentley,Continental GT,Continental GT (2013),2013,2015,,Speed 6.0L W12 8AT (635 HP),Gasoline,12,5998,635,820,8-speed automatic,All Wheel Drive,4.2,332,14.5,4806,2228,1405,2746,2320
bentley,Bentley,Continental GT,Continental GT (2013),2013,2015,,V8 4.0L V8 8AT (507 HP),Gasoline,8,3993,507,660,8-speed automatic,All Wheel Drive,4.8,303,8.8,4806,2228,1405,2746,2295
bentley,Bentley,Continental GT,Continental GT (2013),2013,2015,,V8 S 4.0L V8 8AT (528 HP),Gasoline,8,3993,528,681,8-speed automatic,All Wheel Drive,4.5,309,8.8,4806,2228,1405,2746,2295
bentley,Bentley,Continental GT,Continental GT (2011),2011,2013,,4.0L V8 AWD (500 HP),Gasoline,8,3998,507,660,8-speed automatic,All Wheel Drive,4.8,303,10.7,4806,1943,1405,2746,2295
bentley,Bentley,Continental GT,Continental GT (2011),2011,2013,,4.0L V8 AWD (529 HP),Gasoline,8,3998,529,681,8-speed automatic,All Wheel Drive,4.5,309,10.5,4806,1943,1405,2746,2295
bentley,Bentley,Continental GT,Continental GT (2011),2011,2013,,6.0L W12 AWD (575 HP),Gasoline,12,5998,575,700,6-speed automatic transmission with steering column-mounted paddleshift,All Wheel Drive,4.6,319,16.8,4806,1943,1405,2746,2320
bentley,Bentley,Continental GTC,Continental GTC (2026),2026,,,4.0L V8 8AT AWD (680 HP),Plug-in Hybrid,8,3996,519,770,8-speed automatic DCT,All Wheel Drive,3.7,307,,4895,2187,1392,2847,2636
bentley,Bentley,Continental GTC,Continental GTC (2024),2024,,,4.0L V8 PHEV 8AT AWD (782 HP),Plug-in Hybrid,8,3996,600,800,8-speed automatic DCT,All Wheel Drive,3.4,285,10.6,4895,1966,1392,2847,22636
bentley,Bentley,Continental GTC,Continental GTC (2018),2018,2024,,6.0L 8AT (635 HP),Gasoline,6,5950,635,900,8-Speed automatic,All Wheel Drive,3.8,333,12.4,4849,2187,1400,2850,2414
bentley,Bentley,Continental GTC,Continental GTC (2017),2017,2018,,6.0 W12 8AT (710 HP),Gasoline,12,5998,710,1017,8-speed automatic,All Wheel Drive,3.9,330,15.9,,,,,
bentley,Bentley,Continental GTC,Continental GTC (2015),2015,2018,,4.0L V8 8AT AWD (507 HP),Gasoline,8,3993,507,660,8-speed automatic,All Wheel Drive,5,301,10.9,4808,1948,1389,2746,2470
bentley,Bentley,Continental GTC,Continental GTC (2015),2015,2018,,4.0L V8 S 8AT AWD (528 HP),Gasoline,8,3993,528,680,8-speed automatic,All Wheel Drive,4.7,307,11.1,4818,1948,1389,2746,2470
bentley,Bentley,Continental GTC,Continental GTC (2015),2015,2018,,6.0L W12 8AT AWD (590 HP),Gasoline,12,5998,590,720,8-speed automatic,All Wheel Drive,4.7,315,14.3,4808,1948,1389,2746,2495
bentley,Bentley,Continental GTC,Continental GTC (2015),2015,2018,,Speed 6.0L W12 8AT AWD (642 HP),Gasoline,12,5998,642,840,8-speed automatic,All Wheel Drive,4.3,328,14.9,4818,1948,1389,2746,2495
bentley,Bentley,Continental GTC,Continental GTC (2012),2012,2015,,6.0L W12 8AT AWD (575 HP),Gasoline,12,5998,575,700,8-speed automatic,All Wheel Drive,4.7,314,12.4,4806,1943,1402,2746,2495
bentley,Bentley,Continental GTC,Continental GTC (2012),2012,2015,,Speed 6.0L W12 8AT AWD (635 HP),Gasoline,12,5998,635,820,8-speed automatic,All Wheel Drive,4.4,327,12.4,4806,1943,1402,2746,2495
bentley,Bentley,Continental GTC,Continental GTC (2012),2012,2015,,V8 4.0L V8 8AT AWD (507 HP),Gasoline,8,3993,507,660,8-speed automatic,All Wheel Drive,5,301,9.1,4806,1943,1402,2746,2470
bentley,Bentley,Continental GTC,Continental GTC (2012),2012,2015,,V8 S 4.0L V8 8AT AWD (528 HP),Gasoline,8,3993,529,681,8-speed automatic,All Wheel Drive,4.6,307,9.1,4806,1943,1402,2746,2470
bentley,Bentley,Continental GTC,Continental GTC (2011),2011,2013,,4.0L V8 8AT AWD (500 HP),Gasoline,8,3998,507,660,8-speed automatic,All Wheel Drive,5,301,10.7,4806,1943,1402,2746,2470
bentley,Bentley,Continental GTC,Continental GTC (2011),2011,2013,,4.0L V8 8AT AWD (529 HP),Gasoline,8,3993,529,681,8-speed automatic,All Wheel Drive,4.7,307,10.9,4806,1943,1402,2746,2470
bentley,Bentley,Continental GTC,Continental GTC (2011),2011,2013,,6.0L W12 6AT AWD (575 HP),Gasoline,12,5998,575,700,6-speed automatic,All Wheel Drive,4.8,314,16.8,4806,1943,1405,2746,2495
bentley,Bentley,Continental GTC,Continental GTC (2011),2011,2013,,6.0L W12 8AT AWD (635 HP),Gasoline,12,5998,635,820,8-speed automatic,All Wheel Drive,4.4,327,14.9,4806,1943,1402,2746,2570
bentley,Bentley,Continental GTC,Continental GTC (2009),2009,2013,,6.0L W12 6AT AWD (610 HP),Gasoline,12,5998,610,750,6-speed automatic,All Wheel Drive,4.8,322,16.6,4803,1918,1397,2746,2485
bentley,Bentley,Continental GTC,Continental GTC (2006),2006,2009,,6.0L W12 6MT (560 HP),Gasoline,12,5998,560,650,6-speed automatic,All Wheel Drive,5.1,312,14.3,4808,1918,1397,2746,2475
bentley,Bentley,Flying Spur,Flying Spur (2026),2026,,,4.0L V8 TFSI PHEV 8AT AWD (680 HP),Plug-in Hybrid,8,3996,519,770,8-speed automatic DCT,All Wheel Drive,3.9,270,,315,1986,1473,3193,
bentley,Bentley,Flying Spur,Flying Spur (2024),2024,,,4.0L V8 AWD (782 HP),Hybrid Gasoline,8,,600,600,,All Wheel Drive,,140,,,,,,
bentley,Bentley,Flying Spur,Flying Spur (2014),2014,2019,,4.0L V8 8AT AWD (507 HP),Gasoline,8,3993,507,659,8-speed automatic,All Wheel Drive,5.2,295,10.9,5298,2207,1488,3066,2425
bentley,Bentley,Flying Spur,Flying Spur (2014),2014,2019,,6.0L W12 8AT AWD (625 HP),Gasoline,12,5998,625,800,8-speed automatic,All Wheel Drive,4.6,322,14.7,5298,2207,1488,3066,2475
bentley,Bentley,Flying Spur,Flying Spur (2014),2014,2019,,S 4.0L V8 8AT AWD (528 HP),Gasoline,8,3993,528,680,8-speed automatic,All Wheel Drive,4.9,306,10.9,5298,2207,1488,3066,2417
bentley,Bentley,Flying Spur,Flying Spur (2014),2014,2019,,S 6.0L W12 8AT AWD (635 HP),Gasoline,12,5998,635,820,8-speed automatic,All Wheel Drive,4.5,325,14.7,5298,2207,1488,3066,2475
bentley,Bentley,Mulliner,Mulliner (2022),2022,2023,,W12 8AT (731 HP),Gasoline,12,,731,1000,8-speed automatic,,,,,,,,,
bentley,Bentley,Mulliner,Mulliner (2020),2020,2021,,6.0L W12 TSI 8AT AWD (659 HP),Gasoline,12,5950,659,900,8-speed automatic,All Wheel Drive,,,,,,,,
bentley,Bentley,Mulsanne,Mulsanne (2016),2016,2020,,6.75L V8 8AT RWD (512 HP),Gasoline,8,6752,512,1020,8-speed automatic,Rear Wheel Drive,5.3,296,18.1,5575,1925,1521,3266,2711
bentley,Bentley,Mulsanne,Mulsanne (2016),2016,2020,,6.75L V8 8AT RWD (512 HP),Gasoline,8,6752,512,1020,8-speed automatic,Rear Wheel Drive,5.5,296,15,5824,2207,1542,3266,2730
bentley,Bentley,Mulsanne,Mulsanne (2016),2016,2020,,Speed 6.75L V8 8AT RWD (537 HP),Gasoline,8,6752,537,1100,8-speed automatic,Rear Wheel Drive,4.9,306,18.1,5575,1925,1521,3266,2711
bentley,Bentley,Mulsanne,Mulsanne (2009),2009,2016,,6.75L V8 8AT RWD (512 HP),Gasoline,8,6750,513,1020,8-speed automatic,Rear Wheel Drive,5.3,296,14.6,5575,2207,1521,3266,2685
bentley,Bentley,Mulsanne,Mulsanne (2009),2009,2016,,Speed 6.75L V8 8AT RWD (537 HP),Gasoline,8,6752,537,1100,8-speed automatic,Rear Wheel Drive,4.8,306,14.6,5575,2207,1521,3266,2685
bentley,Bentley,T1,T1 (1965),1965,1976,,6.2L V8 3AT (195 HP),Gasoline,8,6223,195,,3-speed automatic,Rear Wheel Drive,10.9,190,,5169,1831,1514,3035,2060
bentley,Bentley,T2,T2 (1977),1977,1980,,6.75 V8,Gasoline,8,6750,,,"Automatic, 3 Speed",Rear Wheel Drive,10.9,190,,5169,1803,1514,3051,2116
bmw,BMW,1 Series,1 Series (2024),2024,,,M135 xDrive 7AT AWD (300 HP),Gasoline,4,1998,300,400,7-speed automatic Steptronic DCT,Front Wheel Drive,4.9,249,8.1,4361,1801,1458,2670,
bmw,BMW,1 Series,1 Series (2024),2024,,,120 MHEV 7AT FWD (156 HP),Mild Hybrid,4,1499,156,240,7-speed automatic Steptronic DCT,Front Wheel Drive,7.8,225,6,4361,1801,1458,2670,
bmw,BMW,1 Series,1 Series (2019),2019,2024,,118i 6MT FWD (140 HP),Gasoline,4,1499,140,220,6-manual spped,Front Wheel Drive,8.5,212,5.7,4318,1798,1435,2670,1320
bmw,BMW,1 Series,1 Series (2019),2019,2024,,118i 7AT FWD (140 HP),Gasoline,4,1499,140,220,7-automatic speed,Front Wheel Drive,,212,5,4318,1798,1435,2670,1365
bmw,BMW,1 Series,1 Series (2019),2019,2024,,128ti 8AT FWD (265 HP),Gasoline,4,1998,265,400,8-speed automatic Steptronic,Rear Wheel Drive,6.1,249,6.4,4318,1798,1435,2670,1520
bmw,BMW,1 Series,1 Series (2019),2019,2024,,M135i xDrive 8AT AWD (306 HP),Gasoline,4,1998,306,450,8-automatic speed Steptronic Sport,All Wheel Drive,4.8,249,7.1,4318,1798,1435,2670,1600
bmw,BMW,1 Series,1 Series (2019),2019,2024,,116d 6MT FWD (116 HP),Diesel,4,1496,116,270,6-speed manual,Front Wheel Drive,10.3,200,4.2,4318,1798,1435,2670,1385
bmw,BMW,1 Series,1 Series (2019),2019,2024,,116d 7AT FWD (116 HP),Diesel,4,1496,116,270,7-speed manual Steptronic,Front Wheel Drive,10.1,200,3.8,4318,1798,1435,2670,1450
bmw,BMW,1 Series,1 Series (2019),2019,2024,,118d 6MT FWD (150 HP),Diesel,4,1995,150,350,6-speed manual,Front Wheel Drive,8.5,217,4.4,4318,1798,1435,2670,1475
bmw,BMW,1 Series,1 Series (2019),2019,2024,,118d 8AT FWD (150 HP),Diesel,4,1995,150,350,8-speed automatic Steptronic,Front Wheel Drive,8.4,216,4.1,4318,1798,1435,2670,1505
bmw,BMW,1 Series,1 Series (2019),2019,2024,,120d xDrive 8AT AWD (190 HP),Diesel,4,1995,190,400,8-speed automatic Steptronic,Front Wheel Drive,7,230,4.7,4318,1798,1435,2670,1590
bmw,BMW,1 Series,1 Series (2017),2017,2019,,116i 6MT RWD (109 HP),Gasoline,3,1499,109,180,6-speed manual,Rear Wheel Drive,10.9,195,5,4328,1765,1420,2690,1380
bmw,BMW,1 Series,1 Series (2017),2017,2019,,118i 6MT RWD (136 HP),Gasoline,3,1499,136,220,6-speed manual,Rear Wheel Drive,8.5,209,5,4328,1765,1420,2690,1380
bmw,BMW,1 Series,1 Series (2017),2017,2019,,118i 8AT RWD (136 HP),Gasoline,3,1499,136,220,8-speed automatic (Steptronic),Rear Wheel Drive,8.7,209,4.8,4328,1765,1420,2690,1395
bmw,BMW,1 Series,1 Series (2017),2017,2019,,120i 6MT RWD (184 HP),Gasoline,4,1998,184,290,6-speed manual,Rear Wheel Drive,7.1,230,5.7,4328,1765,1420,2690,1445
bmw,BMW,1 Series,1 Series (2017),2017,2019,,120i 8AT RWD (184 HP),Gasoline,4,1998,184,290,8-speed automatic (Steptronic),Rear Wheel Drive,7.1,225,5.5,4328,1765,1420,2690,1455
bmw,BMW,1 Series,1 Series (2017),2017,2019,,125i 8AT RWD (224 HP),Gasoline,4,1998,224,310,8-speed automatic (Steptronic),Rear Wheel Drive,6.1,243,5.7,4328,1765,1420,2690,1475
bmw,BMW,1 Series,1 Series (2017),2017,2019,,M140i 8AT RWD (340 HP),Gasoline,6,2998,340,500,8-speed automatic (Steptronic),Rear Wheel Drive,4.6,249,7.1,4328,1765,1420,2690,1525
bmw,BMW,1 Series,1 Series (2017),2017,2019,,M140i xDrive 8AT AWD (340 HP),Gasoline,6,2998,340,500,8-speed automatic (Steptronic),All Wheel Drive,4.4,249,7.4,4328,1765,1420,2690,1615
bmw,BMW,1 Series,1 Series (2017),2017,2019,,116d 6MT RWD (116 HP),Diesel,3,1469,116,270,6-speed manual,Rear Wheel Drive,10.3,200,3.7,4328,1765,1420,2690,1395
bmw,BMW,1 Series,1 Series (2017),2017,2019,,116d 8AT RWD (116 HP),Diesel,3,1469,116,270,8-speed automatic (Steptronic),Rear Wheel Drive,10.3,200,3.6,4328,1765,1420,2690,1425
bmw,BMW,1 Series,1 Series (2017),2017,2019,,116d EfficientDynamics 6MT RWD (116 HP),Diesel,3,1469,116,270,6-speed manual,Rear Wheel Drive,10.4,195,3.7,4328,1765,1420,2690,1395
bmw,BMW,1 Series,1 Series (2017),2017,2019,,118d 6MT RWD (150 HP),Diesel,4,1995,150,320,6-speed manual,Rear Wheel Drive,8.3,212,4,4328,1765,1420,2690,1425
bmw,BMW,1 Series,1 Series (2017),2017,2019,,118d 8AT RWD (150 HP),Diesel,4,1995,150,320,8-speed automatic (Steptronic),Rear Wheel Drive,8.1,212,3.8,4328,1765,1420,2690,1450
bmw,BMW,1 Series,1 Series (2017),2017,2019,,118d xDrive 6MT AWD (150 HP),Diesel,4,1995,150,320,6-speed manual,All Wheel Drive,8.4,209,4.3,4328,1765,1420,2690,1505
bmw,BMW,1 Series,1 Series (2017),2017,2019,,120d 6MT RWD (190 HP),Diesel,4,1995,190,400,6-speed manual,Rear Wheel Drive,7.1,229,4.1,4328,1765,1420,2690,1450
bmw,BMW,1 Series,1 Series (2017),2017,2019,,120d 8AT RWD (190 HP),Diesel,4,1995,190,400,8-speed automatic (Steptronic),Rear Wheel Drive,7,229,3.9,4328,1765,1420,2690,1465
bmw,BMW,1 Series,1 Series (2017),2017,2019,,120d xDrive 8AT AWD (190 HP),Diesel,4,1995,190,400,8-speed automatic (Steptronic),All Wheel Drive,6.8,222,4.3,4328,1765,1420,2690,1530
bmw,BMW,1 Series,1 Series (2017),2017,2019,,125d 8AT RWD (224 HP),Diesel,4,1995,224,450,8-speed automatic (Steptronic),Rear Wheel Drive,6.3,240,4.3,4328,1765,1420,2690,1505
bmw,BMW,1 Series,1 Series (2015),2015,2017,,116i 6MT RWD (109 HP),Gasoline,3,1499,109,180,6-speed manual,Rear Wheel Drive,10.9,195,,4328,1765,1420,2690,1305
bmw,BMW,1 Series,1 Series (2015),2015,2017,,118i 6MT RWD (136 HP),Gasoline,4,1598,136,220,6-speed manual,Rear Wheel Drive,8.5,209,5.4,4328,1765,1420,2690,1300
bmw,BMW,1 Series,1 Series (2015),2015,2017,,118i 8AT RWD (136 HP),Gasoline,4,1598,136,220,8-speed automatic,Rear Wheel Drive,8.7,209,5.6,4328,1765,1420,2690,1320
bmw,BMW,1 Series,1 Series (2015),2015,2017,,120i 6MT RWD (177 HP),Gasoline,4,1598,177,249,6-speed manual,Rear Wheel Drive,7.4,225,5.7,4328,1765,1420,2690,1305
bmw,BMW,1 Series,1 Series (2015),2015,2017,,120i 8AT RWD (177 HP),Gasoline,4,1598,177,249,8-speed automatic,Rear Wheel Drive,7.2,222,5.6,4328,1765,1420,2690,1320
bmw,BMW,1 Series,1 Series (2015),2015,2017,,125i 6MT RWD (218 HP),Gasoline,4,1997,218,310,6-speed manual,Rear Wheel Drive,6.4,245,6.6,4328,1765,1420,2690,1355
bmw,BMW,1 Series,1 Series (2015),2015,2017,,125i 8AT RWD (218 HP),Gasoline,4,1997,218,310,8-speed automatic,Rear Wheel Drive,6.2,243,6.3,4328,1765,1420,2690,1375
bmw,BMW,1 Series,1 Series (2015),2015,2017,,M135i 6MT RWD (326 HP),Gasoline,6,2979,326,450,6-speed manual,Rear Wheel Drive,5.1,249,6.3,4328,1765,1420,2690,1430
bmw,BMW,1 Series,1 Series (2015),2015,2017,,M135i 8AT RWD (326 HP),Gasoline,6,2979,326,450,8-speed automatic,Rear Wheel Drive,4.9,249,7.5,4328,1765,1420,2690,1450
bmw,BMW,1 Series,1 Series (2015),2015,2017,,M135i xDrive 8AT AWD (326 HP),Gasoline,6,2979,326,450,8-speed automatic,All Wheel Drive,4.7,249,7.8,4328,1765,1420,2690,1520
bmw,BMW,1 Series,1 Series (2015),2015,2017,,M140i 6MT RWD (340 HP),Gasoline,6,2998,340,500,6-speed manual,Rear Wheel Drive,4.8,249,7.8,4323,1765,1412,2690,1525
bmw,BMW,1 Series,1 Series (2015),2015,2017,,M140i 8AT RWD (340 HP),Gasoline,6,2998,340,500,8-speed automatic (Steptronic),Rear Wheel Drive,4.6,249,7.1,4323,1765,1412,2690,1550
bmw,BMW,1 Series,1 Series (2015),2015,2017,,M140i xDrive 8AT AWD (340 HP),Gasoline,6,2998,340,500,8-speed automatic (Steptronic),All Wheel Drive,4.4,249,7.4,4323,1765,1412,2690,1615
bmw,BMW,1 Series,1 Series (2015),2015,2017,,116d 6MT RWD (116 HP),Diesel,3,1496,116,270,6-speed manual,Rear Wheel Drive,10.3,200,3.7,4328,1765,1420,2690,1320
bmw,BMW,1 Series,1 Series (2015),2015,2017,,116d 8AT RWD (116 HP),Diesel,3,1496,116,270,8-speed automatic,Rear Wheel Drive,10.3,200,3.6,4328,1765,1420,2690,1350
bmw,BMW,1 Series,1 Series (2015),2015,2017,,116d Efficient Dinamics 6MT RWD (116 HP),Diesel,3,1496,116,270,6-speed manual,Rear Wheel Drive,10.4,195,3.4,4328,1765,1420,2690,1320
bmw,BMW,1 Series,1 Series (2015),2015,2017,,118d 6MT RWD (150 HP),Diesel,4,1995,150,320,6-speed manual,Rear Wheel Drive,8.3,212,4.1,4328,1765,1420,2690,1350
bmw,BMW,1 Series,1 Series (2015),2015,2017,,118d 8AT RWD (150 HP),Diesel,4,1995,150,320,8-speed automatic,Rear Wheel Drive,8.1,212,4.1,4328,1765,1420,2690,1375
bmw,BMW,1 Series,1 Series (2015),2015,2017,,118d xDrive 6MT AWD (150 HP),Diesel,4,1995,150,320,6-speed manual,All Wheel Drive,8.4,209,4.3,4328,1765,1420,2690,1425
bmw,BMW,1 Series,1 Series (2015),2015,2017,,120d 6MT RWD (190 HP),Diesel,4,1995,189,400,6-speed manual,Rear Wheel Drive,7.1,229,4.1,4328,1765,1420,2690,1375
bmw,BMW,1 Series,1 Series (2015),2015,2017,,120d 8AT RWD (190 HP),Diesel,4,1995,189,400,8-speed automatic,Rear Wheel Drive,7,229,3.9,4328,1765,1420,2690,1375
bmw,BMW,1 Series,1 Series (2015),2015,2017,,120d xDrive 8AT AWD (190 HP),Diesel,4,1995,189,400,8-speed automatic,All Wheel Drive,6.8,222,4.3,4328,1765,1420,2690,1455
bmw,BMW,1 Series,1 Series (2015),2015,2017,,125d 8AT RWD (224 HP),Diesel,4,1995,224,450,8-speed automatic,Rear Wheel Drive,6.3,240,4.3,4328,1765,1420,2690,1430
bmw,BMW,1 Series,1 Series (2011),2011,2015,,114i 6MT RWD (102 HP),Gasoline,4,1598,102,180,6-speed manual,Rear Wheel Drive,11.2,192,5.5,4323,1984,1440,2690,1290
bmw,BMW,1 Series,1 Series (2011),2011,2015,,116i 6MT RWD (136 HP),Gasoline,4,1598,136,240,6-speed manual,Rear Wheel Drive,8.5,209,5.5,4323,1984,1440,2690,1295
bmw,BMW,1 Series,1 Series (2011),2011,2015,,116i 8AT RWD (136 HP),Gasoline,4,1598,136,201,Eight-speed automatic with Steptronic,Rear Wheel Drive,8.7,209,5.7,4323,1984,1440,2690,1385
bmw,BMW,1 Series,1 Series (2011),2011,2015,,118i 6MT RWD (170 HP),Gasoline,4,1598,173,249,6-speed manual,Rear Wheel Drive,7.4,225,5.7,4323,1984,1440,2690,1295
bmw,BMW,1 Series,1 Series (2011),2011,2015,,118i 8AT RWD (170 HP),Gasoline,4,1598,173,249,Eight-speed automatic with Steptronic,Rear Wheel Drive,7.2,222,5.7,4323,1984,1440,2690,1390
bmw,BMW,1 Series,1 Series (2011),2011,2015,,125i 6MT RWD (218 HP),Gasoline,4,1997,218,310,6-speed manual,Rear Wheel Drive,6.4,245,6.5,4323,1984,1440,2690,1345
bmw,BMW,1 Series,1 Series (2011),2011,2015,,125i 8AT RWD (218 HP),Gasoline,4,1997,218,310,Eight-speed automatic with Steptronic,Rear Wheel Drive,6.2,243,6.4,4323,1984,1440,2690,1440
bmw,BMW,1 Series,1 Series (2011),2011,2015,,M135i 6MT RWD (320 HP),Gasoline,6,2979,321,450,6-speed manual,Rear Wheel Drive,5.1,249,8.1,4341,1765,1412,2690,1505
bmw,BMW,1 Series,1 Series (2011),2011,2015,,M135i 8AT RWD (320 HP),Gasoline,6,2979,321,450,8-speed automatic,Rear Wheel Drive,4.9,249,7.6,4341,1765,1412,2690,1520
bmw,BMW,1 Series,1 Series (2011),2011,2015,,M135i xDrive 8AT AWD (320 HP),Gasoline,6,2979,321,450,8-speed automatic,All Wheel Drive,4.7,249,7.8,4341,1765,1412,2690,1520
bmw,BMW,1 Series,1 Series (2011),2011,2015,,114d 6MT RWD (95 HP),Diesel,4,1598,95,235,6 speed manual,Rear Wheel Drive,12.2,185,4.1,4323,1984,1440,2690,1340
bmw,BMW,1 Series,1 Series (2011),2011,2015,,116d 6MT EfficientDynamics RWD (114 HP),Diesel,4,1598,116,260,6-speed manual,Rear Wheel Drive,10.5,195,3.8,4323,1984,1440,2690,1310
bmw,BMW,1 Series,1 Series (2011),2011,2015,,116d 6MT RWD (114 HP),Diesel,4,1598,116,260,6-speed manual,Rear Wheel Drive,10.3,200,4.5,4323,1984,1440,2690,1310
bmw,BMW,1 Series,1 Series (2011),2011,2015,,116d AT RWD (116 HP),Diesel,4,1598,116,260,Eight-speed automatic with Steptronic,Rear Wheel Drive,10.3,200,4.5,4323,1984,1440,2690,1420
bmw,BMW,1 Series,1 Series (2011),2011,2015,,118d 6MT RWD (143 HP),Diesel,4,1995,143,320,6-speed manual,Rear Wheel Drive,8.9,212,4.4,4323,1984,1440,2690,1310
bmw,BMW,1 Series,1 Series (2011),2011,2015,,118d 8AT RWD (143 HP),Diesel,4,1995,143,320,Eight-speed automatic with Steptronic,Rear Wheel Drive,8.6,212,4.5,4323,1984,1440,2690,1420
bmw,BMW,1 Series,1 Series (2011),2011,2015,,118d xDrive 6MT AWD (143 HP),Diesel,4,1995,143,320,6-speed manual,All Wheel Drive,8.9,209,4.6,4323,1984,1440,2690,1415
bmw,BMW,1 Series,1 Series (2011),2011,2015,,120d 6MT RWD (185),Diesel,4,1995,185,380,6-speed manual,Rear Wheel Drive,7.3,229,4.5,4323,1984,1440,2690,1310
bmw,BMW,1 Series,1 Series (2011),2011,2015,,120d 8AT RWD (184 HP),Diesel,4,1995,184,380,Eight-speed automatic with Steptronic,Rear Wheel Drive,7.1,229,4.5,4323,1984,1440,2690,1440
bmw,BMW,1 Series,1 Series (2011),2011,2015,,120d xDrive 6MT AWD (184 HP),Diesel,4,1995,185,380,6-speed manual,All Wheel Drive,7.2,225,4.7,4323,1984,1440,2690,1310
bmw,BMW,1 Series,1 Series (2011),2011,2015,,125d 6MT RWD (218 HP),Diesel,4,1995,218,450,6-speed manual,Rear Wheel Drive,6.5,240,4.9,4323,1984,1440,2690,1390
bmw,BMW,1 Series,1 Series (2011),2011,2015,,125d 8AT RWD (218 HP),Diesel,4,1995,218,450,Eight-speed automatic with Steptronic,Rear Wheel Drive,6.3,240,4.8,4323,1984,1440,2690,1480
bmw,BMW,1 Series,1 Series (2007),2007,2011,,116i 6AT RWD (115 HP),Gasoline,4,1596,116,150,6-speed automatic,Rear Wheel Drive,11.2,203,6.6,4227,1933,1430,2659,1275
bmw,BMW,1 Series,1 Series (2007),2007,2011,,116i 6MT RWD (115 HP),Gasoline,4,1596,116,150,6-speed manual,Rear Wheel Drive,10.9,200,7.5,4227,1933,1430,2659,1220
bmw,BMW,1 Series,1 Series (2007),2007,2011,,118i 6AT RWD (143 HP),Gasoline,4,1995,143,190,6-speed automatic,Rear Wheel Drive,9.3,209,6.6,4227,1933,1430,2659,1275
bmw,BMW,1 Series,1 Series (2007),2007,2011,,118i 6MT RWD (143 HP),Gasoline,4,1995,143,190,6-speed manual,Rear Wheel Drive,8.7,209,6,4227,1933,1430,2659,1250
bmw,BMW,1 Series,1 Series (2007),2007,2011,,120i 6AT RWD (170 HP),Gasoline,4,1995,170,210,6-speed automatic,Rear Wheel Drive,8.4,222,6.3,4227,1933,1430,2659,1295
bmw,BMW,1 Series,1 Series (2007),2007,2011,,120i 6MT RWD (170 HP),Gasoline,4,1995,170,210,6-speed manual,Rear Wheel Drive,7.8,224,6.4,4227,1933,1430,2659,1275
bmw,BMW,1 Series,1 Series (2007),2007,2011,,130i 6AT RWD (265 HP),Gasoline,6,2996,265,315,6-speed automatic,Rear Wheel Drive,6.3,250,8.3,4227,1933,1430,2659,1385
bmw,BMW,1 Series,1 Series (2007),2007,2011,,130i 6MT RWD (265 HP),Gasoline,6,2996,265,315,6-speed manual,Rear Wheel Drive,6.1,250,8.3,4227,1933,1430,2659,1360
bmw,BMW,1 Series,1 Series (2007),2007,2011,,116d 6MT RWD (115 HP),Diesel,4,1995,116,260,6-speed manual,Rear Wheel Drive,10.2,200,4.5,4239,1748,1420,2659,1280
bmw,BMW,1 Series,1 Series (2007),2007,2011,,118d 6AT RWD (143 HP),Diesel,4,1995,143,300,6-speed automatic,Rear Wheel Drive,9.1,209,5.4,4227,1933,1430,2659,1320
bmw,BMW,1 Series,1 Series (2007),2007,2011,,118d 6MT RWD (143 HP),Diesel,4,1995,143,300,6-speed manual,Rear Wheel Drive,9,209,5.6,4227,1933,1430,2659,1295
bmw,BMW,1 Series,1 Series (2007),2007,2011,,120d 6AT RWD (177 HP),Diesel,4,1995,177,350,6-speed automatic,Rear Wheel Drive,7.7,225,5,4227,1933,1430,2659,1355
bmw,BMW,1 Series,1 Series (2007),2007,2011,,120d 6MT RWD (177 HP),Diesel,4,1995,177,350,6-speed manual,Rear Wheel Drive,7.6,229,4.8,4227,1933,1430,2659,1350
bmw,BMW,1 Series,1 Series (2007),2007,2011,,123d 6AT RWD (204 HP),Diesel,4,1995,204,400,6-speed automatic,Rear Wheel Drive,7.1,237,5.5,4227,1933,1430,2659,1395
bmw,BMW,1 Series,1 Series (2007),2007,2011,,123d 6MT RWD (204 HP),Diesel,4,1995,204,400,6-speed manual,Rear Wheel Drive,7,238,5.2,4227,1933,1430,2659,1395
bmw,BMW,1 Series,1 Series (2004),2004,2007,,116i 5MT RWD (115 HP),Gasoline,4,1596,116,150,5-speed manual,Rear Wheel Drive,10.7,200,7.5,4227,1933,1430,2659,1180
bmw,BMW,1 Series,1 Series (2004),2004,2007,,118i 6AT RWD (129 HP),Gasoline,4,1995,129,180,6-speed automatic,Rear Wheel Drive,9.5,208,7.4,4227,1933,1430,2659,1235
bmw,BMW,1 Series,1 Series (2004),2004,2007,,118i 6MT RWD (129 HP),Gasoline,4,1995,129,180,6-speed manual,Rear Wheel Drive,9.4,208,7.3,4227,1933,1430,2659,1225
bmw,BMW,1 Series,1 Series (2004),2004,2007,,120i 6AT RWD (150 HP),Gasoline,4,1995,150,200,6-speed automatic,Rear Wheel Drive,8.4,212,7.9,4227,1933,1430,2659,1250
bmw,BMW,1 Series,1 Series (2004),2004,2007,,120i 6MT RWD (150 HP),Gasoline,4,1995,150,200,6-speed manual,Rear Wheel Drive,8.7,217,7.4,4227,1933,1430,2659,1235
bmw,BMW,1 Series,1 Series (2004),2004,2007,,130i 6AT RWD (265 HP),Gasoline,6,2996,265,315,6-speed automatic,Rear Wheel Drive,6.3,249,9.4,4227,1933,1430,2659,1365
bmw,BMW,1 Series,1 Series (2004),2004,2007,,130i 6MT RWD (265 HP),Gasoline,6,2996,265,315,6-speed manual,Rear Wheel Drive,6.1,250,9.2,4227,1933,1430,2659,1350
bmw,BMW,1 Series,1 Series (2004),2004,2007,,118d 6MT RWD (122 HP),Diesel,4,1995,121,280,6-speed manual,Rear Wheel Drive,10,201,5.6,4227,1933,1430,2659,1285
bmw,BMW,1 Series,1 Series (2004),2004,2007,,120d 6AT RWD (163 HP),Diesel,4,1995,163,340,6-speed automatic,Rear Wheel Drive,8.2,217,6.6,4227,1933,1430,2659,1325
bmw,BMW,1 Series,1 Series (2004),2004,2007,,120d 6MT RWD (163 HP),Diesel,4,1995,163,340,6-speed manual,Rear Wheel Drive,7.9,220,5.7,4227,1933,1430,2659,1315
bmw,BMW,1 Series,1 Series 3 doors (2017),2017,2019,,116i 6MT RWD (109 HP),Gasoline,3,1499,109,180,6-speed manual,Rear Wheel Drive,10.9,195,5,4328,1765,1420,2690,1375
bmw,BMW,1 Series,1 Series 3 doors (2017),2017,2019,,118i 6MT RWD (136 HP),Gasoline,3,1499,136,220,6-speed manual,Rear Wheel Drive,8.5,209,5,4328,1765,1420,2690,1375
bmw,BMW,1 Series,1 Series 3 doors (2017),2017,2019,,118i 8AT RWD (136 HP),Gasoline,3,1499,136,220,8-speed automatic (Steptronic),Rear Wheel Drive,8.7,209,4.8,4328,1765,1420,2690,1390
bmw,BMW,1 Series,1 Series 3 doors (2017),2017,2019,,120i 6MT RWD (184 HP),Gasoline,4,1998,184,290,6-speed manual,Rear Wheel Drive,7.1,230,5.7,4328,1765,1420,2690,1440
bmw,BMW,1 Series,1 Series 3 doors (2017),2017,2019,,120i 8AT RWD (184 HP),Gasoline,4,1998,184,270,8-speed automatic (Steptronic),Rear Wheel Drive,7.1,225,5.5,4328,1765,1420,2690,1450
bmw,BMW,1 Series,1 Series 3 doors (2017),2017,2019,,125i 8AT RWD (224 HP),Gasoline,4,1998,224,310,8-speed automatic (Steptronic),Rear Wheel Drive,6.1,243,5.7,4328,1765,1420,2690,1475
bmw,BMW,1 Series,1 Series 3 doors (2017),2017,2019,,M140i 8AT RWD (340 HP),Gasoline,6,2998,340,500,8-speed automatic (Steptronic),Rear Wheel Drive,4.6,249,7.1,4328,1765,1420,2690,1545
bmw,BMW,1 Series,1 Series 3 doors (2017),2017,2019,,M140i xDrive 8AT AWD (340 HP),Gasoline,6,2998,340,500,8-speed automatic (Steptronic),All Wheel Drive,4.4,249,7.4,4328,1765,1420,2690,1615
bmw,BMW,1 Series,1 Series 3 doors (2017),2017,2019,,116d 6MT RWD (116 HP),Diesel,3,1496,116,270,6-speed manual,Rear Wheel Drive,10.3,200,3.7,4328,1765,1420,2690,1395
bmw,BMW,1 Series,1 Series 3 doors (2017),2017,2019,,116d 8AT RWD (116 HP),Diesel,3,1496,116,270,8-speed automatic (Steptronic),Rear Wheel Drive,10.3,200,3.6,4328,1765,1420,2690,1425
bmw,BMW,1 Series,1 Series 3 doors (2017),2017,2019,,116d EfficientDynamics 6MT RWD (116 HP),Diesel,3,1496,116,270,6-speed manual,Rear Wheel Drive,10.4,195,3.4,4328,1765,1420,2690,1395
bmw,BMW,1 Series,1 Series 3 doors (2017),2017,2019,,118d 6MT RWD (150 HP),Diesel,4,1995,150,320,6-speed manual,Rear Wheel Drive,8.3,212,4,4328,1765,1420,2690,1425
bmw,BMW,1 Series,1 Series 3 doors (2017),2017,2019,,118d 8AT RWD (150 HP),Diesel,4,1995,150,320,8-speed automatic (Steptronic),Rear Wheel Drive,8.1,212,3.8,4328,1765,1420,2690,1450
bmw,BMW,1 Series,1 Series 3 doors (2017),2017,2019,,118d xDrive 6MT AWD (150 HP),Diesel,4,1995,150,320,6-speed manual,All Wheel Drive,8.4,209,4.3,4328,1765,1420,2690,1495
bmw,BMW,1 Series,1 Series 3 doors (2017),2017,2019,,120d 6MT RWD (190 HP),Diesel,4,1995,190,400,6-speed manual,Rear Wheel Drive,7.1,229,4.1,4328,1765,1420,2690,1445
bmw,BMW,1 Series,1 Series 3 doors (2017),2017,2019,,120d 8AT RWD (190 HP),Diesel,4,1995,190,400,8-speed automatic (Steptronic),Rear Wheel Drive,7,229,3.9,4328,1765,1420,2690,1460
bmw,BMW,1 Series,1 Series 3 doors (2017),2017,2019,,120d xDrive 8AT AWD (190 HP),Diesel,4,1995,190,400,8-speed automatic (Steptronic),All Wheel Drive,6.8,222,4.3,4328,1765,1420,2690,1525
bmw,BMW,1 Series,1 Series 3 doors (2017),2017,2019,,125d 8AT RWD (224 HP),Diesel,4,1995,224,450,8-speed automatic (Steptronic),Rear Wheel Drive,6.3,240,4.3,4328,1765,1420,2690,1500
bmw,BMW,1 Series,1 Series 3 doors (2015),2015,2017,,116i 6MT RWD (109 HP),Gasoline,3,1499,109,180,6-speed manual,Rear Wheel Drive,10.9,195,5,4328,1765,1420,2690,1300
bmw,BMW,1 Series,1 Series 3 doors (2015),2015,2017,,118i 6MT RWD (136 HP),Gasoline,4,1598,136,220,6-speed manual,Rear Wheel Drive,8.5,209,5.4,4328,1765,1420,2690,1300
bmw,BMW,1 Series,1 Series 3 doors (2015),2015,2017,,118i 8AT RWD (136 HP),Gasoline,4,1598,136,220,8-speed automatic,Rear Wheel Drive,8.7,209,5.6,4328,1765,1420,2690,1315
bmw,BMW,1 Series,1 Series 3 doors (2015),2015,2017,,120i 6MT RWD (177 HP),Gasoline,4,1598,177,249,6-speed manual,Rear Wheel Drive,7.4,225,5.7,4328,1765,1420,2690,1300
bmw,BMW,1 Series,1 Series 3 doors (2015),2015,2017,,120i 8AT RWD (177 HP),Gasoline,4,1598,177,249,8-speed automatic,Rear Wheel Drive,7.2,222,5.6,4328,1765,1420,2690,1315
bmw,BMW,1 Series,1 Series 3 doors (2015),2015,2017,,125i 6MT RWD (218 HP),Gasoline,4,1997,218,310,6-speed manual,Rear Wheel Drive,6.4,245,6.6,4328,1765,1420,2690,1350
bmw,BMW,1 Series,1 Series 3 doors (2015),2015,2017,,125i 8AT RWD (218 HP),Gasoline,4,1598,177,249,8-speed automatic,Rear Wheel Drive,6.2,243,6.3,4328,1765,1420,2690,1370
bmw,BMW,1 Series,1 Series 3 doors (2015),2015,2017,,M135i 6MT RWD (326 HP),Gasoline,6,2979,326,450,6-speed manual,Rear Wheel Drive,5.1,249,6.3,4328,1765,1420,2690,1430
bmw,BMW,1 Series,1 Series 3 doors (2015),2015,2017,,M135i 8AT RWD (326 HP),Gasoline,6,2979,326,450,8-speed automatic,Rear Wheel Drive,4.9,249,7.5,4328,1765,1420,2690,1445
bmw,BMW,1 Series,1 Series 3 doors (2015),2015,2017,,M135i xDrive 8AT AWD (326 HP),Gasoline,6,2979,326,450,8-speed automatic,All Wheel Drive,4.7,249,7.8,4328,1765,1420,2690,1515
bmw,BMW,1 Series,1 Series 3 doors (2015),2015,2017,,M140i 6MT RWD (340 HP),Gasoline,6,2998,340,500,6-speed manual,Rear Wheel Drive,4.8,249,7.8,4323,1765,1412,2690,1520
bmw,BMW,1 Series,1 Series 3 doors (2015),2015,2017,,M140i 8AT RWD (340 HP),Gasoline,6,2998,340,500,8-speed automatic (Steptronic),Rear Wheel Drive,4.6,249,7.1,4323,1765,1412,2690,1545
bmw,BMW,1 Series,1 Series 3 doors (2015),2015,2017,,M140i xDrive 8AT AWD (340 HP),Gasoline,6,2998,340,500,8-speed automatic (Steptronic),All Wheel Drive,4.4,249,7.4,4323,1765,1412,2690,1615
bmw,BMW,1 Series,1 Series 3 doors (2015),2015,2017,,116d 6MT RWD (116 HP),Diesel,3,1496,116,270,6-speed manual,Rear Wheel Drive,10.3,200,3.7,4328,1765,1420,2690,1320
bmw,BMW,1 Series,1 Series 3 doors (2015),2015,2017,,116d 8AT RWD (116 HP),Diesel,3,1496,116,270,8-speed automatic,Rear Wheel Drive,10.3,200,3.6,4328,1765,1420,2690,1350
bmw,BMW,1 Series,1 Series 3 doors (2015),2015,2017,,116d Efficient Dinamics RWD 6MT (116 HP),Diesel,3,1496,116,270,6-speed manual,Rear Wheel Drive,10.4,195,3.4,4328,1765,1420,2690,1320
bmw,BMW,1 Series,1 Series 3 doors (2015),2015,2017,,118d 6MT RWD (150 HP),Diesel,4,1995,150,320,6-speed manual,Rear Wheel Drive,8.3,212,4.1,4328,1765,1420,2690,1350
bmw,BMW,1 Series,1 Series 3 doors (2015),2015,2017,,118d 8AT RWD (150 HP),Diesel,4,1995,150,320,8-speed automatic,Rear Wheel Drive,8.1,212,4.1,4328,1765,1420,2690,1375
bmw,BMW,1 Series,1 Series 3 doors (2015),2015,2017,,118d xDrive 6MT AWD (150 HP),Diesel,4,1995,150,320,6-speed manual,All Wheel Drive,8.4,209,4.3,4328,1765,1420,2690,1420
bmw,BMW,1 Series,1 Series 3 doors (2015),2015,2017,,120d 6MT RWD (190 HP),Diesel,4,1995,189,400,6-speed manual,Rear Wheel Drive,7.1,229,4.1,4328,1765,1420,2690,1370
bmw,BMW,1 Series,1 Series 3 doors (2015),2015,2017,,120d 8AT RWD (190 HP),Diesel,4,1995,189,400,8-speed automatic,Rear Wheel Drive,7,229,3.9,4328,1765,1420,2690,1385
bmw,BMW,1 Series,1 Series 3 doors (2015),2015,2017,,120d xDrive 8AT AWD (190 HP),Diesel,4,1995,189,400,8-speed automatic,All Wheel Drive,6.8,222,4.3,4328,1765,1420,2690,1450
bmw,BMW,1 Series,1 Series 3 doors (2015),2015,2017,,125d 8AT RWD (224 HP),Diesel,4,1995,224,450,8-speed automatic,Rear Wheel Drive,6.3,240,4.3,4328,1765,1420,2690,1425
bmw,BMW,1 Series,1 Series 3 doors (2012),2012,2015,,114i 6MT RWD (101 HP),Gasoline,4,1598,102,180,Six-seed manual,Rear Wheel Drive,11.2,195,5.5,4323,1765,1420,2690,1285
bmw,BMW,1 Series,1 Series 3 doors (2012),2012,2015,,116i 6MT RWD (136 HP),Gasoline,4,1598,136,220,Six-speed manual,Rear Wheel Drive,8.5,209,5.5,4323,1765,1420,2690,1285
bmw,BMW,1 Series,1 Series 3 doors (2012),2012,2015,,116i 8AT RWD (136 HP),Gasoline,4,1598,136,220,Eight-speed automatic with Steptronic,Rear Wheel Drive,8.7,209,5.7,4323,1765,1420,2690,1360
bmw,BMW,1 Series,1 Series 3 doors (2012),2012,2015,,118i 6MT RWD (170 HP),Gasoline,4,1598,170,249,Six-seed manual,Rear Wheel Drive,7.4,222,5.9,4323,1765,1420,2690,1370
bmw,BMW,1 Series,1 Series 3 doors (2012),2012,2015,,118i 8AT RWD (170 HP),Gasoline,4,1598,170,249,Eight-speed automatic with Steptronic,Rear Wheel Drive,7.2,222,5.7,4323,1765,1420,2690,1390
bmw,BMW,1 Series,1 Series 3 doors (2012),2012,2015,,125i 6MT RWD (214 HP),Gasoline,4,1997,218,310,Six-speed manual (optional: eight-speed automatic with Steptronic),Rear Wheel Drive,6.4,245,6.5,4323,1765,1420,2690,1340
bmw,BMW,1 Series,1 Series 3 doors (2012),2012,2015,,M135i 6MT RWD (320 HP),Gasoline,6,2979,321,450,6-speed manual,Rear Wheel Drive,5.1,249,8.1,4341,1765,1412,2690,1425
bmw,BMW,1 Series,1 Series 3 doors (2012),2012,2015,,M135i 8AT RWD (320 HP),Gasoline,6,2979,321,450,8-speed automatic,Rear Wheel Drive,4.9,249,7.6,4341,1765,1412,2690,1500
bmw,BMW,1 Series,1 Series 3 doors (2012),2012,2015,,M135i 8AT xDrive AWD (320 HP),Gasoline,6,2979,321,450,8-speed automatic,All Wheel Drive,4.7,249,7.8,4341,1765,1412,2690,1590
bmw,BMW,1 Series,1 Series 3 doors (2012),2012,2015,,114d 6MT RWD (95 HP),Diesel,4,1598,95,235,Six-speed manual,Rear Wheel Drive,12.2,185,4.1,4323,1765,1420,2690,1305
bmw,BMW,1 Series,1 Series 3 doors (2012),2012,2015,,116d 6MT EfficientDynamics RWD (114 HP),Diesel,4,1995,116,260,Six-speed manual transmission,Rear Wheel Drive,10.5,195,3.8,4323,1765,1420,2690,1305
bmw,BMW,1 Series,1 Series 3 doors (2012),2012,2015,,116d 6MT RWD (116 HP),Diesel,4,1995,116,260,Six-speed manual,Rear Wheel Drive,10.3,200,4.3,4323,1765,1420,2690,1305
bmw,BMW,1 Series,1 Series 3 doors (2012),2012,2015,,116d 8AT RWD (116 HP),Diesel,4,1995,116,260,Eight-speed automatic with Steptronic,Rear Wheel Drive,10.3,200,4.4,4323,1765,1420,2690,1380
bmw,BMW,1 Series,1 Series 3 doors (2012),2012,2015,,118d 6MT RWD (143 HP),Diesel,4,1995,143,320,Six-speed manual,Rear Wheel Drive,8.9,212,4.4,4323,1765,1420,2690,1315
bmw,BMW,1 Series,1 Series 3 doors (2012),2012,2015,,118d 8AT RWD (143 HP),Diesel,4,1995,143,320,Eight-speed automatic with Steptronic,Rear Wheel Drive,8.6,212,4.4,4323,1765,1420,2690,1390
bmw,BMW,1 Series,1 Series 3 doors (2012),2012,2015,,118d xDrive 6MT AWD (143 HP),Diesel,4,1995,143,320,Six-speed manual,All Wheel Drive,8.9,209,4.6,4323,1765,1420,2690,1410
bmw,BMW,1 Series,1 Series 3 doors (2012),2012,2015,,120d 6MT RWD (184 HP),Diesel,4,1995,184,380,Six-speed manual,Rear Wheel Drive,7.2,229,4.6,4323,1765,1420,2690,1415
bmw,BMW,1 Series,1 Series 3 doors (2012),2012,2015,,120d 8AT RWD (184 HP),Diesel,4,1995,184,380,Eight-speed automatic with Steptronic,Rear Wheel Drive,7.1,229,4.5,4323,1765,1420,2690,1435
bmw,BMW,1 Series,1 Series 3 doors (2012),2012,2015,,120d xDrive 8AT AWD (184 HP),Diesel,4,1995,184,380,Eight-speed automatic with Steptronic,All Wheel Drive,7.2,229,4.8,4323,1765,1420,2690,1495
bmw,BMW,1 Series,1 Series 3 doors (2012),2012,2015,,125d 6MT RWD (218 HP),Diesel,4,1995,218,450,Six-speed manual,Rear Wheel Drive,6.5,240,4.9,4323,1765,1420,2690,1385
bmw,BMW,1 Series,1 Series 3 doors (2012),2012,2015,,125d 8AT RWD (218 HP),Diesel,4,1995,218,450,Eight-speed automatic with Steptronic,Rear Wheel Drive,6.3,240,4.8,4323,1765,1420,2690,1460
bmw,BMW,1 Series,1 Series 3 doors (2007),2007,2011,,116i 6AT RWD (122 HP),Gasoline,4,1995,122,184,6-speed automatic,Rear Wheel Drive,11.2,203,6.6,4239,1748,1420,2659,1265
bmw,BMW,1 Series,1 Series 3 doors (2007),2007,2011,,116i 6MT RWD (122 HP),Gasoline,4,1995,122,184,6-speed manual,Rear Wheel Drive,10.1,204,6.1,4239,1748,1420,2659,1230
bmw,BMW,1 Series,1 Series 3 doors (2007),2007,2011,,118i 6AT RWD (143 HP),Gasoline,4,1995,143,190,6-speed automatic,Rear Wheel Drive,9.3,209,6.6,4239,1748,1420,2659,1265
bmw,BMW,1 Series,1 Series 3 doors (2007),2007,2011,,118i 6MT RWD (143 HP),Gasoline,4,1995,143,190,6-speed manual,Rear Wheel Drive,8.7,209,6.1,4239,1748,1420,2659,1240
bmw,BMW,1 Series,1 Series 3 doors (2007),2007,2011,,120i 6AT RWD (170 HP),Gasoline,4,1995,170,210,6-speed automatic,Rear Wheel Drive,8.3,222,6,4239,1748,1420,2659,1285
bmw,BMW,1 Series,1 Series 3 doors (2007),2007,2011,,120i 6MT RWD (170 HP),Gasoline,4,1995,170,210,6-speed manual,Rear Wheel Drive,7.7,224,6.4,4239,1748,1420,2659,1265
bmw,BMW,1 Series,1 Series 3 doors (2007),2007,2011,,130i 6AT RWD (265 HP),Gasoline,6,2996,265,315,6-speed automatic,Rear Wheel Drive,6.2,249,8.3,4239,1748,1420,2659,1375
bmw,BMW,1 Series,1 Series 3 doors (2007),2007,2011,,130i 6MT RWD (265 HP),Gasoline,6,2996,265,315,6-speed manual,Rear Wheel Drive,6,250,8.3,4239,1748,1420,2659,1350
bmw,BMW,1 Series,1 Series 3 doors (2007),2007,2011,,116d 6MT RWD (115 HP),Diesel,4,1995,116,260,6-speed manual,Rear Wheel Drive,10.2,200,4.5,4239,1748,1420,2659,1270
bmw,BMW,1 Series,1 Series 3 doors (2007),2007,2011,,118d 6AT RWD (143 HP),Diesel,4,1995,143,300,6-speed automatic,Rear Wheel Drive,9.1,209,5.4,4239,1748,1420,2659,1310
bmw,BMW,1 Series,1 Series 3 doors (2007),2007,2011,,118d 6MT RWD (143 HP),Diesel,4,1995,143,300,6-speed manual,Rear Wheel Drive,8.9,209,4.7,4239,1748,1420,2659,1285
bmw,BMW,1 Series,1 Series 3 doors (2007),2007,2011,,120d 6AT RWD (177 HP),Diesel,4,1995,177,350,6-speed automatic,Rear Wheel Drive,7.7,225,5.4,4239,1748,1420,2659,1345
bmw,BMW,1 Series,1 Series 3 doors (2007),2007,2011,,120d 6MT RWD (177 HP),Diesel,4,1995,177,350,6-speed manual,Rear Wheel Drive,7.5,229,4.9,4239,1748,1420,2659,1340
bmw,BMW,1 Series,1 Series 3 doors (2007),2007,2011,,123d 6AT RWD (204 HP),Diesel,4,1995,204,400,6-speed automatic,Rear Wheel Drive,7,237,5.6,4239,1748,1420,2659,1385
bmw,BMW,1 Series,1 Series 3 doors (2007),2007,2011,,123d 6MT RWD (204 HP),Diesel,4,1995,204,400,6-speed manual,Rear Wheel Drive,6.9,238,5.2,4239,1748,1420,2659,1385
bmw,BMW,1 Series,1 Series Cabriolet (2010),2010,2013,,118i 6MT RWD (143 HP),Gasoline,4,1995,143,190,6-speed manual,Rear Wheel Drive,9.3,210,6.5,4361,1748,1412,2659,1420
bmw,BMW,1 Series,1 Series Cabriolet (2010),2010,2013,,120i 6MT RWD (170 HP),Gasoline,4,1995,170,210,6-speed manual,Rear Wheel Drive,8.4,220,6.8,4361,1748,1412,2659,1430
bmw,BMW,1 Series,1 Series Cabriolet (2010),2010,2013,,125i 6MT RWD (218 HP),Gasoline,6,2996,218,270,6-speed manual,Rear Wheel Drive,6.8,238,8.3,4361,1748,1412,2659,1510
bmw,BMW,1 Series,1 Series Cabriolet (2010),2010,2013,,128i 6AT RWD (230 HP),Gasoline,6,2996,230,271,6-speed automatic (Steptronic),Rear Wheel Drive,7.3,230,11.2,4361,1748,1392,2659,1620
bmw,BMW,1 Series,1 Series Cabriolet (2010),2010,2013,,128i 6MT RWD (230 HP),Gasoline,6,2996,230,271,6-speed manual,Rear Wheel Drive,6.7,240,10.7,4361,1748,1392,2659,1585
bmw,BMW,1 Series,1 Series Cabriolet (2010),2010,2013,,135i 6AT RWD (306 HP),Gasoline,6,2979,306,400,6-speed automatic,Rear Wheel Drive,5.8,220,11.8,4361,1748,1392,2659,1665
bmw,BMW,1 Series,1 Series Cabriolet (2010),2010,2013,,135i 6MT RWD (306 HP),Gasoline,6,2979,306,400,6-speed manual,Rear Wheel Drive,5.6,249,8.6,4361,1748,1392,2659,1590
bmw,BMW,1 Series,1 Series Cabriolet (2010),2010,2013,,135i 7AT RWD (306 HP),Gasoline,6,2979,306,400,7-speed automatic (DCT),Rear Wheel Drive,5.5,241,11.8,4361,1748,1392,2659,1680
bmw,BMW,1 Series,1 Series Cabriolet (2010),2010,2013,,135is 6MT RWD (325 HP),Gasoline,6,2979,325,430,6-speed manual,Rear Wheel Drive,5.6,249,8.6,4361,1748,1392,2659,1590
bmw,BMW,1 Series,1 Series Cabriolet (2010),2010,2013,,135is 7AT RWD (325 HP),Gasoline,6,2979,325,430,7-speed automatic (DCT),Rear Wheel Drive,5.3,150,10.2,4361,1748,1392,2659,1680
bmw,BMW,1 Series,1 Series Cabriolet (2010),2010,2013,,118d 6AT RWD (143 HP),Diesel,4,1995,143,300,6-speed automatic,Rear Wheel Drive,9.6,208,5.5,4361,1748,1422,2659,1575
bmw,BMW,1 Series,1 Series Cabriolet (2010),2010,2013,,118d 6MT RWD (143 HP),Diesel,4,1995,143,300,6-speed manual,Rear Wheel Drive,9.5,208,4.8,4361,1748,1422,2659,1485
bmw,BMW,1 Series,1 Series Cabriolet (2010),2010,2013,,120d 6AT RWD (177 HP),Diesel,4,1995,177,350,6-speed automatic,Rear Wheel Drive,8.2,220,5.5,4361,1748,1422,2659,1590
bmw,BMW,1 Series,1 Series Cabriolet (2010),2010,2013,,120d 6MT RWD (177 HP),Diesel,4,1995,177,350,6-speed manual,Rear Wheel Drive,8.1,222,5,4361,1748,1422,2659,1505
bmw,BMW,1 Series,1 Series Cabriolet (2010),2010,2013,,123d 6AT RWD (204 HP),Diesel,4,1995,204,400,6-speed automatic,Rear Wheel Drive,7.6,230,5.7,4361,1748,1422,2659,1614
bmw,BMW,1 Series,1 Series Cabriolet (2010),2010,2013,,123d 6MT RWD (204 HP),Diesel,4,1995,204,400,6-speed manual,Rear Wheel Drive,7.5,230,5.3,4361,1748,1422,2659,1540
bmw,BMW,1 Series,1 Series Cabriolet (2008),2008,2010,,118i 6AT RWD (143 HP),Gasoline,4,1995,143,190,6-speed automatic,Rear Wheel Drive,10.1,208,7,4359,1750,1410,2659,1405
bmw,BMW,1 Series,1 Series Cabriolet (2008),2008,2010,,118i 6MT RWD (143 HP),Gasoline,4,1995,143,190,6-speed manual,Rear Wheel Drive,9.3,209,6.6,4359,1750,1410,2659,1380
bmw,BMW,1 Series,1 Series Cabriolet (2008),2008,2010,,120i 6AT RWD (170 HP),Gasoline,4,1995,170,210,6-speed automatic,Rear Wheel Drive,9,217,7,4359,1750,1410,2659,1435
bmw,BMW,1 Series,1 Series Cabriolet (2008),2008,2010,,120i 6MT RWD (170 HP),Gasoline,4,1995,170,210,6-speed manual,Rear Wheel Drive,8.4,220,6.8,4359,1750,1410,2659,1405
bmw,BMW,1 Series,1 Series Cabriolet (2008),2008,2010,,125i 6AT RWD (218 HP),Gasoline,6,2996,218,270,6-speed automatic,Rear Wheel Drive,7.4,237,8.4,4359,1750,1410,2659,1515
bmw,BMW,1 Series,1 Series Cabriolet (2008),2008,2010,,125i 6MT RWD (218 HP),Gasoline,6,2996,218,270,6-speed manual,Rear Wheel Drive,6.8,238,8.4,4359,1750,1410,2659,1485
bmw,BMW,1 Series,1 Series Cabriolet (2008),2008,2010,,135i 6AT RWD (306 HP),Gasoline,6,2979,306,400,6-speed automatic,Rear Wheel Drive,5.7,249,9.4,4359,1750,1410,2659,1585
bmw,BMW,1 Series,1 Series Cabriolet (2008),2008,2010,,135i 6MT RWD (306 HP),Gasoline,6,2979,306,400,6-speed manual,Rear Wheel Drive,5.6,249,9.4,4359,1750,1410,2659,1575
bmw,BMW,1 Series,1 Series Cabriolet (2008),2008,2010,,118d 6AT RWD (143 HP),Diesel,4,1995,143,300,6-speed automatic,Rear Wheel Drive,9.6,208,5,4359,1750,1410,2659,1475
bmw,BMW,1 Series,1 Series Cabriolet (2008),2008,2010,,118d 6MT RWD (143 HP),Diesel,4,1995,143,300,6-speed manual,Rear Wheel Drive,9.5,208,4.9,4359,1750,1410,2659,1450
bmw,BMW,1 Series,1 Series Cabriolet (2008),2008,2010,,120d 6AT RWD (177 HP),Diesel,4,1995,177,350,6-speed automatic,Rear Wheel Drive,8.2,220,5.8,4359,1750,1410,2659,1495
bmw,BMW,1 Series,1 Series Cabriolet (2008),2008,2010,,120d 6MT RWD (177 HP),Diesel,4,1995,177,350,6-speed manual,Rear Wheel Drive,8.1,222,5.1,4359,1750,1410,2659,1485
bmw,BMW,1 Series,1 Series Cabriolet (2008),2008,2010,,123d 6AT RWD (204 HP),Diesel,4,1995,204,400,6-speed automatic,Rear Wheel Drive,7.6,230,5.9,4359,1750,1410,2659,1515
bmw,BMW,1 Series,1 Series Cabriolet (2008),2008,2010,,123d 6MT RWD (204 HP),Diesel,4,1995,204,400,6-speed manual,Rear Wheel Drive,7.5,230,5.4,4359,1750,1410,2659,1515
bmw,BMW,1 Series,1 Series Coupe (2010),2010,2013,,120i 6AT RWD (170 HP),Gasoline,4,1995,170,210,6-speed automatic,Rear Wheel Drive,8.4,222,6.6,4361,1748,1422,2659,1395
bmw,BMW,1 Series,1 Series Coupe (2010),2010,2013,,120i 6MT RWD (170 HP),Gasoline,4,1995,170,210,6-speed manual,Rear Wheel Drive,7.8,224,6.5,4361,1748,1422,2659,1300
bmw,BMW,1 Series,1 Series Coupe (2010),2010,2013,,125i 6AT RWD (218 HP),Gasoline,6,2996,218,270,6-speed automatic,Rear Wheel Drive,189,243,8.1,4361,1748,1422,2659,1505
bmw,BMW,1 Series,1 Series Coupe (2010),2010,2013,,125i 6MT RWD (218 HP),Gasoline,6,2996,218,270,6-speed manual,Rear Wheel Drive,6.4,245,8.1,4361,1748,1422,2659,1405
bmw,BMW,1 Series,1 Series Coupe (2010),2010,2013,,128i 6AT RWD (230 HP),Gasoline,6,2996,320,271,6-speed manual,Rear Wheel Drive,6.9,150,8.5,4361,1748,1407,2659,1480
bmw,BMW,1 Series,1 Series Coupe (2010),2010,2013,,128i 6MT RWD (230 HP),Gasoline,6,2996,320,271,6-speed manual,Rear Wheel Drive,6.3,130,8.5,4361,1748,1407,2659,1480
bmw,BMW,1 Series,1 Series Coupe (2010),2010,2013,,135i 6MT RWD (306 HP),Gasoline,6,2979,306,400,6-speed manual,Rear Wheel Drive,5.3,249,8.5,4361,1748,1407,2659,1455
bmw,BMW,1 Series,1 Series Coupe (2010),2010,2013,,135i 7AT RWD (306 HP),Gasoline,6,2979,306,400,7-speed automatic (DCT),Rear Wheel Drive,5.2,249,8.5,4361,1748,1407,2659,1545
bmw,BMW,1 Series,1 Series Coupe (2010),2010,2013,,135is 6MT RWD (320 HP),Gasoline,6,2979,320,430,6-speed manual,Rear Wheel Drive,5.2,249,8.5,4361,1748,1407,2659,1455
bmw,BMW,1 Series,1 Series Coupe (2010),2010,2013,,135is 7AT RWD (320 HP),Gasoline,6,2979,320,430,7-speed automatic (DCT),Rear Wheel Drive,5,249,11.2,4361,1748,1407,2659,1560
bmw,BMW,1 Series,1 Series Coupe (2010),2010,2013,,118d 6AT RWD (143 HP),Diesel,4,1995,143,300,6-speed manual,Rear Wheel Drive,9.1,209,5.3,4361,1748,1422,2659,1420
bmw,BMW,1 Series,1 Series Coupe (2010),2010,2013,,118d 6MT RWD (143 HP),Diesel,4,1995,143,300,6-speed manual,Rear Wheel Drive,9,210,4.5,4361,1748,1422,2659,1320
bmw,BMW,1 Series,1 Series Coupe (2010),2010,2013,,120d 6AT RWD (177 HP),Diesel,4,1995,177,350,6-speed manual,Rear Wheel Drive,7.8,225,5.3,4361,1748,1422,2659,1450
bmw,BMW,1 Series,1 Series Coupe (2010),2010,2013,,120d 6MT RWD (177 HP),Diesel,4,1995,177,350,6-speed manual,Rear Wheel Drive,7.6,228,4.7,4361,1748,1422,2659,1375
bmw,BMW,1 Series,1 Series Coupe (2010),2010,2013,,123d 6AT RWD (204 HP),Diesel,4,1995,204,400,6-speed automatic,Rear Wheel Drive,7.1,237,5.5,4361,1748,1422,2659,1495
bmw,BMW,1 Series,1 Series Coupe (2010),2010,2013,,123d 6MT RWD (204 HP),Diesel,4,1995,204,400,6-speed manual,Rear Wheel Drive,7,238,5.1,4361,1748,1422,2659,1420
bmw,BMW,1 Series,1 Series Coupe (2007),2007,2010,,120i 6AT RWD (170 HP),Gasoline,4,1995,170,210,6-speed automatic,Rear Wheel Drive,8.4,222,6.6,4361,1748,1422,2659,1295
bmw,BMW,1 Series,1 Series Coupe (2007),2007,2010,,120i 6MT RWD (170 HP),Gasoline,4,1995,170,210,6-speed manual,Rear Wheel Drive,7.8,224,6.6,4361,1748,1422,2659,1275
bmw,BMW,1 Series,1 Series Coupe (2007),2007,2010,,125i 6AT RWD (218 HP),Gasoline,6,2996,218,270,6-speed automatic,Rear Wheel Drive,6.4,245,7.9,4361,1748,1422,2659,1405
bmw,BMW,1 Series,1 Series Coupe (2007),2007,2010,,125i 6MT RWD (218 HP),Gasoline,6,2996,218,270,6-speed manual,Rear Wheel Drive,6.4,245,7.9,4361,1748,1422,2659,1380
bmw,BMW,1 Series,1 Series Coupe (2007),2007,2010,,135i 6AT RWD (306 HP),Gasoline,6,2979,306,400,6-speed automatic,Rear Wheel Drive,5.4,249,9.2,4361,1748,1422,2659,1465
bmw,BMW,1 Series,1 Series Coupe (2007),2007,2010,,135i 6MT RWD (306 HP),Gasoline,6,2979,306,400,6-speed manual,Rear Wheel Drive,5.3,249,9.2,4361,1748,1422,2659,1460
bmw,BMW,1 Series,1 Series Coupe (2007),2007,2010,,118d 6AT RWD (143 HP),Diesel,4,1995,143,300,6-speed automatic,Rear Wheel Drive,9.1,209,5.4,4361,1748,1422,2659,1320
bmw,BMW,1 Series,1 Series Coupe (2007),2007,2010,,118d 6MT RWD (143 HP),Diesel,4,1995,143,300,6-speed manual,Rear Wheel Drive,9,209,4.5,4361,1748,1422,2659,1295
bmw,BMW,1 Series,1 Series Coupe (2007),2007,2010,,120d 6AT RWD (177 HP),Diesel,4,1995,177,350,6-speed automatic,Rear Wheel Drive,7.8,225,5.4,4361,1748,1422,2659,1355
bmw,BMW,1 Series,1 Series Coupe (2007),2007,2010,,120d 6MT RWD (177 HP),Diesel,4,1995,177,350,6-speed manual,Rear Wheel Drive,7.6,229,4.8,4361,1748,1422,2659,1350
bmw,BMW,1 Series,1 Series Coupe (2007),2007,2010,,123d 6AT RWD (204 HP),Diesel,4,1995,204,400,6-speed automatic,Rear Wheel Drive,7.1,237,5.6,4361,1748,1422,2659,1395
bmw,BMW,1 Series,1 Series Coupe (2007),2007,2010,,123d 6MT RWD (204 HP),Diesel,4,1995,204,400,6-speed manual,Rear Wheel Drive,7,238,5.2,4361,1748,1422,2659,1395
bmw,BMW,1 Series,1 Series Sedan (2017),2017,2023,,118i 8AT RWD (136 HP),Gasoline,3,1499,136,220,8-speed automatic (Steptronic),Front Wheel Drive,9.4,212,5.5,4455,1803,1445,2670,1355
bmw,BMW,1 Series,1 Series Sedan (2017),2017,2023,,120i 8AT RWD (192 HP),Gasoline,4,1998,192,280,8-speed automatic (Steptronic),Rear Wheel Drive,7.5,235,6.2,4455,1803,1445,2670,1455
bmw,BMW,1 Series,1 Series Sedan (2017),2017,2023,,125i 8AT RWD (231 HP),Gasoline,4,1998,231,350,8-speed automatic (Steptronic),Rear Wheel Drive,6.8,249,6.4,4455,1803,1445,2670,1478
bmw,BMW,1 Series M,1 Series M Coupe (2010),2010,2012,,3.0L 6MT RWD (340 HP),Gasoline,6,2979,340,499,6-speed manual,Rear Wheel Drive,4.9,249,9.6,4379,1803,1420,2659,1495
bmw,BMW,1500/1600,1500/1600 (1966),1966,1975,,1.6L 4MT (84 HP),Gasoline,4,1573,84.3,113,4-speed manual,Rear Wheel Drive,13,150,10,4229,1588,1410,2499,1050
bmw,BMW,1500/1600,1500/1600 (1962),1962,1966,,1.5L 4MT (80 HP),Gasoline,4,1499,80,118,4-speed manual,Rear Wheel Drive,13.5,150,9.9,4501,1709,1450,2550,1050
bmw,BMW,2 Series,2 Series Coupe (2021),2021,,,220i 8AT RWD (184 HP),Gasoline,4,1998,184,300,8-speed automatic Steptronic,Rear Wheel Drive,7.5,237,6.8,4557,1839,1389,2741,1565
bmw,BMW,2 Series,2 Series Coupe (2021),2021,,,M240i xDrive 8AT AWD (374 HP),Gasoline,6,2998,374,500,8-speed automatic Steptronic,All Wheel Drive,4.3,249,8.8,4557,1839,1405,2741,1765
bmw,BMW,2 Series,2 Series Coupe (2021),2021,,,220d 8AT RWD (190 HP),Diesel,4,1995,190,400,8-speed automatic Steptronic,Rear Wheel Drive,6.9,237,5.1,4557,1839,1389,2741,1655
bmw,BMW,2 Series,2 Series Coupe (2017),2017,2021,,218i 6MT RWD (136 HP),Gasoline,4,1499,136,220,6-speed manual,Rear Wheel Drive,8.8,209,5.1,4432,1773,1417,2690,1420
bmw,BMW,2 Series,2 Series Coupe (2017),2017,2021,,218i 8AT RWD (136 HP),Gasoline,4,1499,136,220,8-speed automatic (Steptronic),Rear Wheel Drive,8.9,209,5.1,4432,1773,1417,2690,1440
bmw,BMW,2 Series,2 Series Coupe (2017),2017,2021,,220i 8AT RWD (184 HP),Gasoline,4,1998,184,270,8-speed automatic (Steptronic),Rear Wheel Drive,7.2,230,5.5,4432,1773,1417,2690,1480
bmw,BMW,2 Series,2 Series Coupe (2017),2017,2021,,230i 8AT RWD (252 HP),Gasoline,4,1998,252,350,8-speed automatic (Steptronic),Rear Wheel Drive,5.6,249,5.7,4432,1773,1417,2690,1505
bmw,BMW,2 Series,2 Series Coupe (2017),2017,2021,,M240i 6MT RWD (340 HP),Gasoline,6,2998,345,500,6-speed manual,Rear Wheel Drive,4.8,249,7.8,4432,1773,1417,2690,1550
bmw,BMW,2 Series,2 Series Coupe (2017),2017,2021,,M240i 8AT RWD (340 HP),Gasoline,6,2998,345,500,8-speed automatic (Steptronic),Rear Wheel Drive,4.6,249,7.1,4432,1773,1417,2690,1565
bmw,BMW,2 Series,2 Series Coupe (2017),2017,2021,,M240i xDrive 8AT AWD (340 HP),Gasoline,6,2998,345,500,8-speed automatic (Steptronic),Rear Wheel Drive,4.4,249,7.4,4432,1773,1417,2690,1565
bmw,BMW,2 Series,2 Series Coupe (2017),2017,2021,,218d 6MT RWD (150 HP),Diesel,4,1995,150,320,6-speed manual,Rear Wheel Drive,8.4,212,4,4432,1773,1417,2690,1455
bmw,BMW,2 Series,2 Series Coupe (2017),2017,2021,,218d 8AT RWD (150 HP),Diesel,4,1995,150,320,8-speed automatic (Steptronic),Rear Wheel Drive,8.2,212,3.8,4432,1773,1417,2690,1475
bmw,BMW,2 Series,2 Series Coupe (2017),2017,2021,,220d 6MT RWD (190 HP),Diesel,4,1995,190,400,6-speed manual,Rear Wheel Drive,7.1,230,4.1,4432,1773,1417,2690,1470
bmw,BMW,2 Series,2 Series Coupe (2017),2017,2021,,220d 8AT RWD (190 HP),Diesel,4,1995,190,400,8-speed automatic (Steptronic),Rear Wheel Drive,7,230,4,4432,1773,1417,2690,1490
bmw,BMW,2 Series,2 Series Coupe (2017),2017,2021,,220d xDrive 8AT AWD (190 HP),Diesel,4,1995,190,400,8-speed automatic (Steptronic),All Wheel Drive,6.9,225,4.3,4432,1773,1417,2690,1565
bmw,BMW,2 Series,2 Series Coupe (2017),2017,2021,,225d 8AT RWD (224 HP),Diesel,4,1995,224,450,8-speed automatic (Steptronic),Rear Wheel Drive,6.2,243,4,4432,1773,1417,2690,1505
bmw,BMW,2 Series,2 Series Coupe (2013),2013,2017,,218i 6MT RWD (136 HP),Gasoline,3,1499,136,220,6-speed manual,Rear Wheel Drive,8.8,209,5.1,4432,1773,1417,2690,1430
bmw,BMW,2 Series,2 Series Coupe (2013),2013,2017,,218i 8AT RWD (136 HP),Gasoline,3,1499,136,220,8-speed automatic,Rear Wheel Drive,8,209,5.1,4432,1773,1417,2690,1360
bmw,BMW,2 Series,2 Series Coupe (2013),2013,2017,,220i 6MT RWD (184 HP),Gasoline,4,1997,184,270,"6-speed, Manual",Rear Wheel Drive,7,235,6.1,4432,1773,1417,2690,1350
bmw,BMW,2 Series,2 Series Coupe (2013),2013,2017,,220i 8AT RWD (184 HP),Gasoline,4,1997,184,270,8-speed automatic with Steptronic,Rear Wheel Drive,7,230,5.7,4432,1773,1417,2690,1425
bmw,BMW,2 Series,2 Series Coupe (2013),2013,2017,,228i 6MT RWD (240 HP),Gasoline,4,1997,245,350,6 speed manual,Rear Wheel Drive,5.8,249,6.6,4432,1773,1417,2690,1385
bmw,BMW,2 Series,2 Series Coupe (2013),2013,2017,,228i 8AT RWD (240 HP),Gasoline,4,1997,243,350,8-speed automatic with Steptronic,Rear Wheel Drive,5.7,249,6.3,4432,1773,1417,2690,1460
bmw,BMW,2 Series,2 Series Coupe (2013),2013,2017,,M235i 6MT RWD (326 HP),Gasoline,6,2979,326,450,"6-speed, Manual",Rear Wheel Drive,5,249,8.1,4432,1773,1417,2690,1455
bmw,BMW,2 Series,2 Series Coupe (2013),2013,2017,,M235i 8AT RWD (326 HP),Gasoline,6,2979,326,450,8-speed automatic with Steptronic,Rear Wheel Drive,4.8,249,8.1,4432,1773,1417,2690,1530
bmw,BMW,2 Series,2 Series Coupe (2013),2013,2017,,M235i xDrive 8AT AWD (326 HP),Gasoline,6,2979,326,450,8-speed automatic with Steptronic,All Wheel Drive,4.6,249,8.1,4432,1773,1417,2690,1545
bmw,BMW,2 Series,2 Series Coupe (2013),2013,2017,,M240i 6MT RWD (340 HP),Gasoline,6,2998,340,500,6-speed manual,Rear Wheel Drive,4.8,249,7.8,4455,1773,1407,2690,1545
bmw,BMW,2 Series,2 Series Coupe (2013),2013,2017,,M240i 8AT RWD (340 HP),Gasoline,6,2998,340,500,8-speed automatic (Steptronic),Rear Wheel Drive,4.6,249,7.1,4455,1773,1407,2690,1560
bmw,BMW,2 Series,2 Series Coupe (2013),2013,2017,,M240i xDrive 8AT AWD (340 HP),Gasoline,6,2998,340,500,8-speed automatic (Steptronic),All Wheel Drive,4.4,249,7.4,4455,1773,1407,2690,1615
bmw,BMW,2 Series,2 Series Coupe (2013),2013,2017,,218d 6MT RWD (143 HP),Diesel,4,1995,143,320,6-speed manual,Rear Wheel Drive,8.9,212,4.3,4432,1773,1417,2690,1430
bmw,BMW,2 Series,2 Series Coupe (2013),2013,2017,,218d 8AT RWD (143 HP),Diesel,4,1995,143,320,8-speed automatic,Rear Wheel Drive,8.6,212,4.2,4432,1773,1417,2690,1450
bmw,BMW,2 Series,2 Series Coupe (2013),2013,2017,,220d 6MT RWD (184 HP),Diesel,4,1995,184,38,"6-speed, Manual",Rear Wheel Drive,7.2,230,4.5,4432,1773,1417,2690,1375
bmw,BMW,2 Series,2 Series Coupe (2013),2013,2017,,220d 8AT RWD (184 HP),Diesel,4,1995,184,38,8 speed automatic,Rear Wheel Drive,7.1,230,4.2,4432,1773,1417,2690,1450
bmw,BMW,2 Series,2 Series Coupe (2013),2013,2017,,220d xDrive 8AT AWD (190 HP),Diesel,4,1995,189,400,8-speed automatic,All Wheel Drive,6.9,225,4.3,4432,1773,1417,2690,1485
bmw,BMW,2 Series,2 Series Coupe (2013),2013,2017,,225d 8AT RWD (217 HP),Diesel,4,1995,218,450,8-speed automatic,Rear Wheel Drive,6.3,241,4.7,4432,1773,1417,2690,1495
bmw,BMW,2 Series,2 Series Convertible (2017),2017,2021,,218i 6MT RWD (136 HP),Gasoline,4,1499,136,220,6-speed manual,Rear Wheel Drive,9.4,208,5.5,4432,1773,1412,2690,1575
bmw,BMW,2 Series,2 Series Convertible (2017),2017,2021,,218i 8AT RWD (136 HP),Gasoline,4,1499,136,220,8-speed automatic (Steptronic),Rear Wheel Drive,9.6,204,5.3,4432,1773,1412,2690,1595
bmw,BMW,2 Series,2 Series Convertible (2017),2017,2021,,220i 8AT RWD (184 HP),Gasoline,4,1998,184,270,8-speed automatic (Steptronic),Rear Wheel Drive,7.7,225,5.8,4432,1773,1412,2690,1615
bmw,BMW,2 Series,2 Series Convertible (2017),2017,2021,,230i 8AT RWD (252 HP),Gasoline,4,1998,252,350,8-speed automatic (Steptronic),Rear Wheel Drive,5.9,249,6,4432,1773,1412,2690,1650
bmw,BMW,2 Series,2 Series Convertible (2017),2017,2021,,M240i 6MT RWD (340 HP),Gasoline,6,2998,340,500,6-speed manual,Rear Wheel Drive,4.9,249,8.3,4432,1773,1412,2690,1695
bmw,BMW,2 Series,2 Series Convertible (2017),2017,2021,,M240i 8AT RWD (340 HP),Gasoline,6,2998,340,500,8-speed automatic (Steptronic),Rear Wheel Drive,4.7,249,7.4,4432,1773,1412,2690,1710
bmw,BMW,2 Series,2 Series Convertible (2017),2017,2021,,M240i xDrive 8AT AWD (340 HP),Gasoline,6,2998,340,500,8-speed automatic (Steptronic),All Wheel Drive,4.6,249,7.8,4432,1773,1412,2690,1760
bmw,BMW,2 Series,2 Series Convertible (2017),2017,2021,,218d 6MT RWD (150 HP),Diesel,4,1995,150,320,6-speed manual,Rear Wheel Drive,8.9,208,4.3,4432,1773,1412,2690,1600
bmw,BMW,2 Series,2 Series Convertible (2017),2017,2021,,218d 8AT RWD (150 HP),Diesel,4,1995,150,320,8-speed automatic (Steptronic),Rear Wheel Drive,8.7,204,4.1,4432,1773,1412,2690,1615
bmw,BMW,2 Series,2 Series Convertible (2017),2017,2021,,220d 6MT RWD (190 HP),Diesel,4,1995,190,400,6-speed manual,Rear Wheel Drive,7.5,225,4.4,4432,1773,1412,2690,1615
bmw,BMW,2 Series,2 Series Convertible (2017),2017,2021,,220d 8AT RWD (190 HP),Diesel,4,1995,190,400,8-speed automatic (Steptronic),Rear Wheel Drive,7.4,225,4.1,4432,1773,1412,2690,1635
bmw,BMW,2 Series,2 Series Convertible (2017),2017,2021,,225d 8AT RWD (224 HP),Diesel,4,1995,224,450,8-speed automatic (Steptronic),Rear Wheel Drive,6.4,235,4.6,4432,1773,1412,2690,1655
bmw,BMW,2 Series,2 Series Convertible (2014),2014,2017,,218i 6MT RWD (136 HP),Gasoline,3,1466,136,220,6-speed manual,Rear Wheel Drive,9.4,208,6,4432,1773,1412,2690,1570
bmw,BMW,2 Series,2 Series Convertible (2014),2014,2017,,218i 8AT RWD (136 HP),Gasoline,3,1466,136,220,8-speed automatic (Steptronic),Rear Wheel Drive,9.6,204,5.8,4432,1773,1412,2690,1590
bmw,BMW,2 Series,2 Series Convertible (2014),2014,2017,,220i 6MT RWD (184 HP),Gasoline,4,1997,184,270,6-speed manual,Rear Wheel Drive,7.5,232,6.9,4432,1773,1412,2690,1585
bmw,BMW,2 Series,2 Series Convertible (2014),2014,2017,,220i 8AT RWD (184 HP),Gasoline,4,1997,184,270,8-speed automatic,Rear Wheel Drive,7.6,225,6.5,4432,1773,1412,2690,1605
bmw,BMW,2 Series,2 Series Convertible (2014),2014,2017,,228i 6MT RWD (245 HP),Gasoline,4,1997,245,350,6-speed manual,Rear Wheel Drive,6.1,249,7,4432,1773,1412,2690,1610
bmw,BMW,2 Series,2 Series Convertible (2014),2014,2017,,228i 8AT RWD (245 HP),Gasoline,4,1997,245,350,8-speed automatic,Rear Wheel Drive,6,249,6.7,4432,1773,1412,2690,1630
bmw,BMW,2 Series,2 Series Convertible (2014),2014,2017,,M235i 6MT RWD (326 HP),Gasoline,6,2979,326,450,6-speed manual,Rear Wheel Drive,5.2,249,8.5,4432,1773,1412,2690,1675
bmw,BMW,2 Series,2 Series Convertible (2014),2014,2017,,M235i 8AT RWD (326 HP),Gasoline,6,2979,326,450,8-speed automatic,Rear Wheel Drive,5,249,7.9,4432,1773,1412,2690,1695
bmw,BMW,2 Series,2 Series Convertible (2014),2014,2017,,M240i 6MT RWD (340 HP),Gasoline,6,2998,340,500,6-speed manual,Rear Wheel Drive,4.9,249,8.3,4455,1773,1402,2690,1690
bmw,BMW,2 Series,2 Series Convertible (2014),2014,2017,,M240i 8AT RWD (340 HP),Gasoline,6,2998,340,500,8-speed automatic (Steptronic),Rear Wheel Drive,4.7,249,7.4,4455,1773,1402,2690,1705
bmw,BMW,2 Series,2 Series Convertible (2014),2014,2017,,M240i xDrive 8AT (340 HP),Gasoline,6,2998,340,500,8-speed automatic (Steptronic),All Wheel Drive,4.6,249,7.8,4455,1773,1402,2690,1755
bmw,BMW,2 Series,2 Series Convertible (2014),2014,2017,,220d 6MT RWD (190 HP),Diesel,4,1995,189,400,6-speed manual,Rear Wheel Drive,7.5,225,4.4,4432,1773,1412,2690,1610
bmw,BMW,2 Series,2 Series Convertible (2014),2014,2017,,220d 8AT RWD (190 HP),Diesel,4,1995,189,400,8-speed automatic,Rear Wheel Drive,7.4,225,4.1,4432,1773,1412,2690,1555
bmw,BMW,2 Series Active Tourer,2 Series Active Tourer (2021),2021,,,218i 7AT (136 HP),Gasoline,3,1499,136,230,7-speed automatic DCT,Front Wheel Drive,9,214,6.8,4387,1824,1575,2670,1545
bmw,BMW,2 Series Active Tourer,2 Series Active Tourer (2021),2021,,,218d 7AT (150 HP),Diesel,4,1995,150,360,7-speed automatic DCT,Front Wheel Drive,8.8,220,5.3,4387,1824,1575,2670,1620
bmw,BMW,2 Series Active Tourer,2 Series Active Tourer (2021),2021,,,220i 7AT (156 HP),Mild Hybrid,3,1499,156,230,7-speed automatic DCT,Rear Wheel Drive,8.1,220,6.5,4387,1824,1575,2670,1595
bmw,BMW,2 Series Active Tourer,2 Series Active Tourer (2021),2021,,,223i 7AT (204 HP),Mild Hybrid,4,1998,204,320,7-speed automatic DCT,Rear Wheel Drive,7,241,6.6,4387,1824,1575,2670,1620
bmw,BMW,2 Series Active Tourer,2 Series Active Tourer (2018),2018,2021,,216i 6MT FWD (109 HP),Gasoline,3,1499,109,190,6-speed manual,Front Wheel Drive,11.3,190,5.8,4354,1801,1554,2670,1425
bmw,BMW,2 Series Active Tourer,2 Series Active Tourer (2018),2018,2021,,218i 6MT FWD (140 HP),Gasoline,3,1499,140,220,6-speed manual,Front Wheel Drive,9.3,204,5.8,4354,1801,1554,2670,1430
bmw,BMW,2 Series Active Tourer,2 Series Active Tourer (2018),2018,2021,,218i 7AT FWD (140 HP),Gasoline,3,1499,140,220,7-speed automatic (DCT),Front Wheel Drive,9.3,204,5.8,4354,1801,1554,2670,1460
bmw,BMW,2 Series Active Tourer,2 Series Active Tourer (2018),2018,2021,,220i 7AT FWD (192 HP),Gasoline,4,1998,192,280,7-speed automatic (DCT),Front Wheel Drive,7.4,229,5.9,4354,1801,1554,2670,1480
bmw,BMW,2 Series Active Tourer,2 Series Active Tourer (2018),2018,2021,,225i xDrive 8AT AWD (231 HP),Gasoline,4,1998,231,350,8-speed automatic (Steptronic),All Wheel Drive,6.3,235,6.4,4354,1801,1554,2670,1595
bmw,BMW,2 Series Active Tourer,2 Series Active Tourer (2018),2018,2021,,216d 6MT FWD (116 HP),Diesel,3,1496,116,270,6-speed manual,Front Wheel Drive,11.1,195,4.3,4354,1801,1554,2670,1495
bmw,BMW,2 Series Active Tourer,2 Series Active Tourer (2018),2018,2021,,216d 7AT FWD (116 HP),Diesel,3,1496,116,270,7-speed automatic (DCT),Front Wheel Drive,11.1,195,4.3,4354,1801,1554,2670,1505
bmw,BMW,2 Series Active Tourer,2 Series Active Tourer (2018),2018,2021,,218d 6MT FWD (150 HP),Diesel,4,1995,150,350,6-speed manual,Front Wheel Drive,9.5,203,4.5,4354,1801,1554,2670,1515
bmw,BMW,2 Series Active Tourer,2 Series Active Tourer (2018),2018,2021,,218d 8AT FWD (150 HP),Diesel,4,1995,150,350,8-speed automatic (Steptronic),Front Wheel Drive,9.6,203,4.5,4354,1801,1554,2670,1555
bmw,BMW,2 Series Active Tourer,2 Series Active Tourer (2018),2018,2021,,218d xDrive 6MT AWD (150 HP),Diesel,4,1995,150,350,6-speed manual,All Wheel Drive,8.8,209,5.1,4354,1801,1554,2670,1595
bmw,BMW,2 Series Active Tourer,2 Series Active Tourer (2018),2018,2021,,218d xDrive 8AT AWD (150 HP),Diesel,4,1995,150,350,8-speed automatic (Steptronic),All Wheel Drive,9,209,4.7,4354,1801,1554,2670,1615
bmw,BMW,2 Series Active Tourer,2 Series Active Tourer (2018),2018,2021,,220d 8AT FWD (190 HP),Diesel,4,1995,190,400,8-speed automatic (Steptronic),Front Wheel Drive,8.2,214,4.4,4354,1801,1554,2670,1545
bmw,BMW,2 Series Active Tourer,2 Series Active Tourer (2018),2018,2021,,220d xDrive 8AT AWD (190 HP),Diesel,4,1995,190,400,8-speed automatic (Steptronic),All Wheel Drive,8.1,212,4.7,4354,1801,1554,2670,1615
bmw,BMW,2 Series Active Tourer,2 Series Active Tourer (2018),2018,2021,,225xe 6AT AWD (224 HP),Hybrid Gasoline,3,1499,136,220,6-speed automatic (Steptronic),All Wheel Drive,6.7,203,2.5,4354,1801,1554,2670,1735
bmw,BMW,2 Series Active Tourer,2 Series Active Tourer (2018),2018,2021,,225xe iPerformnace 6AT (224 HP),Hybrid Gasoline,3,1499,136,220,6-speed automatic (Steptronic),All Wheel Drive,6.7,203,2.1,4354,1801,1554,2670,1735
bmw,BMW,2 Series Active Tourer,2 Series Active Tourer (2014),2014,2018,,218i 6AT FWD (136 HP),Gasoline,3,1499,136,220,6-speed automatic,Front Wheel Drive,9.6,200,5.1,4341,1801,1554,2670,1320
bmw,BMW,2 Series Active Tourer,2 Series Active Tourer (2014),2014,2018,,218i 6MT FWD (136 HP),Gasoline,3,1499,136,220,6 speed manual,Front Wheel Drive,9.3,200,4.9,4341,1801,1554,2670,1320
bmw,BMW,2 Series Active Tourer,2 Series Active Tourer (2014),2014,2018,,220i 6MT FWD (192 HP),Gasoline,4,1998,192,281,6-speed manual,Front Wheel Drive,7.5,230,5.9,4341,1801,1554,2670,1475
bmw,BMW,2 Series Active Tourer,2 Series Active Tourer (2014),2014,2018,,220i 8AT FWD (192 HP),Gasoline,4,1998,192,281,8-speed automatic,Front Wheel Drive,7.4,229,5.6,4341,1801,1554,2670,1505
bmw,BMW,2 Series Active Tourer,2 Series Active Tourer (2014),2014,2018,,225i 8AT FWD (231 HP),Gasoline,4,1998,231,350,8-speed-automatic,Front Wheel Drive,6.8,235,6,4341,1801,1554,2670,1430
bmw,BMW,2 Series Active Tourer,2 Series Active Tourer (2014),2014,2018,,225i xDrive 8AT AWD (231 HP),Gasoline,4,1998,231,350,8-speed automatic,All Wheel Drive,6.3,237,6.4,4341,1801,1554,2670,1585
bmw,BMW,2 Series Active Tourer,2 Series Active Tourer (2014),2014,2018,,214d 6MT FWD (95 HP),Diesel,3,1496,95,220,6-speed manual,Front Wheel Drive,12.9,185,3.8,4341,1801,1554,2670,1350
bmw,BMW,2 Series Active Tourer,2 Series Active Tourer (2014),2014,2018,,216d 6MT FWD (115 HP),Diesel,3,1496,116,270,6-speed manual,Front Wheel Drive,10.6,195,3.8,4341,1801,1554,2670,1440
bmw,BMW,2 Series Active Tourer,2 Series Active Tourer (2014),2014,2018,,218d 6MT FWD (150 HP),Diesel,4,1998,150,329,6 speed manual,Front Wheel Drive,8.9,204,4.1,4341,1801,1554,2670,1375
bmw,BMW,2 Series Active Tourer,2 Series Active Tourer (2014),2014,2018,,218d 8AT FWD (150 HP),Diesel,4,1998,150,329,8 speed automatic,Front Wheel Drive,8.9,204,4.1,4341,1801,1554,2670,1450
bmw,BMW,2 Series Active Tourer,2 Series Active Tourer (2014),2014,2018,,220d 6MT FWD (190 HP),Diesel,4,1995,190,400,6-speed manual,Front Wheel Drive,7.6,227,4.4,4341,1801,1554,2670,1480
bmw,BMW,2 Series Active Tourer,2 Series Active Tourer (2014),2014,2018,,220d 8AT FWD (190 HP),Diesel,4,1995,189,400,8-speed automatic,Front Wheel Drive,7.5,225,4.3,4341,1801,1554,2670,1505
bmw,BMW,2 Series Active Tourer,2 Series Active Tourer (2014),2014,2018,,220d xDrive 8AT AWD (190 HP),Diesel,4,1995,189,400,8-speed automatic,All Wheel Drive,7.3,224,4.6,4341,1801,1554,2670,1585
bmw,BMW,2 Series Active Tourer,2 Series Active Tourer (2014),2014,2018,,225xe 6AT AWD (224 HP),Hybrid Gasoline,4,1499,136,220,6-speed automatic (Steptronic),All Wheel Drive,6.7,203,2.1,4341,1801,1554,2670,1660
bmw,BMW,2 Series Gran,2 Series Gran Coupe (2024),2024,,,228 xDrive 7AT AWD (241 HP),Gasoline,4,1998,241,400,7-speed automatic Steptronic,All Wheel Drive,5.8,209,,4547,1801,1445,2670,1603
bmw,BMW,2 Series Gran,2 Series Gran Coupe (2024),2024,,,M235 xDrive 7AT AWD (300 HP),Gasoline,4,1998,300,400,7-speed automatic Steptronic,All Wheel Drive,4.9,249,7.5,4547,1801,1445,2670,1575
bmw,BMW,2 Series Gran,2 Series Gran Coupe (2024),2024,,,218d 7AT RWD (150 HP),Diesel,4,1995,150,360,7-speed automatic Steptronic,Rear Wheel Drive,8.4,225,4.6,4547,1801,1445,2670,1490
bmw,BMW,2 Series Gran,2 Series Gran Coupe (2024),2024,,,220 MHEV 7AT RWD (170 HP),Mild Hybrid,3,1449,156,240,7-speed automatic Steptronic,Rear Wheel Drive,7.9,230,5.2,4547,1801,1445,2670,1450
bmw,BMW,2 Series Gran,2 Series Gran Coupe (2024),2024,,,220d MHEV 7AT RWD (163 HP),Mild Hybrid Diesel,4,1995,150,360,7-speed automatic Steptronic,Front Wheel Drive,8,225,4.2,4547,1801,1445,2670,1525
bmw,BMW,2 Series Gran,2 Series Gran Coupe (2019),2019,2024,,218i 6MT RWD (140 HP),Gasoline,4,1499,140,220,6-Speed manual,Front Wheel Drive,8.7,216,5.7,4526,1801,1420,2670,1375
bmw,BMW,2 Series Gran,2 Series Gran Coupe (2019),2019,2024,,218i 7AT RWD (140 HP),Gasoline,4,1499,140,220,7-speed automatic DCT,Front Wheel Drive,8.7,216,5.4,4526,1801,1420,2670,1450
bmw,BMW,2 Series Gran,2 Series Gran Coupe (2019),2019,2024,,M235i xDrive 8AT AWD (306 HP),Gasoline,4,1998,306,450,8-speed automatic,Front Wheel Drive,4.9,249,7.1,4526,1801,1420,2670,1645
bmw,BMW,2 Series Gran,2 Series Gran Coupe (2019),2019,2024,,218d 6MT RWD (150 HP),Diesel,4,1995,150,350,8-speed automatic,Front Wheel Drive,8.6,222,4.2,4526,1801,1420,2670,1425
bmw,BMW,2 Series Gran,2 Series Gran Coupe (2019),2019,2024,,218d 8AT RWD (150 HP),Diesel,4,1995,150,350,8-speed automatic,Front Wheel Drive,8.5,222,4.2,4526,1801,1420,2670,1470
bmw,BMW,2 Series Gran,2 Series Gran Coupe (2019),2019,2024,,220d 8AT RWD (190 HP),Diesel,4,1995,190,400,8-speed automatic,Front Wheel Drive,7.5,235,4.5,4526,1801,1420,2670,1580
bmw,BMW,2 Series Gran,2 Series Gran Coupe (2019),2019,2024,,220d xDrive 8AT AWD (190 HP),Diesel,4,1995,190,400,8-speed automatic,All Wheel Drive,7.3,233,4.5,4526,1801,1420,2670,1565
bmw,BMW,2 Series Gran,2 Series Gran Coupe (2019),2019,2024,,228i xDrive 8AT AWD (228 HP),Diesel,4,1998,228,350,8-speed automatic,Front Wheel Drive,8.5,222,,4526,1801,1420,2670,1603
bmw,BMW,2 Series Gran Tourer,2 Series Gran Tourer (2018),2018,2021,,216i 6MT (109 HP),Gasoline,3,1499,109,190,6-speed manual,Front Wheel Drive,11.7,188,6.1,4567,1801,1608,2779,1485
bmw,BMW,2 Series Gran Tourer,2 Series Gran Tourer (2018),2018,2021,,218i 6MT (140 HP),Gasoline,3,1499,140,220,6-speed manual,Front Wheel Drive,9.5,204,6,4567,1801,1608,2779,1490
bmw,BMW,2 Series Gran Tourer,2 Series Gran Tourer (2018),2018,2021,,218i 7AT (140 HP),Gasoline,3,1499,140,220,7-speed automatic (DCT),Front Wheel Drive,9.8,204,6,4567,1801,1608,2779,1515
bmw,BMW,2 Series Gran Tourer,2 Series Gran Tourer (2018),2018,2021,,220i 7AT (192 HP),Gasoline,4,1998,192,280,7-speed automatic (DCT),Front Wheel Drive,7.6,222,6.1,4567,1801,1608,2779,1560
bmw,BMW,2 Series Gran Tourer,2 Series Gran Tourer (2018),2018,2021,,216d 6MT (116 HP),Diesel,3,1496,116,270,6-speed manual,Front Wheel Drive,11.5,192,4.4,4567,1801,1608,2779,1555
bmw,BMW,2 Series Gran Tourer,2 Series Gran Tourer (2018),2018,2021,,216d 7AT (116 HP),Diesel,3,1496,116,270,7-speed automatic (DCT),Front Wheel Drive,11.5,192,4.4,4567,1801,1608,2779,1575
bmw,BMW,2 Series Gran Tourer,2 Series Gran Tourer (2018),2018,2021,,218d 6MT (150 HP),Diesel,4,1995,150,350,6-speed manual,Front Wheel Drive,9.4,204,4.6,4567,1801,1608,2779,1590
bmw,BMW,2 Series Gran Tourer,2 Series Gran Tourer (2018),2018,2021,,218d 8AT (150 HP),Diesel,4,1995,150,350,8-speed automatic (Steptronic),Front Wheel Drive,9.4,204,4.7,4567,1801,1608,2779,1615
bmw,BMW,2 Series Gran Tourer,2 Series Gran Tourer (2018),2018,2021,,218d xDrive 6MT (150 HP),Diesel,4,1995,150,350,6-speed manual,All Wheel Drive,9.1,204,5.2,4567,1801,1608,2779,1665
bmw,BMW,2 Series Gran Tourer,2 Series Gran Tourer (2018),2018,2021,,218d xDrive 8AT (150 HP),Diesel,4,1995,150,350,8-speed automatic (Steptronic),All Wheel Drive,9.4,204,4.8,4567,1801,1608,2779,1685
bmw,BMW,2 Series Gran Tourer,2 Series Gran Tourer (2018),2018,2021,,220d 8AT (190 HP),Diesel,4,1995,190,400,8-speed automatic (Steptronic),Front Wheel Drive,8,220,4.6,4567,1801,1608,2779,1630
bmw,BMW,2 Series Gran Tourer,2 Series Gran Tourer (2018),2018,2021,,220d xDrive 8AT (190 HP),Diesel,4,1995,190,400,8-speed automatic (Steptronic),All Wheel Drive,7.8,217,4.9,4567,1801,1608,2779,1690
bmw,BMW,2 Series Gran Tourer,2 Series Gran Tourer (2015),2015,2018,,218i 6AT FWD (136 HP),Gasoline,3,1499,136,220,6-speed automatic,Front Wheel Drive,9.5,203,5.5,4557,1801,1608,2779,1425
bmw,BMW,2 Series Gran Tourer,2 Series Gran Tourer (2015),2015,2018,,218i 6MT FWD (136 HP),Gasoline,3,1499,136,220,6-speed manual,Front Wheel Drive,9.5,204,5.5,4557,1801,1608,2779,1395
bmw,BMW,2 Series Gran Tourer,2 Series Gran Tourer (2015),2015,2018,,220i 6MT FWD (192 HP),Gasoline,4,1998,192,281,6-speed manual,Front Wheel Drive,7.7,224,6.4,4557,1801,1608,2779,1455
bmw,BMW,2 Series Gran Tourer,2 Series Gran Tourer (2015),2015,2018,,220i 8AT FWD (192 HP),Gasoline,4,1998,192,281,8-speed automatic,Front Wheel Drive,7.6,222,6.1,4557,1801,1608,2779,1495
bmw,BMW,2 Series Gran Tourer,2 Series Gran Tourer (2015),2015,2018,,216d 6AT FWD (116 HP),Diesel,3,1496,116,270,6-speed automatic,Front Wheel Drive,10.9,192,4.3,4557,1801,1608,2779,1430
bmw,BMW,2 Series Gran Tourer,2 Series Gran Tourer (2015),2015,2018,,216d 6MT FWD (116 HP),Diesel,3,1496,116,270,6-speed manual,Front Wheel Drive,11.1,192,4.2,4557,1801,1608,2779,1420
bmw,BMW,2 Series Gran Tourer,2 Series Gran Tourer (2015),2015,2018,,218d 6MT FWD (150 HP),Diesel,4,1995,150,329,6-speed manual,Front Wheel Drive,9.3,204,4.5,4557,1801,1608,2779,1450
bmw,BMW,2 Series Gran Tourer,2 Series Gran Tourer (2015),2015,2018,,218d 8AT FWD (150 HP),Diesel,4,1995,150,329,8-speed automatic,Front Wheel Drive,9.3,208,4.5,4557,1801,1608,2779,1480
bmw,BMW,2 Series Gran Tourer,2 Series Gran Tourer (2015),2015,2018,,220d 8AT FWD (190 HP),Diesel,4,1995,189,400,8-speed automatic,Front Wheel Drive,7.6,217,5.1,4557,1801,1608,2779,1565
bmw,BMW,2 Series Gran Tourer,2 Series Gran Tourer (2015),2015,2018,,220d xDrive 8AT AWD (190 HP),Diesel,4,1995,189,400,8-speed automatic,All Wheel Drive,7.6,217,5.1,4557,1801,1608,2779,1640
bmw,BMW,2002,2002 (1973),1973,1975,,2.0L 4MT RWD (170 HP),Gasoline,4,1991,170,240,4-speed manual,Rear Wheel Drive,7,211,9.7,4219,1621,1410,2499,1060
bmw,BMW,2002,2002 (1973),1973,1975,,2.0L 5MT RWD (170 HP),Gasoline,4,1991,170,240,5-speed manual,Rear Wheel Drive,7,211,10,4219,1621,1410,2499,1060
bmw,BMW,2002,2002 (1968),1968,1975,,2.0L 3AT RWD (100 HP),Gasoline,4,1991,100,144,3-speed automatic,Rear Wheel Drive,12,167,12.8,4229,1590,1410,2499,960
bmw,BMW,2002,2002 (1968),1968,1975,,2.0L 4MT RWD (100 HP),Gasoline,4,1991,100,144,4-speed manual,Rear Wheel Drive,10.2,171,11,4229,1590,1410,2499,940
bmw,BMW,2002,2002 (1968),1968,1975,,2.0L Tii 4MT RWD (130 HP),Gasoline,4,1991,131,178,4-speed manual,Rear Wheel Drive,9.4,193,8.8,4229,1590,1410,2499,990
bmw,BMW,2002,2002 (1968),1968,1975,,2.0L Tii 5MT RWD (130 HP),Gasoline,4,1991,131,178,5-speed manual,Rear Wheel Drive,9.4,187,8.8,4229,1590,1410,2499,1010
bmw,BMW,2800 CS,2800 CS (1968),1968,1971,,2.8L 3AT RWD (170 HP),Gasoline,6,2788,170,235,3-speed automatic,Rear Wheel Drive,10,198,13.6,4658,1681,1377,2616,1350
bmw,BMW,2800 CS,2800 CS (1968),1968,1971,,2.8L 4MT RWD (170 HP),Gasoline,6,2788,170,235,4-speed manual,Rear Wheel Drive,8.4,204,11,4658,1681,1377,2616,1290
bmw,BMW,3 Series,3 Series Touring (2024),2024,,,318i 8AT RWD (156 HP),Gasoline,4,1998,156,250,8-speed automatic Steptronic,Rear Wheel Drive,8.8,217,7.4,4714,1826,1448,2850,
bmw,BMW,3 Series,3 Series Touring (2024),2024,,,320i 8AT RWD (184 HP),Gasoline,4,1998,184,300,8-speed automatic Steptronic,Rear Wheel Drive,7.6,230,7.5,4714,1826,1448,2850,
bmw,BMW,3 Series,3 Series Touring (2024),2024,,,330i xDrive 8AT AWD (245 HP),Gasoline,4,1998,245,400,8-speed automatic Steptronic,All Wheel Drive,6,249,8,4714,1826,1448,2850,
bmw,BMW,3 Series,3 Series Touring (2024),2024,,,318d 8AT RWD (150 HP),Mild Hybrid Diesel,4,1995,150,320,8-speed automatic Steptronic,Rear Wheel Drive,8.8,212,5.8,4714,1826,1440,2850,
bmw,BMW,3 Series,3 Series Touring (2024),2024,,,320d 8AT RWD (190 HP),Mild Hybrid Diesel,4,1995,190,400,8-speed automatic Steptronic,Rear Wheel Drive,7.2,229,5.8,4714,1826,1440,2850,
bmw,BMW,3 Series,3 Series Touring (2024),2024,,,320d xDrive 8AT AWD (190 HP),Mild Hybrid Diesel,4,1995,190,400,8-speed automatic Steptronic,All Wheel Drive,7.5,225,6.1,4714,1826,1440,2850,
bmw,BMW,3 Series,3 Series Touring (2024),2024,,,330d xDrive 8AT AWD (286 HP),Mild Hybrid Diesel,6,2993,286,650,8-speed automatic Steptronic,All Wheel Drive,5.2,249,6.5,4714,1826,1440,2850,
bmw,BMW,3 Series,3 Series Touring (2024),2024,,,M340d xDrive 8AT AWD (340 HP),Mild Hybrid Diesel,6,2993,340,700,8-speed automatic Steptronic,All Wheel Drive,4.7,249,6.8,4714,1826,1440,2850,
bmw,BMW,3 Series,3 Series Touring (2024),2024,,,330e 8AT RWD (292 HP),Hybrid Gasoline,4,1998,184,300,8-speed automatic Steptronic,Rear Wheel Drive,6,230,1.1,4714,1826,1448,2850,
bmw,BMW,3 Series,3 Series Touring (2024),2024,,,330e xDrive 8AT AWD (292 HP),Hybrid Gasoline,4,1998,184,300,8-speed automatic Steptronic,All Wheel Drive,6,230,1.2,4714,1826,1448,2850,
bmw,BMW,3 Series,3 Series Touring (2024),2024,,,M340i xDrive 8AT AWD (374 HP),Mild Hybrid,6,2998,374,500,8-speed automatic Steptronic,All Wheel Drive,4.6,249,8.8,4714,1826,1448,2850,
bmw,BMW,3 Series,3 Series Touring (2022),2022,2024,,318i 8AT RWD (156 HP),Gasoline,4,1998,156,250,8-speed automatic Steptronic,Rear Wheel Drive,8.8,217,7.5,4714,1826,1440,2850,1575
bmw,BMW,3 Series,3 Series Touring (2022),2022,2024,,320i 8AT RWD (184 HP),Gasoline,4,1998,184,300,8-speed automatic Steptronic,Rear Wheel Drive,7.6,230,7.5,4714,1826,1440,2850,1585
bmw,BMW,3 Series,3 Series Touring (2022),2022,2024,,330i 8AT RWD (245 HP),Gasoline,4,1998,245,400,8-speed automatic Steptronic,Rear Wheel Drive,6.1,249,7.6,4714,1826,1440,2850,1600
bmw,BMW,3 Series,3 Series Touring (2022),2022,2024,,330i xDrive 8AT AWD (245 HP),Gasoline,4,1998,245,400,8-speed automatic Steptronic,All Wheel Drive,6,249,8.1,4714,1826,1440,2850,1660
bmw,BMW,3 Series,3 Series Touring (2022),2022,2024,,318d 8AT RWD (150 HP),Mild Hybrid Diesel,4,1995,150,320,8-speed automatic Steptronic,Rear Wheel Drive,8.8,212,5.7,4714,1826,1440,2850,1630
bmw,BMW,3 Series,3 Series Touring (2022),2022,2024,,320d 8AT RWD (190 HP),Mild Hybrid Diesel,4,1995,190,400,8-speed automatic Steptronic,Rear Wheel Drive,7.2,229,5.7,4714,1826,1440,2850,1635
bmw,BMW,3 Series,3 Series Touring (2022),2022,2024,,320d xDrive 8AT AWD (190 HP),Mild Hybrid Diesel,4,1995,190,400,8-speed automatic Steptronic,All Wheel Drive,7.5,225,6,4714,1826,1440,2850,1700
bmw,BMW,3 Series,3 Series Touring (2022),2022,2024,,330d 8AT RWD (286 HP),Mild Hybrid Diesel,6,2993,286,650,8-speed automatic Steptronic,Rear Wheel Drive,5.5,249,6,4714,1826,1440,2850,1770
bmw,BMW,3 Series,3 Series Touring (2022),2022,2024,,330d xDrive 8AT AWD (286 HP),Mild Hybrid Diesel,6,2993,286,650,8-speed automatic Steptronic,All Wheel Drive,5.2,249,6.3,4714,1826,1440,2850,1825
bmw,BMW,3 Series,3 Series Touring (2022),2022,2024,,M340d xDrive 8AT AWD (340 HP),Mild Hybrid Diesel,6,2993,340,700,8-speed automatic Steptronic,All Wheel Drive,4.7,249,6.6,4714,1826,1440,2850,1870
bmw,BMW,3 Series,3 Series Touring (2022),2022,2024,,320e 8AT RWD (204 HP),Hybrid Gasoline,4,1998,163,300,8-speed automatic Steptronic,Rear Wheel Drive,7.9,220,1.9,4714,1826,1440,2850,1825
bmw,BMW,3 Series,3 Series Touring (2022),2022,2024,,320e xDrive 8AT AWD (204 HP),Hybrid Gasoline,4,1998,163,300,8-speed automatic Steptronic,All Wheel Drive,8.2,219,1.9,4714,1826,1440,2850,1880
bmw,BMW,3 Series,3 Series Touring (2022),2022,2024,,330e 8AT RWD (292 HP),Hybrid Gasoline,4,1998,184,300,8-speed automatic Steptronic,Rear Wheel Drive,5.9,230,1.9,4714,1826,1440,2850,1825
bmw,BMW,3 Series,3 Series Touring (2022),2022,2024,,330e xDrive 8AT AWD (292 HP),Hybrid Gasoline,4,1998,184,300,8-speed automatic Steptronic,All Wheel Drive,5.9,225,2.1,4714,1826,1440,2850,1880
bmw,BMW,3 Series,3 Series Touring (2022),2022,2024,,M340i xDrive 8AT AWD (374 HP),Mild Hybrid,6,2998,374,500,8-speed automatic Steptronic,All Wheel Drive,4.6,249,8.8,4714,1826,1440,2850,1795
bmw,BMW,3 Series,3 Series Touring (2019),2019,2022,,320i 8AT RWD (184 HP),Gasoline,4,1998,184,300,8-speed automatic Steptronic,Front Wheel Drive,7.5,230,6.1,4709,1826,1440,2850,1645
bmw,BMW,3 Series,3 Series Touring (2019),2019,2022,,330i 8AT RWD (258 HP),Gasoline,4,1998,258,400,8-speed automatic Steptronic,All Wheel Drive,5.8,249,6.6,4709,1826,1440,2850,1715
bmw,BMW,3 Series,3 Series Touring (2019),2019,2022,,330i xDrive 8AT AWD (258 HP),Gasoline,4,1998,258,400,8-speed automatic Steptronic,All Wheel Drive,5.8,249,6.6,4709,1826,1440,2850,1715
bmw,BMW,3 Series,3 Series Touring (2019),2019,2022,,M340i xDrive 8AT AWD (374 HP),Gasoline,6,2998,374,500,8-speed automatic Steptronic,All Wheel Drive,4.5,249,7.6,4709,1826,1440,2850,1845
bmw,BMW,3 Series,3 Series Touring (2019),2019,2022,,318d 6MT RWD (150 HP),Diesel,4,1995,150,320,6-Speed manual,Rear Wheel Drive,8.9,217,4.8,4709,1826,1440,2850,1650
bmw,BMW,3 Series,3 Series Touring (2019),2019,2022,,318d 8AT RWD (150 HP),Diesel,4,1995,150,320,8-speed automatic Steptronic,Rear Wheel Drive,8.8,216,4.7,4709,1826,1440,2850,1660
bmw,BMW,3 Series,3 Series Touring (2019),2019,2022,,320d 6MT FWD (190 HP),Diesel,4,1995,190,400,6-Speed manual,Rear Wheel Drive,7.5,229,4.8,4709,1826,1440,2850,1640
bmw,BMW,3 Series,3 Series Touring (2019),2019,2022,,320d 8AT RWD (190 HP),Diesel,4,1995,190,400,8-speed automatic Steptronic,Rear Wheel Drive,7.1,230,4.8,4709,1826,1440,2850,1660
bmw,BMW,3 Series,3 Series Touring (2019),2019,2022,,320d xDrive 8AT AWD (190 HP),Diesel,4,1995,190,400,8-speed automatic Steptronic,All Wheel Drive,7.4,225,4.9,4709,1826,1440,2850,1715
bmw,BMW,3 Series,3 Series Touring (2019),2019,2022,,330d xDrive 8AT AWD (265 HP),Diesel,6,2993,265,580,8-speed automatic Steptronic,All Wheel Drive,5.4,249,5.6,4709,1826,1445,2850,1820
bmw,BMW,3 Series,3 Series Touring (2019),2019,2022,,M340d xDrive AWD (340 HP),Diesel,6,2993,340,700,8-speed automatic Steptronic,All Wheel Drive,4.8,249,0,4709,1826,1445,2850,1955
bmw,BMW,3 Series,3 Series Touring (2016),2016,2019,,318i 6MT RWD (136 HP),Gasoline,3,1499,136,220,6-speed manual,Rear Wheel Drive,9.2,209,5.9,4633,1811,1430,2809,1470
bmw,BMW,3 Series,3 Series Touring (2016),2016,2019,,318i 8AT RWD (136 HP),Gasoline,3,1499,136,220,8-speed automatic (Steptronic),Rear Wheel Drive,9.3,209,5.8,4633,1811,1430,2809,1490
bmw,BMW,3 Series,3 Series Touring (2016),2016,2019,,320i 6MT RWD (184 HP),Gasoline,4,1998,184,290,6-speed manual,Rear Wheel Drive,7.5,230,6.3,4633,1811,1430,2809,1510
bmw,BMW,3 Series,3 Series Touring (2016),2016,2019,,320i 8AT RWD (184 HP),Gasoline,4,1998,184,290,8-speed automatic (Steptronic),Rear Wheel Drive,7.5,229,5.9,4633,1811,1430,2809,1520
bmw,BMW,3 Series,3 Series Touring (2016),2016,2019,,320i xDrive 6MT AWD (184 HP),Gasoline,4,1998,184,270,6-speed manual,All Wheel Drive,7.7,225,7.3,4633,1811,1430,2809,1600
bmw,BMW,3 Series,3 Series Touring (2016),2016,2019,,320i xDrive 8AT AWD (184 HP),Gasoline,4,1998,184,270,8-speed automatic (Steptronic),All Wheel Drive,7.9,224,6.5,4633,1811,1430,2809,1610
bmw,BMW,3 Series,3 Series Touring (2016),2016,2019,,330i 6MT RWD (252 HP),Gasoline,4,1998,252,350,6-speed manual,Rear Wheel Drive,6,249,6.7,4633,1811,1430,2809,1540
bmw,BMW,3 Series,3 Series Touring (2016),2016,2019,,330i 8AT RWD (252 HP),Gasoline,4,1998,253,350,8-speed automatic (Steptronic),Rear Wheel Drive,5.9,249,6.1,4633,1811,1430,2809,1565
bmw,BMW,3 Series,3 Series Touring (2016),2016,2019,,330i xDrive 8AT AWD (252 HP),Gasoline,4,1998,253,350,8-speed automatic (Steptronic),All Wheel Drive,6,249,6.5,4633,1811,1430,2809,1630
bmw,BMW,3 Series,3 Series Touring (2016),2016,2019,,340i 8AT RWD (326 HP),Gasoline,6,1998,326,450,8-speed automatic (Steptronic),All Wheel Drive,5.1,249,7,4633,1811,1430,2809,1615
bmw,BMW,3 Series,3 Series Touring (2016),2016,2019,,340i xDrive 8AT AWD (326 HP),Gasoline,6,1998,326,450,8-speed automatic (Steptronic),All Wheel Drive,5,249,7.6,4633,1811,1430,2809,1680
bmw,BMW,3 Series,3 Series Touring (2016),2016,2019,,316d 6MT RWD (116 HP),Diesel,4,1995,116,270,6-speed manual,Rear Wheel Drive,11.2,200,4.6,4633,1811,1430,2809,1495
bmw,BMW,3 Series,3 Series Touring (2016),2016,2019,,316d 8AT RWD (116 HP),Diesel,4,1995,116,270,8-speed automatic (Steptronic),Rear Wheel Drive,11.1,198,4.6,4633,1811,1430,2809,1510
bmw,BMW,3 Series,3 Series Touring (2016),2016,2019,,318d 6MT RWD (150 HP),Diesel,4,1995,150,320,6-speed manual,Rear Wheel Drive,8.9,209,4.6,4633,1811,1430,2809,1500
bmw,BMW,3 Series,3 Series Touring (2016),2016,2019,,318d 8AT RWD (150 HP),Diesel,4,1995,150,320,8-speed automatic (Steptronic),Rear Wheel Drive,8.8,209,4.5,4633,1811,1430,2809,1520
bmw,BMW,3 Series,3 Series Touring (2016),2016,2019,,318d xDrive 6MT AWD (150 HP),Diesel,4,1995,150,320,6-speed manual,All Wheel Drive,9.2,206,5.1,4633,1811,1430,2809,1570
bmw,BMW,3 Series,3 Series Touring (2016),2016,2019,,320d 6MT RWD (190 HP),Diesel,4,1995,189,400,6-speed manual,Rear Wheel Drive,7.6,230,4.7,4633,1811,1430,2809,1510
bmw,BMW,3 Series,3 Series Touring (2016),2016,2019,,320d 8AT RWD (190 HP),Diesel,4,1995,189,400,8-speed automatic (Steptronic),Rear Wheel Drive,7.4,225,4.5,4633,1811,1430,2809,1530
bmw,BMW,3 Series,3 Series Touring (2016),2016,2019,,320d EfficientDynamics 6MT RWD (163 HP),Diesel,4,1995,163,400,6-speed manual,Rear Wheel Drive,8.2,222,4.5,4633,1811,1430,2809,1500
bmw,BMW,3 Series,3 Series Touring (2016),2016,2019,,320d EfficientDynamics 8AT RWD (163 HP),Diesel,4,1995,163,400,8-speed automatic (Steptronic),Rear Wheel Drive,8.1,222,4.4,4633,1811,1430,2809,1510
bmw,BMW,3 Series,3 Series Touring (2016),2016,2019,,320d xDrive 6MT AWD (190 HP),Diesel,4,1995,189,400,6-speed manual,All Wheel Drive,7.6,229,5,4633,1811,1430,2809,1580
bmw,BMW,3 Series,3 Series Touring (2016),2016,2019,,320d xDrive 8AT AWD (190 HP),Diesel,4,1995,189,400,8-speed automatic (Steptronic),All Wheel Drive,7.6,222,4.9,4633,1811,1430,2809,1605
bmw,BMW,3 Series,3 Series Touring (2016),2016,2019,,325d 6MT RWD (218 HP),Diesel,4,1995,218,450,6-speed manual,Rear Wheel Drive,6.9,238,5.2,4633,1811,1430,2809,1540
bmw,BMW,3 Series,3 Series Touring (2016),2016,2019,,325d 8AT RWD (218 HP),Diesel,4,1995,218,450,8-speed automatic (Steptronic),Rear Wheel Drive,6.7,238,4.9,4633,1811,1430,2809,1560
bmw,BMW,3 Series,3 Series Touring (2016),2016,2019,,330d 8AT RWD (258 HP),Diesel,6,2993,257,560,8-speed automatic (Steptronic),Rear Wheel Drive,5.6,249,5.3,4633,1811,1430,2809,1610
bmw,BMW,3 Series,3 Series Touring (2016),2016,2019,,330d xDrive 8AT AWD (258 HP),Diesel,6,2993,257,560,8-speed automatic (Steptronic),All Wheel Drive,5.4,249,5.5,4633,1811,1430,2809,1680
bmw,BMW,3 Series,3 Series Touring (2016),2016,2019,,335d xDrive 8AT AWD (313 HP),Diesel,6,2993,313,630,8-speed automatic (Steptronic),All Wheel Drive,4.9,249,5.7,4633,1811,1430,2809,1695
bmw,BMW,3 Series,3 Series Touring (2012),2012,2016,,316i 6MT RWD (136 HP),Gasoline,4,1598,136,220,6-speed manual,Rear Wheel Drive,9.4,209,5.9,4623,1811,1430,2809,1450
bmw,BMW,3 Series,3 Series Touring (2012),2012,2016,,316i 8AT RWD (136 HP),Gasoline,4,1598,136,220,8-speed automatic (Steptronic),Rear Wheel Drive,9.3,209,5.9,4623,1811,1430,2809,1470
bmw,BMW,3 Series,3 Series Touring (2012),2012,2016,,320i 6MT RWD (184 HP),Gasoline,4,1997,184,270,6-speed manual,Rear Wheel Drive,7.5,233,6.4,4623,1811,1430,2809,1465
bmw,BMW,3 Series,3 Series Touring (2012),2012,2016,,320i 8AT RWD (184 HP),Gasoline,4,1997,184,270,8-speed automatic (Steptronic),Rear Wheel Drive,7.5,229,6.1,4623,1811,1430,2809,1485
bmw,BMW,3 Series,3 Series Touring (2012),2012,2016,,320i xDrive 6MT AWD (184 HP),Gasoline,4,1997,184,270,6-speed manual,All Wheel Drive,7.6,225,6.8,4623,1811,1430,2809,1555
bmw,BMW,3 Series,3 Series Touring (2012),2012,2016,,320i xDrive 8AT AWD (184 HP),Gasoline,4,1997,184,270,8-speed automatic (Steptronic),All Wheel Drive,7.6,225,6.5,4623,1811,1430,2809,1575
bmw,BMW,3 Series,3 Series Touring (2012),2012,2016,,328i 6MT RWD (245 HP),Gasoline,4,1997,245,350,6-speed manual,Rear Wheel Drive,6,249,6.8,4623,1811,1430,2809,1500
bmw,BMW,3 Series,3 Series Touring (2012),2012,2016,,328i 8AT RWD (245 HP),Gasoline,4,1997,245,350,8-speed automatic (Steptronic),Rear Wheel Drive,6,249,6.5,4623,1811,1430,2809,1520
bmw,BMW,3 Series,3 Series Touring (2012),2012,2016,,328i xDrive 6MT AWD (245 HP),Gasoline,4,1997,245,350,6-speed manual,All Wheel Drive,5.9,249,7.1,4623,1811,1430,2809,1590
bmw,BMW,3 Series,3 Series Touring (2012),2012,2016,,328i xDrive 8AT AWD (245 HP),Gasoline,4,1997,245,350,8-speed automatic (Steptronic),All Wheel Drive,6.1,246,6.9,4623,1811,1430,2809,1610
bmw,BMW,3 Series,3 Series Touring (2012),2012,2016,,335i 6MT RWD (306 HP),Gasoline,6,2979,306,400,6-speed manual,Rear Wheel Drive,5.5,249,8.1,4623,1811,1430,2809,1575
bmw,BMW,3 Series,3 Series Touring (2012),2012,2016,,335i 8AT RWD (306 HP),Gasoline,6,2979,306,400,8-speed automatic (Steptronic),Rear Wheel Drive,5.2,249,7.6,4623,1811,1430,2809,1585
bmw,BMW,3 Series,3 Series Touring (2012),2012,2016,,335i xDrive 8AT AWD (306 HP),Gasoline,6,2979,306,400,8-speed automatic (Steptronic),All Wheel Drive,5.1,249,7.9,4623,1811,1430,2809,1655
bmw,BMW,3 Series,3 Series Touring (2012),2012,2016,,316d 6MT RWD (116 HP),Diesel,4,1995,116,260,6-speed manual,Rear Wheel Drive,11.2,200,4.5,4623,1811,1430,2809,1475
bmw,BMW,3 Series,3 Series Touring (2012),2012,2016,,316d 8AT RWD (116 HP),Diesel,4,1995,116,260,8-speed automatic (Steptronic),Rear Wheel Drive,11.1,198,4.6,4623,1811,1430,2809,1495
bmw,BMW,3 Series,3 Series Touring (2012),2012,2016,,318d 6MT RWD (143 HP),Diesel,4,1995,143,320,6-speed manual,Rear Wheel Drive,9.2,209,4.5,4623,1811,1430,2809,1475
bmw,BMW,3 Series,3 Series Touring (2012),2012,2016,,318d 8AT RWD (143 HP),Diesel,4,1995,143,320,8-speed automatic (Steptronic),Rear Wheel Drive,9.2,209,4.5,4623,1811,1430,2809,1495
bmw,BMW,3 Series,3 Series Touring (2012),2012,2016,,318d xDrive 6MT AWD (143 HP),Diesel,4,1995,143,320,6-speed manual,Rear Wheel Drive,9.6,206,4.9,4623,1811,1430,2809,1560
bmw,BMW,3 Series,3 Series Touring (2012),2012,2016,,320d 6MT RWD (184 HP),Diesel,4,1995,186,380,6-speed manual,Rear Wheel Drive,7.7,230,4.7,4623,1811,1430,2809,1490
bmw,BMW,3 Series,3 Series Touring (2012),2012,2016,,320d 8AT RWD (184 HP),Diesel,4,1995,186,380,8-speed automatic (Steptronic),Rear Wheel Drive,7.6,225,4.6,4623,1811,1430,2809,1500
bmw,BMW,3 Series,3 Series Touring (2012),2012,2016,,320d EfficientDynamics Edition 6MT RWD (163 HP),Diesel,4,1995,163,380,6-speed manual,Rear Wheel Drive,8.3,222,4.3,4623,1811,1430,2809,1495
bmw,BMW,3 Series,3 Series Touring (2012),2012,2016,,320d EfficientDynamics Edition 8AT RWD (163 HP),Diesel,4,1995,163,380,8-speed automatic (Steptronic),Rear Wheel Drive,8.2,222,4.3,4623,1811,1430,2809,1510
bmw,BMW,3 Series,3 Series Touring (2012),2012,2016,,320d xDrive 6MT AWD (184 HP),Diesel,4,1995,184,380,6-speed manual,All Wheel Drive,7.8,229,4.9,4623,1811,1430,2809,1575
bmw,BMW,3 Series,3 Series Touring (2012),2012,2016,,320d xDrive 8AT AWD (184 HP),Diesel,4,1995,184,380,8-speed automatic (Steptronic),All Wheel Drive,7.7,222,4.9,4623,1811,1430,2809,1585
bmw,BMW,3 Series,3 Series Touring (2012),2012,2016,,325d 6MT AWD (218 HP),Diesel,4,1995,218,450,6-speed manual,Rear Wheel Drive,6.9,238,5.1,4623,1811,1430,2809,1540
bmw,BMW,3 Series,3 Series Touring (2012),2012,2016,,328d xDrive 8AT AWD (184 HP),Diesel,4,1995,184,380,8-speed automatic (Steptronic),All Wheel Drive,7.7,222,6.7,4623,1811,1430,2809,1585
bmw,BMW,3 Series,3 Series Touring (2012),2012,2016,,330d 8AT AWD (258 HP),Diesel,6,2993,261,560,8-speed automatic (Steptronic),Rear Wheel Drive,5.6,249,5.1,4623,1811,1430,2809,1605
bmw,BMW,3 Series,3 Series Touring (2012),2012,2016,,330d xDrive 8AT AWD (258 HP),Diesel,6,2993,261,560,8-speed automatic (Steptronic),All Wheel Drive,5.4,249,5.4,4623,1811,1430,2809,1675
bmw,BMW,3 Series,3 Series Touring (2012),2012,2016,,335d xDrive 8AT AWD (313 HP),Diesel,6,2993,313,630,8-speed automatic (Steptronic),All Wheel Drive,4.9,249,5.6,4623,1811,1430,2809,1690
bmw,BMW,3 Series,3 Series Touring (2008),2008,2012,,318i 6AT RWD (136 HP),Gasoline,4,1995,136,190,6-speed automatic,Rear Wheel Drive,10.4,209,6.8,4526,1816,1443,2761,1435
bmw,BMW,3 Series,3 Series Touring (2008),2008,2012,,318i 6AT RWD (143 HP),Gasoline,4,1995,143,190,6-speed automatic,Rear Wheel Drive,10.5,209,6.8,4526,1816,1443,2761,1435
bmw,BMW,3 Series,3 Series Touring (2008),2008,2012,,318i 6MT RWD (136 HP),Gasoline,4,1995,136,190,6-speed manual,Rear Wheel Drive,9.5,209,6.3,4526,1816,1443,2761,1405
bmw,BMW,3 Series,3 Series Touring (2008),2008,2012,,318i 6MT RWD (143 HP),Gasoline,4,1995,143,190,6-speed manual,Rear Wheel Drive,9.5,210,6.3,4526,1816,1443,2761,1430
bmw,BMW,3 Series,3 Series Touring (2008),2008,2012,,320i 6AT RWD (170 HP),Gasoline,4,1995,136,190,6-speed automatic,Rear Wheel Drive,9.2,224,7,4526,1816,1443,2761,143
bmw,BMW,3 Series,3 Series Touring (2008),2008,2012,,320i 6MT RWD (170 HP),Gasoline,4,1995,170,210,6-speed manual,Rear Wheel Drive,8.4,225,6.4,4526,1816,1443,2761,1430
bmw,BMW,3 Series,3 Series Touring (2008),2008,2012,,325i 6AT RWD (218 HP),Gasoline,6,2996,218,270,6-speed automatic,Rear Wheel Drive,7.3,246,7.6,4526,1816,1443,2761,1495
bmw,BMW,3 Series,3 Series Touring (2008),2008,2012,,325i 6MT RWD (218 HP),Gasoline,6,2996,218,271,"Manual, 6 Speed",Rear Wheel Drive,6.9,248,7.3,4526,1816,1443,2761,1490
bmw,BMW,3 Series,3 Series Touring (2008),2008,2012,,325i xDrive 6AT AWD (218 HP),Gasoline,6,2996,218,271,6-speed automatic,All Wheel Drive,8.1,240,8.3,4526,1816,1443,2761,1635
bmw,BMW,3 Series,3 Series Touring (2008),2008,2012,,325i xDrive 6MT AWD (218 HP),Gasoline,6,2996,218,271,6-speed manual,All Wheel Drive,7.7,242,8.2,4526,1816,1443,2761,1640
bmw,BMW,3 Series,3 Series Touring (2008),2008,2012,,330i 6AT RWD (272 HP),Gasoline,6,2996,272,320,6-speed automatic,Rear Wheel Drive,6.3,249,6.3,4526,1816,1443,2761,1590
bmw,BMW,3 Series,3 Series Touring (2008),2008,2012,,330i 6MT RWD (272 HP),Gasoline,6,2996,272,320,6-speed manual,Rear Wheel Drive,6.2,249,7.6,4526,1816,1443,2761,1540
bmw,BMW,3 Series,3 Series Touring (2008),2008,2012,,330i xDrive 6AT AWD (272 HP),Gasoline,6,2996,272,320,6-speed automatic,All Wheel Drive,6.6,249,8.4,4526,1816,1443,2761,1635
bmw,BMW,3 Series,3 Series Touring (2008),2008,2012,,330i xDrive 6MT AWD (272 HP),Gasoline,6,2996,272,320,6-speed manual,All Wheel Drive,6.4,249,8.3,4526,1816,1443,2761,1640
bmw,BMW,3 Series,3 Series Touring (2008),2008,2012,,335i 6AT RWD (306 HP),Gasoline,6,2979,306,400,6-speed automatic,Rear Wheel Drive,5.9,249,8.7,4526,1816,1443,2761,1605
bmw,BMW,3 Series,3 Series Touring (2008),2008,2012,,335i 6MT RWD (306 HP),Gasoline,6,2979,306,400,6-speed manual,Rear Wheel Drive,5.7,249,8.5,4526,1816,1443,2761,1595
bmw,BMW,3 Series,3 Series Touring (2008),2008,2012,,335i xDrive 6AT AWD (306 HP),Gasoline,6,2979,306,400,6-speed automatic,Rear Wheel Drive,5.6,249,9.2,4526,1816,1443,2761,1705
bmw,BMW,3 Series,3 Series Touring (2008),2008,2012,,335i xDrive 6MT AWD (306 HP),Gasoline,6,2979,306,400,6-speed manual,All Wheel Drive,5.5,249,8.8,4526,1816,1443,2761,1660
bmw,BMW,3 Series,3 Series Touring (2008),2008,2012,,316d 6MT RWD (115 HP),Diesel,4,1995,116,260,6-speed manual,Rear Wheel Drive,11.2,201,4.5,4526,1816,1443,2761,1475
bmw,BMW,3 Series,3 Series Touring (2008),2008,2012,,318d 6AT RWD (143 HP),Diesel,4,1995,143,320,6-speed automatic,Rear Wheel Drive,9.6,209,5.4,4526,1816,1443,2761,1495
bmw,BMW,3 Series,3 Series Touring (2008),2008,2012,,318d 6MT RWD (143 HP),Diesel,4,1995,143,320,6-speed manual,Rear Wheel Drive,9.4,210,4.5,4526,1816,1443,2761,1490
bmw,BMW,3 Series,3 Series Touring (2008),2008,2012,,320d 6AT RWD (177 HP),Diesel,4,1995,177,350,6-speed automatic,Rear Wheel Drive,8.3,225,5.8,4526,1816,1443,2761,1495
bmw,BMW,3 Series,3 Series Touring (2008),2008,2012,,320d 6AT RWD (184 HP),Diesel,4,1995,184,380,6-speed automatic,Rear Wheel Drive,8.3,225,5.8,4526,1816,1443,2761,1495
bmw,BMW,3 Series,3 Series Touring (2008),2008,2012,,320d 6MT RWD (177 HP),Diesel,4,1995,177,350,6-speed manual,Rear Wheel Drive,8.1,229,4.9,4526,1816,1443,2761,1480
bmw,BMW,3 Series,3 Series Touring (2008),2008,2012,,320d 6MT RWD (184 HP),Diesel,4,1995,184,380,6-speed manual,Rear Wheel Drive,8.1,229,4.8,4526,1816,1443,2761,1505
bmw,BMW,3 Series,3 Series Touring (2008),2008,2012,,320d xDrive 6AT AWD (177 HP),Diesel,4,1995,177,350,6-speed automatic,All Wheel Drive,8.7,220,6,4526,1816,1443,2761,1580
bmw,BMW,3 Series,3 Series Touring (2008),2008,2012,,320d xDrive 6AT AWD (184 HP),Diesel,4,1995,184,380,6-speed automatic,All Wheel Drive,8.7,220,5.8,4526,1816,1443,2761,1580
bmw,BMW,3 Series,3 Series Touring (2008),2008,2012,,320d xDrive 6MT AWD (177 HP),Diesel,4,1995,177,350,6-speed manual,All Wheel Drive,8.5,222,5.6,4526,1816,1443,2761,1565
bmw,BMW,3 Series,3 Series Touring (2008),2008,2012,,320d xDrive 6MT AWD (184 HP),Diesel,4,1995,184,380,6-speed manual,All Wheel Drive,8.5,222,5.3,4526,1816,1443,2761,1565
bmw,BMW,3 Series,3 Series Touring (2008),2008,2012,,325d 6AT RWD (197 HP),Diesel,6,2993,197,400,6-speed automatic,Rear Wheel Drive,7.7,232,6.3,4526,1816,1443,2761,1575
bmw,BMW,3 Series,3 Series Touring (2008),2008,2012,,325d 6AT RWD (204 HP),Diesel,6,2993,204,430,6-speed automatic,Rear Wheel Drive,7.3,238,6.2,4526,1816,1443,2761,1575
bmw,BMW,3 Series,3 Series Touring (2008),2008,2012,,325d 6MT RWD (197 HP),Diesel,6,2993,197,400,6-speed manual,Rear Wheel Drive,7.6,233,5.9,4526,1816,1443,2761,1565
bmw,BMW,3 Series,3 Series Touring (2008),2008,2012,,325d 6MT RWD (204 HP),Diesel,6,2993,204,430,6-speed manual,Rear Wheel Drive,7.2,240,5.8,4526,1816,1443,2761,1590
bmw,BMW,3 Series,3 Series Touring (2008),2008,2012,,330d 6AT RWD (245 HP),Diesel,6,2993,245,519,6-speed automatic,Rear Wheel Drive,6.3,249,6.3,4526,1816,1443,2761,1590
bmw,BMW,3 Series,3 Series Touring (2008),2008,2012,,330d 6MT RWD (245 HP),Diesel,6,2993,245,519,6-speed manual,Rear Wheel Drive,6.2,249,4.7,4526,1816,1443,2761,1600
bmw,BMW,3 Series,3 Series Touring (2008),2008,2012,,330d xDrive 6MT AWD (245 HP),Diesel,6,2993,245,519,6-speed manual,All Wheel Drive,6,245,6.6,4526,1816,1443,2761,1700
bmw,BMW,3 Series,3 Series Touring (2008),2008,2012,,335d 6AT RWD (286 HP),Diesel,6,2993,286,579,6-speed automatic,Rear Wheel Drive,6.1,249,6.7,4526,1816,1443,2761,1645
bmw,BMW,3 Series,3 Series Touring (2005),2005,2008,,318i 6AT RWD (129 HP),Gasoline,4,1995,129,180,6-speed automatic (Steptronic),Rear Wheel Drive,11.4,204,8.1,4521,1816,1443,2761,1435
bmw,BMW,3 Series,3 Series Touring (2005),2005,2008,,318i 6MT RWD (129 HP),Gasoline,4,1995,129,180,6-speed manual,Rear Wheel Drive,10.4,206,7.6,4521,1816,1443,2761,1405
bmw,BMW,3 Series,3 Series Touring (2005),2005,2008,,320i 6AT RWD (150 HP),Gasoline,4,1995,150,200,6-speed automatic (Steptronic),Rear Wheel Drive,10.2,212,8.1,4521,1816,1417,2761,1435
bmw,BMW,3 Series,3 Series Touring (2005),2005,2008,,320i 6AT RWD (170 HP),Gasoline,4,1995,170,210,6-speed automatic (Steptronic),Rear Wheel Drive,9.2,224,6.7,4521,1816,1417,2761,1435
bmw,BMW,3 Series,3 Series Touring (2005),2005,2008,,320i 6MT RWD (150 HP),Gasoline,4,1995,150,200,6-speed manual,Rear Wheel Drive,9.4,218,7.6,4521,1816,1417,2761,1405
bmw,BMW,3 Series,3 Series Touring (2005),2005,2008,,320i 6MT RWD (170 HP),Gasoline,4,1995,170,210,6-speed manual,Rear Wheel Drive,8.4,225,6.2,4521,1816,1417,2761,1405
bmw,BMW,3 Series,3 Series Touring (2005),2005,2008,,325i 6AT RWD (218 HP),Gasoline,6,2497,218,250,6-speed automatic (Steptronic),Rear Wheel Drive,7.9,240,9.2,4521,1816,1417,2761,1475
bmw,BMW,3 Series,3 Series Touring (2005),2005,2008,,325i 6MT RWD (218 HP),Gasoline,6,2497,218,250,6-speed manual,Rear Wheel Drive,7.2,243,8.6,4521,1816,1417,2761,1445
bmw,BMW,3 Series,3 Series Touring (2005),2005,2008,,325xi 6AT AWD (218 HP),Gasoline,6,2497,218,250,6-speed automatic (Steptronic),All Wheel Drive,8.3,233,10.1,4521,1816,1417,2761,1595
bmw,BMW,3 Series,3 Series Touring (2005),2005,2008,,325xi 6MT AWD (218 HP),Gasoline,6,2497,218,250,6-speed manual,All Wheel Drive,7.7,241,8.6,4521,1816,1417,2761,1615
bmw,BMW,3 Series,3 Series Touring (2005),2005,2008,,330i 6AT RWD (258 HP),Gasoline,6,2996,258,300,6-speed automatic (Steptronic),Rear Wheel Drive,6.8,250,9.3,4521,1816,1417,2761,1530
bmw,BMW,3 Series,3 Series Touring (2005),2005,2008,,330i 6AT RWD (272 HP),Gasoline,6,2996,272,320,6-speed automatic (Steptronic),Rear Wheel Drive,6.4,250,7.4,4521,1816,1417,2761,1530
bmw,BMW,3 Series,3 Series Touring (2005),2005,2008,,330i 6MT RWD (258 HP),Gasoline,6,2996,258,300,6-speed manual,Rear Wheel Drive,6.4,250,8.9,4521,1816,1417,2761,1505
bmw,BMW,3 Series,3 Series Touring (2005),2005,2008,,330i 6MT RWD (272 HP),Gasoline,6,2996,272,320,6-speed manual,Rear Wheel Drive,6.2,250,7.3,4521,1816,1417,2761,1505
bmw,BMW,3 Series,3 Series Touring (2005),2005,2008,,330xi 6AT AWD (258 HP),Gasoline,6,2996,258,300,6-speed automatic (Steptronic),All Wheel Drive,7.1,249,10.2,4521,1816,1417,2761,1635
bmw,BMW,3 Series,3 Series Touring (2005),2005,2008,,330xi 6AT AWD (272 HP),Gasoline,6,2996,272,320,6-speed automatic (Steptronic),All Wheel Drive,6.6,250,8.1,4521,1816,1417,2761,1635
bmw,BMW,3 Series,3 Series Touring (2005),2005,2008,,330xi 6MT AWD (258 HP),Gasoline,6,2996,258,300,6-speed manual,All Wheel Drive,6.6,249,9.8,4521,1816,1417,2761,1615
bmw,BMW,3 Series,3 Series Touring (2005),2005,2008,,330xi 6MT AWD (272 HP),Gasoline,6,2996,272,320,6-speed manual,All Wheel Drive,6.4,250,8.1,4521,1816,1417,2761,1615
bmw,BMW,3 Series,3 Series Touring (2005),2005,2008,,335i 6AT RWD (306 HP),Gasoline,6,2979,306,400,6-speed manual,Rear Wheel Drive,5.9,249,9.8,4521,1816,1417,2761,1605
bmw,BMW,3 Series,3 Series Touring (2005),2005,2008,,335i 6MT RWD (306 HP),Gasoline,6,2979,306,400,6-speed manual,Rear Wheel Drive,5.7,250,9.8,4521,1816,1417,2761,1590
bmw,BMW,3 Series,3 Series Touring (2005),2005,2008,,335xi 6AT AWD (306 HP),Gasoline,6,2979,306,400,6-speed automatic (Steptronic),All Wheel Drive,5.7,250,9.8,4521,1816,1417,2761,1705
bmw,BMW,3 Series,3 Series Touring (2005),2005,2008,,335xi 6MT AWD (306 HP),Gasoline,6,2979,306,400,6-speed manual,All Wheel Drive,5.6,250,9.8,4521,1816,1417,2761,1690
bmw,BMW,3 Series,3 Series Touring (2005),2005,2008,,318d 6MT RWD (122 HP),Diesel,4,1995,122,280,6-speed manual,Rear Wheel Drive,10.9,204,5.8,4521,1816,1443,2761,1505
bmw,BMW,3 Series,3 Series Touring (2005),2005,2008,,318d 6MT RWD (143 HP),Diesel,4,1995,143,300,6-speed manual,Rear Wheel Drive,9.6,209,4.8,4521,1816,1443,2761,1480
bmw,BMW,3 Series,3 Series Touring (2005),2005,2008,,320d 6AT RWD (163 HP),Diesel,4,1995,163,340,6-speed automatic (Steptronic),Rear Wheel Drive,8.8,217,6.9,4521,1816,1417,2761,1520
bmw,BMW,3 Series,3 Series Touring (2005),2005,2008,,320d 6AT RWD (177 HP),Diesel,4,1995,177,350,6-speed automatic (Steptronic),Rear Wheel Drive,8.3,225,5.6,4521,1816,1417,2761,1495
bmw,BMW,3 Series,3 Series Touring (2005),2005,2008,,320d 6MT RWD (163 HP),Diesel,4,1995,163,340,6-speed manual,Rear Wheel Drive,8.6,223,5.9,4521,1816,1417,2761,1505
bmw,BMW,3 Series,3 Series Touring (2005),2005,2008,,320d 6MT RWD (177 HP),Diesel,4,1995,177,350,6-speed manual,Rear Wheel Drive,8.1,229,4.9,4521,1816,1417,2761,1480
bmw,BMW,3 Series,3 Series Touring (2005),2005,2008,,325d 6AT RWD (197 HP),Diesel,6,2993,197,400,6-speed automatic (Steptronic),Rear Wheel Drive,7.7,23,6.5,4521,1816,1417,2761,1575
bmw,BMW,3 Series,3 Series Touring (2005),2005,2008,,325d 6MT RWD (197 HP),Diesel,6,2993,197,400,6-speed manual,Rear Wheel Drive,7.6,233,6.6,4521,1816,1417,2761,1565
bmw,BMW,3 Series,3 Series Touring (2005),2005,2008,,330d 6AT RWD (231 HP),Diesel,6,2993,231,500,6-speed automatic (Steptronic),Rear Wheel Drive,6.9,246,6.7,4521,1816,1417,2761,1590
bmw,BMW,3 Series,3 Series Touring (2005),2005,2008,,330d 6MT RWD (231 HP),Diesel,6,2993,231,500,6-speed manual,Rear Wheel Drive,6.8,248,6.2,4521,1816,1417,2761,1575
bmw,BMW,3 Series,3 Series Touring (2005),2005,2008,,330xd 6AT AWD (231 HP),Diesel,6,2993,231,500,6-speed automatic (Steptronic),All Wheel Drive,6.8,237,7.3,4521,1816,1417,2761,1690
bmw,BMW,3 Series,3 Series Touring (2005),2005,2008,,330xd 6MT AWD (231 HP),Diesel,6,2993,231,500,6-speed manual,All Wheel Drive,6.7,238,6.9,4521,1816,1417,2761,1675
bmw,BMW,3 Series,3 Series Touring (2005),2005,2008,,335d 6AT RWD (286 HP),Diesel,6,2993,286,580,6-speed automatic (Steptronic),Rear Wheel Drive,6.3,250,7.7,4521,1816,1417,2761,1620
bmw,BMW,3 Series,3 Series Touring (2001),2001,2005,,316i 5AT (115 HP),Gasoline,4,1796,116,175,5-speed automatic (Steptronic),Rear Wheel Drive,12.2,195,8.1,4478,1740,1410,2725,1395
bmw,BMW,3 Series,3 Series Touring (2001),2001,2005,,316i 5MT (115 HP),Gasoline,4,1796,116,175,5-speed manual,Rear Wheel Drive,11.2,200,7.3,4478,1740,1410,2725,1365
bmw,BMW,3 Series,3 Series Touring (2001),2001,2005,,318i 5AT (143 HP),Gasoline,4,1995,143,201,5-speed automatic (Steptronic),Rear Wheel Drive,10.5,209,8.2,4478,1740,1410,2725,1390
bmw,BMW,3 Series,3 Series Touring (2001),2001,2005,,318i 5MT (143 HP),Gasoline,4,1995,143,201,5-speed manual,Rear Wheel Drive,9.6,213,7.4,4478,1740,1410,2725,1370
bmw,BMW,3 Series,3 Series Touring (2001),2001,2005,,320i 5AT (170 HP),Gasoline,6,2171,170,210,5-speed automatic (Steptronic),Rear Wheel Drive,9.6,220,9.6,4478,1740,1410,2725,1455
bmw,BMW,3 Series,3 Series Touring (2001),2001,2005,,320i 5MT (170 HP),Gasoline,6,2171,170,210,5-speed manual,Rear Wheel Drive,8.5,224,9,4478,1740,1410,2725,1420
bmw,BMW,3 Series,3 Series Touring (2001),2001,2005,,325i 5AT (192 HP),Gasoline,6,2495,192,245,5-speed automatic (Steptronic),Rear Wheel Drive,8.6,233,9.7,4478,1740,1410,2725,1480
bmw,BMW,3 Series,3 Series Touring (2001),2001,2005,,325i 5MT (192 HP),Gasoline,6,2495,192,245,5-speed manual,Rear Wheel Drive,7.6,231,9.8,4478,1740,1410,2725,1445
bmw,BMW,3 Series,3 Series Touring (2001),2001,2005,,325xi 5AT (192 HP),Gasoline,6,2495,192,245,5-speed automatic (Steptronic),All Wheel Drive,8.8,229,10.9,4478,1740,1410,2725,1550
bmw,BMW,3 Series,3 Series Touring (2001),2001,2005,,325xi 5MT (192 HP),Gasoline,6,2495,192,245,5-speed manual,All Wheel Drive,7.8,232,9.8,4478,1740,1410,2725,1550
bmw,BMW,3 Series,3 Series Touring (2001),2001,2005,,330i 5AT (231 HP),Gasoline,6,2979,231,300,5-speed automatic (Steptronic),Rear Wheel Drive,7.2,243,9.8,4478,1740,1410,2725,1510
bmw,BMW,3 Series,3 Series Touring (2001),2001,2005,,330i 5MT (231 HP),Gasoline,6,2979,231,300,5-speed manual,Rear Wheel Drive,6.8,243,9.3,4478,1740,1410,2725,1475
bmw,BMW,3 Series,3 Series Touring (2001),2001,2005,,330i 6MT (231 HP),Gasoline,6,2979,231,300,6-speed manual,Rear Wheel Drive,6.7,249,9.3,4478,1740,1410,2725,1475
bmw,BMW,3 Series,3 Series Touring (2001),2001,2005,,330xi 5AT (231 HP),Gasoline,6,2979,231,300,5-speed automatic (Steptronic),All Wheel Drive,7.6,238,10.9,4478,1740,1410,2725,1610
bmw,BMW,3 Series,3 Series Touring (2001),2001,2005,,330xi 5MT (231 HP),Gasoline,6,2979,231,300,5-speed manual,All Wheel Drive,6.7,243,9.8,4478,1740,1410,2725,1570
bmw,BMW,3 Series,3 Series Touring (2001),2001,2005,,330xi 6MT (231 HP),Gasoline,6,2979,231,300,6-speed manual,All Wheel Drive,6.8,243,10.1,4478,1740,1410,2725,1585
bmw,BMW,3 Series,3 Series Touring (2001),2001,2005,,318d 5AT (115 HP),Diesel,4,1951,116,265,5-speed automatic (Steptronic),Rear Wheel Drive,11.7,195,6.9,4478,1740,1410,2725,1485
bmw,BMW,3 Series,3 Series Touring (2001),2001,2005,,318d 5MT (115 HP),Diesel,4,1951,116,265,5-speed manual,Rear Wheel Drive,11.1,200,5.6,4478,1740,1410,2725,1480
bmw,BMW,3 Series,3 Series Touring (2001),2001,2005,,320d 5AT (150 HP),Diesel,4,1995,150,330,5-speed automatic (Steptronic),Rear Wheel Drive,9.5,208,7.2,4478,1740,1410,2725,1500
bmw,BMW,3 Series,3 Series Touring (2001),2001,2005,,320d 5MT (150 HP),Diesel,4,1995,150,330,5-speed manual,Rear Wheel Drive,9.3,211,5.7,4478,1740,1410,2725,1480
bmw,BMW,3 Series,3 Series Touring (2001),2001,2005,,320d 6MT (150 HP),Diesel,4,1995,150,330,6-speed manual,Rear Wheel Drive,9.2,216,5.9,4478,1740,1410,2725,1480
bmw,BMW,3 Series,3 Series Touring (2001),2001,2005,,330d 5AT (184 HP),Diesel,6,2926,184,390,5-speed automatic (Steptronic),Rear Wheel Drive,8.3,225,8.1,4478,1740,1410,2725,1600
bmw,BMW,3 Series,3 Series Touring (2001),2001,2005,,330d 5AT (204 HP),Diesel,6,2993,204,410,5-speed automatic (Steptronic),Rear Wheel Drive,7.8,232,7.9,4478,1740,1410,2725,1600
bmw,BMW,3 Series,3 Series Touring (2001),2001,2005,,330d 5MT (184 HP),Diesel,6,2926,184,390,5-speed manual,Rear Wheel Drive,7.9,225,7,4478,1740,1410,2725,1590
bmw,BMW,3 Series,3 Series Touring (2001),2001,2005,,330d 6MT (204 HP),Diesel,6,2993,204,410,6-speed manual,Rear Wheel Drive,7.6,237,6.8,4478,1740,1410,2725,1590
bmw,BMW,3 Series,3 Series Touring (2001),2001,2005,,330xd 5AT (184 HP),Diesel,6,2926,184,390,5-speed automatic (Steptronic),All Wheel Drive,8.9,220,8.9,4478,1740,1410,2725,1685
bmw,BMW,3 Series,3 Series Touring (2001),2001,2005,,330xd 5MT (184 HP),Diesel,6,2926,184,390,5-speed manual,All Wheel Drive,8.7,220,7.8,4478,1740,1410,2725,1670
bmw,BMW,3 Series,3 Series Touring (2001),2001,2005,,330xd 6MT (204 HP),Diesel,6,2993,204,410,6-speed manual,All Wheel Drive,7.6,237,7.8,4478,1740,1410,2725,1680
bmw,BMW,3 Series,3 Series Touring (1999),1999,2001,,318i 4AT RWD (118 HP),Gasoline,4,1895,118,180,4-speed automatic,Rear Wheel Drive,12.6,196,9.4,4481,1740,1410,2720,1380
bmw,BMW,3 Series,3 Series Touring (1999),1999,2001,,318i 5MT RWD (118 HP),Gasoline,4,1895,118,180,5-speed manual,Rear Wheel Drive,10.9,202,8.2,4481,1740,1410,2720,1365
bmw,BMW,3 Series,3 Series Touring (1999),1999,2001,,320i 5AT RWD (150 HP),Gasoline,6,1991,150,190,5-speed automatic (Steptronic),Rear Wheel Drive,11.4,211,10.2,4481,1740,1410,2725,1460
bmw,BMW,3 Series,3 Series Touring (1999),1999,2001,,320i 5AT RWD (170 HP),Gasoline,6,1991,170,210,5-speed automatic (Steptronic),Rear Wheel Drive,9.5,220,9.6,4481,1740,1410,2725,1465
bmw,BMW,3 Series,3 Series Touring (1999),1999,2001,,320i 5MT RWD (150 HP),Gasoline,6,1991,150,190,5-speed manual,Rear Wheel Drive,10.2,216,9,4481,1740,1410,2725,1430
bmw,BMW,3 Series,3 Series Touring (1999),1999,2001,,320i 5MT RWD (170 HP),Gasoline,6,1991,170,210,5-speed manual,Rear Wheel Drive,8.4,224,9,4481,1740,1410,2725,1430
bmw,BMW,3 Series,3 Series Touring (1999),1999,2001,,325i 5AT RWD (192 HP),Gasoline,6,2494,192,245,5-speed automatic (Steptronic),Rear Wheel Drive,8.5,233,9.7,4481,1740,1410,2720,1495
bmw,BMW,3 Series,3 Series Touring (1999),1999,2001,,325i 5MT RWD (192 HP),Gasoline,6,2494,192,245,5-speed manual,Rear Wheel Drive,7.4,237,9.2,4481,1740,1410,2720,1460
bmw,BMW,3 Series,3 Series Touring (1999),1999,2001,,325xi 5AT RWD (192 HP),Gasoline,6,2494,192,245,5-speed automatic (Steptronic),Rear Wheel Drive,8.7,229,10.6,4481,1740,1410,2720,1605
bmw,BMW,3 Series,3 Series Touring (1999),1999,2001,,325xi 5MT RWD (192 HP),Gasoline,6,2494,192,245,5-speed manual,Rear Wheel Drive,7.6,232,9.8,4481,1740,1410,2720,1575
bmw,BMW,3 Series,3 Series Touring (1999),1999,2001,,328i 5AT RWD (193 HP),Gasoline,6,2793,193,280,5-speed automatic (Steptronic),Rear Wheel Drive,8.4,232,10.3,4481,1740,1410,2720,1490
bmw,BMW,3 Series,3 Series Touring (1999),1999,2001,,328i 5MT RWD (193 HP),Gasoline,6,2793,193,280,5-speed manual,Rear Wheel Drive,7.3,237,9.3,4481,1740,1410,2720,1465
bmw,BMW,3 Series,3 Series Touring (1999),1999,2001,,330i 5AT RWD (231 HP),Gasoline,6,2979,231,300,5-speed automatic (Steptronic),Rear Wheel Drive,7.2,243,9.8,4481,1740,1410,2720,1525
bmw,BMW,3 Series,3 Series Touring (1999),1999,2001,,330i 5MT RWD (231 HP),Gasoline,6,2979,231,300,5-speed manual,Rear Wheel Drive,6.7,250,9.3,4481,1740,1410,2720,1500
bmw,BMW,3 Series,3 Series Touring (1999),1999,2001,,330xi 5AT RWD (231 HP),Gasoline,6,2979,231,300,5-speed automatic (Steptronic),Rear Wheel Drive,7.6,238,10.6,4481,1740,1410,2720,1610
bmw,BMW,3 Series,3 Series Touring (1999),1999,2001,,330xi 5MT RWD (231 HP),Gasoline,6,2979,231,300,5-speed manual,All Wheel Drive,6.7,243,9.8,4481,1740,1410,2720,1595
bmw,BMW,3 Series,3 Series Touring (1999),1999,2001,,320d 5AT RWD (136 HP),Diesel,4,1951,136,280,5-speed automatic (Steptronic),Rear Wheel Drive,10.6,208,7.1,4481,1740,1410,2720,1485
bmw,BMW,3 Series,3 Series Touring (1999),1999,2001,,320d 5MT RWD (136 HP),Diesel,4,1951,136,280,5-speed manual,Rear Wheel Drive,10.1,207,5.9,4481,1740,1410,2720,1460
bmw,BMW,3 Series,3 Series Touring (1999),1999,2001,,330d 5AT RWD (184 HP),Diesel,6,2926,184,390,5-speed automatic (Steptronic),Rear Wheel Drive,8.3,225,8.1,4481,1740,1410,2720,1625
bmw,BMW,3 Series,3 Series Touring (1999),1999,2001,,330d 5MT RWD (184 HP),Diesel,6,2926,184,390,5-speed manual,Rear Wheel Drive,7.9,225,7,4481,1740,1410,2720,1615
bmw,BMW,3 Series,3 Series Touring (1999),1999,2001,,330xd 5AT RWD (184 HP),Diesel,6,2926,184,390,5-speed automatic (Steptronic),Rear Wheel Drive,8.9,220,8.9,4481,1740,1410,2720,1710
bmw,BMW,3 Series,3 Series Touring (1999),1999,2001,,330xd 5MT RWD (184 HP),Diesel,6,2926,184,390,5-speed manual,Rear Wheel Drive,8.7,220,7.8,4481,1740,1410,2720,1695
bmw,BMW,3 Series,3 Series Touring (1988),1988,1993,,316i 4AT (99 HP),Gasoline,4,1596,99,141,4-speed automatic,Rear Wheel Drive,15.7,175,8.8,4321,1641,1379,2570,1190
bmw,BMW,3 Series,3 Series Touring (1988),1988,1993,,316i 5MT (99 HP),Gasoline,4,1596,99,141,5-speed manual,Rear Wheel Drive,13.9,179,8.6,4321,1641,1379,2570,1170
bmw,BMW,3 Series,3 Series Touring (1988),1988,1993,,318i 4AT (113 HP),Gasoline,4,1796,113,161,4-speed automatic,Rear Wheel Drive,13,187,8.9,4321,1641,1379,2570,1200
bmw,BMW,3 Series,3 Series Touring (1988),1988,1993,,318i 5MT (113 HP),Gasoline,4,1796,113,161,5-speed manual,Rear Wheel Drive,11.7,188,8.8,4321,1641,1379,2570,1180
bmw,BMW,3 Series,3 Series Touring (1988),1988,1993,,320i 4AT (129 HP),Gasoline,6,1990,129,164,4-speed automatic,Rear Wheel Drive,13.3,188,9.5,4321,1641,1379,2570,1250
bmw,BMW,3 Series,3 Series Touring (1988),1988,1993,,320i 5MT (129 HP),Gasoline,6,1990,129,164,5-speed manual,Rear Wheel Drive,11.5,196,10.1,4321,1641,1379,2570,1230
bmw,BMW,3 Series,3 Series Touring (1988),1988,1993,,325i 4AT (170 HP),Gasoline,6,2494,170,222,4-speed automatic,Rear Wheel Drive,10.1,212,10.5,4321,1641,1379,2570,1290
bmw,BMW,3 Series,3 Series Touring (1988),1988,1993,,325i 5MT (170 HP),Gasoline,6,2494,170,222,5-speed manual,Rear Wheel Drive,8.8,214,9.6,4321,1641,1379,2570,1270
bmw,BMW,3 Series,3 Series Touring (1988),1988,1993,,325ix 4AT (170 HP),Gasoline,6,2494,170,222,4-speed automatic,All Wheel Drive,11.2,206,11.5,4321,1641,1379,2570,1370
bmw,BMW,3 Series,3 Series Touring (1988),1988,1993,,325ix 5MT (170 HP),Gasoline,6,2494,170,222,5-speed manual,All Wheel Drive,9.7,208,12,4321,1641,1379,2570,1350
bmw,BMW,3 Series,3 Series Touring (1988),1988,1993,,324td 4AT (116 HP),Diesel,6,2443,116,221,4-speed automatic,Rear Wheel Drive,13.3,182,7,4321,1641,1379,2570,1320
bmw,BMW,3 Series,3 Series Touring (1988),1988,1993,,324td 5MT (116 HP),Diesel,6,2443,116,221,5-speed manual,Rear Wheel Drive,12.3,187,7,4321,1641,1379,2570,1300
bmw,BMW,3 Series,3 Series Sedan (2024),2024,,,318i 8AT RWD (156 HP),Gasoline,4,1998,156,250,8-speed automatic Steptronic,Rear Wheel Drive,8.6,224,7.2,4714,1826,1445,2850,
bmw,BMW,3 Series,3 Series Sedan (2024),2024,,,320i 8AT RWD (184 HP),Gasoline,4,1998,184,300,8-speed automatic Steptronic,Rear Wheel Drive,7.4,235,7.3,4714,1826,1445,2850,
bmw,BMW,3 Series,3 Series Sedan (2024),2024,,,320i xDrive 8AT AWD (184 HP),Gasoline,4,1998,184,300,8-speed automatic Steptronic,All Wheel Drive,7.4,235,7.3,4714,1826,1445,2850,
bmw,BMW,3 Series,3 Series Sedan (2024),2024,,,330i xDrive 8AT AWD (245 HP),Gasoline,4,1998,245,400,8-speed automatic Steptronic,All Wheel Drive,5.7,249,7.8,4714,1826,1445,2850,
bmw,BMW,3 Series,3 Series Sedan (2024),2024,,,318d 8AT RWD (150 HP),Mild Hybrid Diesel,4,1995,150,320,8-speed automatic Steptronic,Rear Wheel Drive,8.3,217,5.6,4714,1826,1445,2850,
bmw,BMW,3 Series,3 Series Sedan (2024),2024,,,320d 8AT RWD (190 HP),Mild Hybrid Diesel,4,1995,190,400,8-speed automatic Steptronic,Rear Wheel Drive,6.9,235,5.6,4714,1826,1445,2850,
bmw,BMW,3 Series,3 Series Sedan (2024),2024,,,320d xDrive 8AT AWD (190 HP),Mild Hybrid Diesel,4,1995,190,400,8-speed automatic Steptronic,All Wheel Drive,7.2,229,5.9,4714,1826,1445,2850,
bmw,BMW,3 Series,3 Series Sedan (2024),2024,,,330d xDrive 8AT AWD (286 HP),Mild Hybrid Diesel,6,2993,286,650,8-speed automatic Steptronic,All Wheel Drive,5,249,6.3,4714,1826,1445,2850,
bmw,BMW,3 Series,3 Series Sedan (2024),2024,,,M340d xDrive AWD (340 HP),Mild Hybrid Diesel,6,2993,340,700,8-speed automatic Steptronic,All Wheel Drive,4.6,249,6.6,4714,1826,1445,2850,
bmw,BMW,3 Series,3 Series Sedan (2024),2024,,,330e 8AT RWD (292 HP),Hybrid Gasoline,4,1998,184,300,8-speed automatic Steptronic,Rear Wheel Drive,5.9,230,1.1,4714,1826,1445,2850,
bmw,BMW,3 Series,3 Series Sedan (2024),2024,,,330e xDrive 8AT AWD (292 HP),Hybrid Gasoline,4,1998,184,300,8-speed automatic Steptronic,All Wheel Drive,5.9,230,1.2,4714,1826,1445,2850,
bmw,BMW,3 Series,3 Series Sedan (2024),2024,,,M340i xDrive 8AT AWD (374 HP),Mild Hybrid,6,2998,374,500,8-speed automatic Steptronic,All Wheel Drive,4.4,249,8.5,4714,1826,1445,2850,
bmw,BMW,3 Series,3 Series Sedan (2022),2022,2024,,318i 8AT RWD (156 HP),Gasoline,4,1998,156,250,8-speed automatic Steptronic,Rear Wheel Drive,8.6,224,7.2,4714,1826,1440,2850,1500
bmw,BMW,3 Series,3 Series Sedan (2022),2022,2024,,320i 8AT RWD (184 HP),Gasoline,4,1998,184,300,8-speed automatic Steptronic,Rear Wheel Drive,7.4,235,7.2,4714,1826,1440,2850,1515
bmw,BMW,3 Series,3 Series Sedan (2022),2022,2024,,320i xDrive 8AT AWD (184 HP),Gasoline,4,1998,184,300,8-speed automatic Steptronic,All Wheel Drive,7.7,230,7.6,4714,1826,1440,2850,1580
bmw,BMW,3 Series,3 Series Sedan (2022),2022,2024,,330i 8AT RWD (245 HP),Gasoline,4,1998,245,400,8-speed automatic Steptronic,Rear Wheel Drive,5.9,249,7.3,4714,1826,1440,2850,1525
bmw,BMW,3 Series,3 Series Sedan (2022),2022,2024,,330i xDrive 8AT AWD (245 HP),Gasoline,4,1998,245,400,8-speed automatic Steptronic,All Wheel Drive,5.7,249,7.8,4714,1826,1440,2850,1595
bmw,BMW,3 Series,3 Series Sedan (2022),2022,2024,,318d 8AT RWD (150 HP),Mild Hybrid Diesel,4,1995,150,320,8-speed automatic Steptronic,Rear Wheel Drive,8.3,217,5.5,4714,1826,1440,2850,1555
bmw,BMW,3 Series,3 Series Sedan (2022),2022,2024,,320d 8AT RWD (190 HP),Mild Hybrid Diesel,4,1995,190,400,8-speed automatic Steptronic,Rear Wheel Drive,6.9,235,5.5,4714,1826,1440,2850,1570
bmw,BMW,3 Series,3 Series Sedan (2022),2022,2024,,320d xDrive 8AT AWD (190 HP),Mild Hybrid Diesel,4,1995,190,400,8-speed automatic Steptronic,All Wheel Drive,7.2,229,5.8,4714,1826,1440,2850,1630
bmw,BMW,3 Series,3 Series Sedan (2022),2022,2024,,330d 8AT RWD (286 HP),Mild Hybrid Diesel,4,2993,286,650,8-speed automatic Steptronic,Rear Wheel Drive,5.3,249,5.8,4714,1826,1440,2850,1710
bmw,BMW,3 Series,3 Series Sedan (2022),2022,2024,,330d xDrive 8AT AWD (286 HP),Mild Hybrid Diesel,4,2993,286,650,8-speed automatic Steptronic,Rear Wheel Drive,5,249,6,4714,1826,1440,2850,1760
bmw,BMW,3 Series,3 Series Sedan (2022),2022,2024,,M340d xDrive 8AT AWD (340 HP),Mild Hybrid Diesel,6,2993,340,700,8-speed automatic Steptronic,All Wheel Drive,4.6,249,6.4,4714,1826,1440,2850,1800
bmw,BMW,3 Series,3 Series Sedan (2022),2022,2024,,320e 8AT RWD (204 HP),Hybrid Gasoline,4,1998,163,300,8-speed automatic Steptronic,Rear Wheel Drive,7.6,225,1.8,4714,1826,1440,2850,1770
bmw,BMW,3 Series,3 Series Sedan (2022),2022,2024,,330e 8AT RWD (292 HP),Hybrid Gasoline,4,1998,184,300,8-speed automatic Steptronic,Rear Wheel Drive,5.8,230,1.8,4714,1826,1440,2850,1770
bmw,BMW,3 Series,3 Series Sedan (2022),2022,2024,,330e xDrive 8AT AWD (292 HP),Hybrid Gasoline,4,1998,184,300,8-speed automatic Steptronic,All Wheel Drive,5.8,230,1.8,4714,1826,1440,2850,1825
bmw,BMW,3 Series,3 Series Sedan (2022),2022,2024,,M340i xDrive 8AT AWD (374 HP),Mild Hybrid,6,2998,374,500,8-speed automatic Steptronic,All Wheel Drive,4.4,249,8.5,4714,1826,1440,2850,1725
bmw,BMW,3 Series,3 Series Sedan (2018),2018,2022,,320i 8AT RWD (184 HP),Gasoline,4,1995,184,300,8-speed automatic Steptronic,Rear Wheel Drive,7.2,,5.7,4709,1826,1443,2850,
bmw,BMW,3 Series,3 Series Sedan (2018),2018,2022,,320i xDrive 8AT AWD (184 HP),Gasoline,4,1998,184,300,8-speed automatic Steptronic,All Wheel Drive,7.6,230,6.3,4709,1826,1443,2850,1615
bmw,BMW,3 Series,3 Series Sedan (2018),2018,2022,,330i 8AT RWD (258 HP),Gasoline,4,1998,258,400,8-speed automatic Steptronic,Rear Wheel Drive,5.8,249,6.1,4709,1826,1443,2850,1545
bmw,BMW,3 Series,3 Series Sedan (2018),2018,2022,,330i xDrive 8AT AWD (258 HP),Gasoline,4,1998,258,400,8-speed automatic Steptronic,All Wheel Drive,5.5,249,6.5,4709,1826,1443,2850,1640
bmw,BMW,3 Series,3 Series Sedan (2018),2018,2022,,M340i xDrive 8AT AWD (374 HP),Gasoline,6,2998,374,500,8-speed automatic Steptronic,All Wheel Drive,4.4,249,7.4,4709,1826,1443,2850,1745
bmw,BMW,3 Series,3 Series Sedan (2018),2018,2022,,318d 6MT RWD (150 HP),Diesel,4,1995,150,320,6-Speed manual,Rear Wheel Drive,8.4,225,51.1,4709,1826,1443,2850,1455
bmw,BMW,3 Series,3 Series Sedan (2018),2018,2022,,318d 8AT RWD (150 HP),Diesel,4,1995,150,320,8-speed automatic Steptronic,Rear Wheel Drive,8.3,224,4.5,4709,1826,1443,2850,1530
bmw,BMW,3 Series,3 Series Sedan (2018),2018,2022,,320d 6MT RWD (190 HP),Diesel,4,1995,190,400,6-Speed manual,Rear Wheel Drive,7.1,240,4.7,4709,1826,1443,2850,1455
bmw,BMW,3 Series,3 Series Sedan (2018),2018,2022,,320d 8AT RWD (190 HP),Diesel,4,1995,190,400,8-speed automatic Steptronic,Rear Wheel Drive,6.8,240,4.5,4709,1826,1443,2850,1530
bmw,BMW,3 Series,3 Series Sedan (2018),2018,2022,,320d 8AT RWD (265 HP),Diesel,4,1995,265,580,8-speed automatic Steptronic,Rear Wheel Drive,5.5,,4.8,4709,1826,1443,2850,
bmw,BMW,3 Series,3 Series Sedan (2018),2018,2022,,320d xDrive 8AT AWD (190 HP),Diesel,4,1995,190,400,8-speed automatic Steptronic,All Wheel Drive,7.16,233,4.8,4709,1826,1443,2850,1615
bmw,BMW,3 Series,3 Series Sedan (2018),2018,2022,,330d 8AT RWD (265 HP),Diesel,6,2993,265,580,8-speed automatic Steptronic,Rear Wheel Drive,5.5,249,5.2,4709,1826,1443,2850,1665
bmw,BMW,3 Series,3 Series Sedan (2018),2018,2022,,330d xDrive 8AT AWD (265 HP),Diesel,6,2993,265,580,8-speed automatic Steptronic,All Wheel Drive,5.1,249,5.4,4709,1826,1443,2850,1735
bmw,BMW,3 Series,3 Series Sedan (2018),2018,2022,,330e PHEV 8AT FWD (292 HP),Plug-in Hybrid,4,1998,184,300,8-speed automatic Steptronic,All Wheel Drive,5.8,230,1.7,4709,1826,1443,2850,1820
bmw,BMW,3 Series,3 Series Sedan (2016),2016,2018,,318i 6MT RWD (136 HP),Gasoline,3,1499,136,220,6-speed manual,Rear Wheel Drive,8.9,209,5.5,4633,1811,1430,2809,1400
bmw,BMW,3 Series,3 Series Sedan (2016),2016,2018,,318i 8AT RWD (136 HP),Gasoline,3,1499,136,220,8-speed automatic (Steptronic),Rear Wheel Drive,9.1,209,5.4,4633,1811,1430,2809,1425
bmw,BMW,3 Series,3 Series Sedan (2016),2016,2018,,320i 6MT RWD (184 HP),Gasoline,4,1998,184,290,6-speed manual,Rear Wheel Drive,7.2,235,5.9,4633,1811,1430,2809,1430
bmw,BMW,3 Series,3 Series Sedan (2016),2016,2018,,320i 8AT RWD (184 HP),Gasoline,4,1998,184,270,8-speed automatic (Steptronic),Rear Wheel Drive,7.3,235,5.8,4633,1811,1430,2809,1450
bmw,BMW,3 Series,3 Series Sedan (2016),2016,2018,,320i xDrive 6MT AWD (184 HP),Gasoline,4,1998,184,270,6-speed manual,All Wheel Drive,7.5,232,6.8,4633,1811,1430,2809,1520
bmw,BMW,3 Series,3 Series Sedan (2016),2016,2018,,320i xDrive 8AT AWD (184 HP),Gasoline,4,1998,184,270,8-speed automatic (Steptronic),All Wheel Drive,7.6,230,6.1,4633,1811,1430,2809,1530
bmw,BMW,3 Series,3 Series Sedan (2016),2016,2018,,330i 6MT RWD (252 HP),Gasoline,4,1998,252,350,6-speed manual,Rear Wheel Drive,5.9,249,6.5,4633,1811,1430,2809,1470
bmw,BMW,3 Series,3 Series Sedan (2016),2016,2018,,330i 8AT RWD (252 HP),Gasoline,6,1998,252,350,8-speed automatic (Steptronic),Rear Wheel Drive,5.8,249,5.8,4633,1811,1430,2809,1495
bmw,BMW,3 Series,3 Series Sedan (2016),2016,2018,,330i xDrive 8AT AWD (252 HP),Gasoline,6,1998,252,350,8-speed automatic (Steptronic),All Wheel Drive,5.8,249,6.2,4633,1811,1430,2809,1565
bmw,BMW,3 Series,3 Series Sedan (2016),2016,2018,,340i 6MT RWD (326 HP),Gasoline,6,2998,326,450,6-speed manual,Rear Wheel Drive,5.2,249,7.7,4633,1811,1430,2809,1530
bmw,BMW,3 Series,3 Series Sedan (2016),2016,2018,,340i 8AT RWD (326 HP),Gasoline,6,2998,326,450,8-speed automatic (Steptronic),Rear Wheel Drive,5.1,249,6.8,4633,1811,1430,2809,1540
bmw,BMW,3 Series,3 Series Sedan (2016),2016,2018,,340i xDrive 6MT AWD (326 HP),Gasoline,6,2998,326,450,6-speed manual,All Wheel Drive,5,249,7.9,4633,1811,1430,2809,1600
bmw,BMW,3 Series,3 Series Sedan (2016),2016,2018,,340i xDrive 8AT AWD (326 HP),Gasoline,6,2998,326,450,8-speed automatic (Steptronic),All Wheel Drive,4.9,249,7.3,4633,1811,1430,2809,1615
bmw,BMW,3 Series,3 Series Sedan (2016),2016,2018,,316d 6MT RWD (116 HP),Diesel,4,1995,116,270,6-speed manual,Rear Wheel Drive,10.7,204,4.3,4633,1811,1430,2809,1420
bmw,BMW,3 Series,3 Series Sedan (2016),2016,2018,,316d 8AT RWD (116 HP),Diesel,4,1995,116,270,8-speed automatic (Steptronic),Rear Wheel Drive,10.6,204,4.3,4633,1811,1430,2809,1430
bmw,BMW,3 Series,3 Series Sedan (2016),2016,2018,,318 xDrive 6MT AWD (150 HP),Diesel,4,1995,150,320,6-speed manual,All Wheel Drive,8.8,212,4.8,4633,1811,1430,2809,1500
bmw,BMW,3 Series,3 Series Sedan (2016),2016,2018,,318d 6MT RWD (150 HP),Diesel,4,1995,150,320,6-speed manual,Rear Wheel Drive,8.6,216,4.4,4633,1811,1430,2809,1430
bmw,BMW,3 Series,3 Series Sedan (2016),2016,2018,,318d 8AT RWD (150 HP),Diesel,4,1995,150,320,8-speed automatic (Steptronic),Rear Wheel Drive,8.4,212,4.4,4633,1811,1430,2809,1450
bmw,BMW,3 Series,3 Series Sedan (2016),2016,2018,,320d 6MT RWD (190 HP),Diesel,4,1995,189,400,6-speed manual,Rear Wheel Drive,7.3,235,4.4,4633,1811,1430,2809,1430
bmw,BMW,3 Series,3 Series Sedan (2016),2016,2018,,320d 8AT RWD (190 HP),Diesel,4,1995,189,400,8-speed automatic (Steptronic),Rear Wheel Drive,7.2,230,4.4,4633,1811,1430,2809,1450
bmw,BMW,3 Series,3 Series Sedan (2016),2016,2018,,320d EfficientDynamics 6MT RWD (163 HP),Diesel,4,1995,163,400,6-speed manual,Rear Wheel Drive,7.9,230,4.3,4633,1811,1430,2809,1420
bmw,BMW,3 Series,3 Series Sedan (2016),2016,2018,,320d EfficientDynamics 8AT RWD (163 HP),Diesel,4,1995,163,400,8-speed automatic (Steptronic),Rear Wheel Drive,7.8,225,4.1,4633,1811,1430,2809,1430
bmw,BMW,3 Series,3 Series Sedan (2016),2016,2018,,320d xDrive 8AT RWD (190 HP),Diesel,4,1995,189,400,8-speed automatic (Steptronic),All Wheel Drive,7.3,229,4.7,4633,1811,1430,2809,1535
bmw,BMW,3 Series,3 Series Sedan (2016),2016,2018,,325d 6MT RWD (218 HP),Diesel,4,1995,218,450,6-speed manual,Rear Wheel Drive,6.8,245,5,4633,1811,1430,2809,1475
bmw,BMW,3 Series,3 Series Sedan (2016),2016,2018,,325d 8AT RWD (218 HP),Diesel,4,1995,218,450,8-speed automatic (Steptronic),Rear Wheel Drive,6.6,245,4.8,4633,1811,1430,2809,1490
bmw,BMW,3 Series,3 Series Sedan (2016),2016,2018,,330d 8AT RWD (258 HP),Diesel,4,2993,258,560,8-speed automatic (Steptronic),Rear Wheel Drive,5.6,249,5,4633,1811,1430,2809,1540
bmw,BMW,3 Series,3 Series Sedan (2016),2016,2018,,330d xDrive 8AT AWD (258 HP),Diesel,6,2993,258,560,8-speed automatic (Steptronic),All Wheel Drive,5.3,249,5.3,4633,1811,1430,2809,1615
bmw,BMW,3 Series,3 Series Sedan (2016),2016,2018,,335d xDrive 8AT AWD (313 HP),Diesel,6,2993,313,630,8-speed automatic (Steptronic),All Wheel Drive,4.8,249,5.5,4633,1811,1430,2809,1630
bmw,BMW,3 Series,3 Series Sedan (2016),2016,2018,,350d xDrive 6MT AWD (190 HP),Diesel,6,1995,189,400,6-speed manual,All Wheel Drive,7.4,233,4.8,4633,1811,1430,2809,1515
bmw,BMW,3 Series,3 Series Sedan (2016),2016,2018,,330e 8AT RWD (252 HP),Hybrid Gasoline,4,1998,184,290,8-speed automatic (Steptronic),Rear Wheel Drive,6.1,225,2.1,4633,1811,1430,2809,1660
bmw,BMW,3 Series,3 Series Sedan (2012),2012,2016,,316i 6MT RWD (136 HP),Gasoline,4,1598,136,220,6-speed manual,Rear Wheel Drive,8.9,209,5.9,4624,1811,1413,2810,1460
bmw,BMW,3 Series,3 Series Sedan (2012),2012,2016,,316i 8AT RWD (136 HP),Gasoline,4,1598,136,220,8-speed automatic (Steptronic),Rear Wheel Drive,9.2,209,5.9,4624,1811,1413,2810,1480
bmw,BMW,3 Series,3 Series Sedan (2012),2012,2016,,320i 6MT RWD (184 HP),Gasoline,4,1997,184,270,6-speed manual,Rear Wheel Drive,7.3,235,6.3,4624,1811,1413,2810,1475
bmw,BMW,3 Series,3 Series Sedan (2012),2012,2016,,320i 8AT RWD (184 HP),Gasoline,4,1997,184,270,8-speed automatic (Steptronic),Rear Wheel Drive,7.3,235,6,4624,1811,1413,2810,1495
bmw,BMW,3 Series,3 Series Sedan (2012),2012,2016,,320i Efficient Dynamics Edition 6MT RWD (170 HP),Gasoline,4,1997,170,249,6-speed manual,Rear Wheel Drive,7.6,230,5,4624,1811,1413,2810,1465
bmw,BMW,3 Series,3 Series Sedan (2012),2012,2016,,320i Efficient Dynamics Edition 8AT RWD (170 HP),Gasoline,4,1997,170,249,8-speed automatic (Steptronic),Rear Wheel Drive,7.6,230,5.4,4624,1811,1413,2810,1485
bmw,BMW,3 Series,3 Series Sedan (2012),2012,2016,,320i xDrive 6MT AWD (184 HP),Gasoline,4,1997,184,270,6-speed manual,All Wheel Drive,7.4,232,6.7,4624,1811,1413,2810,1470
bmw,BMW,3 Series,3 Series Sedan (2012),2012,2016,,320i xDrive 8AT AWD (184 HP),Gasoline,4,1997,184,270,8-speed automatic (Steptronic),All Wheel Drive,7.5,230,6.4,4624,1811,1413,2810,1490
bmw,BMW,3 Series,3 Series Sedan (2012),2012,2016,,328i 6MT RWD (245 HP),Gasoline,4,1997,245,350,6-speed manual,Rear Wheel Drive,5.9,250,6.4,4624,1811,1413,2810,1505
bmw,BMW,3 Series,3 Series Sedan (2012),2012,2016,,328i 8AT RWD (245 HP),Gasoline,4,1997,245,350,8-speed automatic (Steptronic),Rear Wheel Drive,5.9,250,6.3,4624,1811,1413,2810,1530
bmw,BMW,3 Series,3 Series Sedan (2012),2012,2016,,328i xDrive 6MT AWD (245 HP),Gasoline,4,1997,245,350,6-speed manual,All Wheel Drive,5.7,249,6.7,4624,1811,1413,2810,1520
bmw,BMW,3 Series,3 Series Sedan (2012),2012,2016,,328i xDrive 8AT AWD (245 HP),Gasoline,4,1997,245,350,8-speed automatic (Steptronic),All Wheel Drive,5.8,249,6.7,4624,1811,1413,2810,1535
bmw,BMW,3 Series,3 Series Sedan (2012),2012,2016,,335i 6MT RWD (306 HP),Gasoline,6,2979,306,400,6-speed manual,Rear Wheel Drive,5.5,249,7.9,4624,1811,1413,2810,1585
bmw,BMW,3 Series,3 Series Sedan (2012),2012,2016,,335i 8AT RWD (306 HP),Gasoline,6,2979,306,400,8-speed automatic (Steptronic),Rear Wheel Drive,5.2,249,7.2,4624,1811,1413,2810,1595
bmw,BMW,3 Series,3 Series Sedan (2012),2012,2016,,335i xDrive 6MT AWD (306 HP),Gasoline,6,2979,306,400,6-speed manual,All Wheel Drive,5.3,249,8.1,4624,1811,1413,2810,1580
bmw,BMW,3 Series,3 Series Sedan (2012),2012,2016,,335i xDrive 8AT AWD (306 HP),Gasoline,6,2979,306,400,8-speed automatic (Steptronic),All Wheel Drive,5,249,7.6,4624,1811,1413,2810,1590
bmw,BMW,3 Series,3 Series Sedan (2012),2012,2016,,316d 6MT RWD (116 HP),Diesel,4,1995,116,260,6-speed manual,Rear Wheel Drive,10.9,203,4.5,4624,1811,1413,2810,1485
bmw,BMW,3 Series,3 Series Sedan (2012),2012,2016,,316d 8AT RWD (116 HP),Diesel,4,1995,116,260,8-speed automatic (Steptronic),Rear Wheel Drive,10.8,203,4.4,4624,1811,1413,2810,1505
bmw,BMW,3 Series,3 Series Sedan (2012),2012,2016,,318 xDrive 6MT AWD (143 HP),Diesel,4,1995,143,320,6-speed manual,All Wheel Drive,9.2,212,4.7,4624,1811,1413,2810,1490
bmw,BMW,3 Series,3 Series Sedan (2012),2012,2016,,318d 6MT RWD (143 HP),Diesel,4,1995,143,320,6-speed manual,Rear Wheel Drive,9,212,4.5,4624,1811,1413,2810,1485
bmw,BMW,3 Series,3 Series Sedan (2012),2012,2016,,318d 8AT RWD (143 HP),Diesel,4,1995,143,320,8-speed automatic (Steptronic),Rear Wheel Drive,8.9,212,4.5,4624,1811,1413,2810,1505
bmw,BMW,3 Series,3 Series Sedan (2012),2012,2016,,320d 6MT RWD (184 HP),Diesel,4,1995,184,380,6-speed manual,Rear Wheel Drive,7.5,235,4.5,4624,1811,1413,2810,1495
bmw,BMW,3 Series,3 Series Sedan (2012),2012,2016,,320d 8AT RWD (184 HP),Diesel,4,1995,184,380,8-speed automatic (Steptronic),Rear Wheel Drive,7.4,230,4.5,4624,1811,1413,2810,1505
bmw,BMW,3 Series,3 Series Sedan (2012),2012,2016,,320d Efficient Dynamics 6MT RWD (163 HP),Diesel,4,1995,163,380,6-speed manual,Rear Wheel Drive,8,230,4.1,4624,1811,1413,2810,1495
bmw,BMW,3 Series,3 Series Sedan (2012),2012,2016,,320d Efficient Dynamics 8AT RWD (163 HP),Diesel,4,1995,163,380,8-speed automatic (Steptronic),Rear Wheel Drive,7.9,225,4.1,4624,1811,1413,2810,1505
bmw,BMW,3 Series,3 Series Sedan (2012),2012,2016,,320d xDrive 6MT AWD (184 HP),Diesel,4,1995,184,380,6-speed manual,All Wheel Drive,7.5,233,4.8,4624,1811,1413,2810,1510
bmw,BMW,3 Series,3 Series Sedan (2012),2012,2016,,320d xDrive 8AT AWD (184 HP),Diesel,4,1995,184,380,8-speed automatic (Steptronic),All Wheel Drive,7.4,229,4.7,4624,1811,1413,2810,1520
bmw,BMW,3 Series,3 Series Sedan (2012),2012,2016,,325d 6MT RWD (218 HP),Diesel,4,1995,218,450,6-speed manual,Rear Wheel Drive,6.8,245,4.9,4624,1811,1413,2810,1550
bmw,BMW,3 Series,3 Series Sedan (2012),2012,2016,,328d 8AT RWD (184 HP),Diesel,4,1995,184,380,8-speed automatic (Steptronic),Rear Wheel Drive,7.6,230,6.4,4624,1811,1413,2810,1505
bmw,BMW,3 Series,3 Series Sedan (2012),2012,2016,,328d xDrive 8AT AWD (184 HP),Diesel,4,1995,184,380,8-speed automatic (Steptronic),Rear Wheel Drive,7.6,230,6.7,4624,1811,1413,2810,1505
bmw,BMW,3 Series,3 Series Sedan (2012),2012,2016,,330d 8AT RWD (258 HP),Diesel,6,2993,258,560,8-speed automatic (Steptronic),Rear Wheel Drive,5.6,249,4.9,4624,1811,1413,2810,1540
bmw,BMW,3 Series,3 Series Sedan (2012),2012,2016,,330d xDrive 8AT AWD (258 HP),Diesel,6,2993,258,560,8-speed automatic (Steptronic),All Wheel Drive,5.3,249,5.2,4624,1811,1413,2810,1685
bmw,BMW,3 Series,3 Series Sedan (2012),2012,2016,,335d xDrive 8AT AWD (313 HP),Diesel,6,2993,313,630,8-speed automatic (Steptronic),All Wheel Drive,4.8,249,5.4,4624,1811,1413,2810,1630
bmw,BMW,3 Series,3 Series Sedan (2012),2012,2016,,ActiveHybrid 3,Hybrid,6,2979,306,400,8-speed automatic (Steptronic),Rear Wheel Drive,5.5,250,5.9,4624,1811,1413,2810,1655
bmw,BMW,3 Series,3 Series Sedan (2008),2008,2011,,318i 6AT RWD (136 HP),Gasoline,4,1995,136,190,6-speed automatic,Rear Wheel Drive,9.9,209,6.6,4531,1816,1420,2761,1365
bmw,BMW,3 Series,3 Series Sedan (2008),2008,2011,,318i 6AT RWD (143 HP),Gasoline,4,1995,143,190,6-speed automatic,Rear Wheel Drive,9.9,209,6.6,4531,1816,1420,2761,1365
bmw,BMW,3 Series,3 Series Sedan (2008),2008,2011,,318i 6MT RWD (136 HP),Gasoline,4,1995,136,190,6-speed manual,Rear Wheel Drive,9.1,209,6.3,4531,1816,1420,2761,1335
bmw,BMW,3 Series,3 Series Sedan (2008),2008,2011,,318i 6MT RWD (143 HP),Gasoline,4,1995,143,190,6-speed manual,Rear Wheel Drive,9.1,210,6.3,4531,1816,1420,2761,1360
bmw,BMW,3 Series,3 Series Sedan (2008),2008,2011,,320i 6AT RWD (170 HP),Gasoline,4,1995,170,210,6-speed automatic,Rear Wheel Drive,8.9,225,6.8,4531,1816,1420,2761,1375
bmw,BMW,3 Series,3 Series Sedan (2008),2008,2011,,320i 6MT RWD (170 HP),Gasoline,4,1995,170,210,6-speed manual,Rear Wheel Drive,8.2,228,6.4,4531,1816,1420,2761,1370
bmw,BMW,3 Series,3 Series Sedan (2008),2008,2011,,325i 6AT RWD (218 HP),Gasoline,4,1995,170,210,6-speed automatic,Rear Wheel Drive,7.1,248,7.4,4531,1816,1420,2761,1435
bmw,BMW,3 Series,3 Series Sedan (2008),2008,2011,,325i 6MT RWD (218 HP),Gasoline,6,2996,218,271,6-speed manual,Rear Wheel Drive,6.7,249,7.2,4531,1816,1420,2761,1430
bmw,BMW,3 Series,3 Series Sedan (2008),2008,2011,,325i xDrive 6AT AWD (218 HP),Gasoline,6,2996,218,271,6-speed automatic,All Wheel Drive,7.7,241,8.2,4531,1816,1420,2761,1535
bmw,BMW,3 Series,3 Series Sedan (2008),2008,2011,,325i xDrive 6MT AWD (218 HP),Gasoline,6,2996,218,271,6-speed manual,All Wheel Drive,7.3,244,8.1,4531,1816,1420,2761,1540
bmw,BMW,3 Series,3 Series Sedan (2008),2008,2011,,330i 6AT RWD (272 HP),Gasoline,6,2996,272,320,6-speed automatic,Rear Wheel Drive,6.3,249,7.5,4531,1816,1420,2761,1470
bmw,BMW,3 Series,3 Series Sedan (2008),2008,2011,,330i 6MT RWD (272 HP),Gasoline,6,2996,272,320,6-speed manual,Rear Wheel Drive,6.1,249,7.4,4531,1816,1420,2761,1475
bmw,BMW,3 Series,3 Series Sedan (2008),2008,2011,,330i xDrive 6AT AWD (272 HP),Gasoline,6,2996,272,320,6-speed automatic,All Wheel Drive,6.4,249,8.3,4531,1816,1420,2761,1570
bmw,BMW,3 Series,3 Series Sedan (2008),2008,2011,,330i xDrive 6MT AWD (272 HP),Gasoline,6,2996,272,320,6-speed manual,All Wheel Drive,6.2,249,8.2,4531,1816,1420,2761,1575
bmw,BMW,3 Series,3 Series Sedan (2008),2008,2011,,335i 6AT RWD (306 HP),Gasoline,6,2979,306,400,6-speed automatic,Rear Wheel Drive,5.8,249,8.7,4531,1816,1420,2761,1525
bmw,BMW,3 Series,3 Series Sedan (2008),2008,2011,,335i 6MT RWD (306 HP),Gasoline,6,2979,306,400,6-speed manual,Rear Wheel Drive,5.6,249,8.4,4531,1816,1420,2761,1535
bmw,BMW,3 Series,3 Series Sedan (2008),2008,2011,,335i xDrive 6AT AWD (306 HP),Gasoline,6,2979,306,400,6-speed automatic,All Wheel Drive,5.4,249,8.8,4531,1816,1420,2761,1620
bmw,BMW,3 Series,3 Series Sedan (2008),2008,2011,,335i xDrive 6MT AWD (306 HP),Gasoline,6,2996,306,400,6-speed manual,All Wheel Drive,5.4,249,8.8,4531,1816,1420,2761,1615
bmw,BMW,3 Series,3 Series Sedan (2008),2008,2011,,316d 6MT RWD (115 HP),Diesel,4,1995,116,260,6-speed manual,Rear Wheel Drive,10.9,202,4.5,4531,1816,1420,2761,1400
bmw,BMW,3 Series,3 Series Sedan (2008),2008,2011,,318d 6AT RWD (143 HP),Diesel,4,1995,143,320,6-speed automatic,Rear Wheel Drive,9.3,209,5.3,4531,1816,1420,2761,1405
bmw,BMW,3 Series,3 Series Sedan (2008),2008,2011,,318d 6MT RWD (143 HP),Diesel,4,1995,143,320,6-speed manual,Rear Wheel Drive,9.1,210,4.5,4531,1816,1420,2761,1415
bmw,BMW,3 Series,3 Series Sedan (2008),2008,2011,,320d 6AT RWD (177 HP),Diesel,4,1995,177,350,6-speed automatic,Rear Wheel Drive,8,229,5.6,4531,1816,1420,2761,1420
bmw,BMW,3 Series,3 Series Sedan (2008),2008,2011,,320d 6AT RWD (184 HP),Diesel,4,1995,184,380,6-speed automatic,Rear Wheel Drive,7.6,233,5.3,4531,1816,1420,2761,1420
bmw,BMW,3 Series,3 Series Sedan (2008),2008,2011,,320d 6MT RWD (177 HP),Diesel,4,1995,177,350,6-speed manual,Rear Wheel Drive,7.9,230,4.8,4531,1816,1420,2761,1405
bmw,BMW,3 Series,3 Series Sedan (2008),2008,2011,,320d 6MT RWD (184 HP),Diesel,4,1995,184,380,6-speed manual,Rear Wheel Drive,7.5,235,4.7,4531,1816,1420,2761,1420
bmw,BMW,3 Series,3 Series Sedan (2008),2008,2011,,320d EfficientDynamics Edition 6MT RWD (163 HP),Diesel,4,1995,163,380,6-speed manual,Rear Wheel Drive,8,228,4.1,4531,1816,1407,2761,1420
bmw,BMW,3 Series,3 Series Sedan (2008),2008,2011,,320d xDrive 6AT AWD (177 HP),Diesel,4,1995,177,350,6-speed automatic,All Wheel Drive,8.3,222,5.9,4531,1816,1420,2761,1515
bmw,BMW,3 Series,3 Series Sedan (2008),2008,2011,,320d xDrive 6AT AWD (184 HP),Diesel,4,1995,184,380,6-speed automatic,All Wheel Drive,8,229,5.7,4531,1816,1420,2761,1515
bmw,BMW,3 Series,3 Series Sedan (2008),2008,2011,,320d xDrive 6MT AWD (177 HP),Diesel,4,1995,177,350,6-speed manual,All Wheel Drive,8.2,224,5.4,4531,1816,1420,2761,1500
bmw,BMW,3 Series,3 Series Sedan (2008),2008,2011,,320d xDrive 6MT AWD (184 HP),Diesel,4,1995,184,380,6-speed manual,All Wheel Drive,7.9,230,5.2,4531,1816,1420,2761,1500
bmw,BMW,3 Series,3 Series Sedan (2008),2008,2011,,325d 6AT RWD (197 HP),Diesel,6,2993,197,400,6-speed automatic,Rear Wheel Drive,7.6,233,6.2,4531,1816,1420,2761,1510
bmw,BMW,3 Series,3 Series Sedan (2008),2008,2011,,325d 6AT RWD (204 HP),Diesel,6,2993,204,430,6-speed automatic,Rear Wheel Drive,7.2,240,6.1,4531,1816,1420,2761,1510
bmw,BMW,3 Series,3 Series Sedan (2008),2008,2011,,325d 6MT RWD (197 HP),Diesel,6,2993,197,400,6-speed manual,Rear Wheel Drive,7.4,235,5.7,4531,1816,1420,2761,1500
bmw,BMW,3 Series,3 Series Sedan (2008),2008,2011,,325d 6MT RWD (204 HP),Diesel,6,2993,204,430,6-speed manual,Rear Wheel Drive,7,241,5.7,4531,1816,1420,2761,1525
bmw,BMW,3 Series,3 Series Sedan (2008),2008,2011,,330d 6AT RWD (245 HP),Diesel,6,2993,245,519,6-speed automatic,Rear Wheel Drive,6.2,249,6.2,4531,1816,1420,2761,1525
bmw,BMW,3 Series,3 Series Sedan (2008),2008,2011,,330d 6MT RWD (245 HP),Diesel,6,2993,245,519,6-speed manual,Rear Wheel Drive,6.1,249,5.7,4531,1816,1420,2761,1535
bmw,BMW,3 Series,3 Series Sedan (2008),2008,2011,,330d xDrive 6MT AWD (245 HP),Diesel,6,2993,245,519,6-speed manual,All Wheel Drive,5.9,247,6.5,4531,1816,1420,2761,1635
bmw,BMW,3 Series,3 Series Sedan (2008),2008,2011,,335d 6MT RWD (286 HP),Diesel,6,2993,286,579,6-speed manual,Rear Wheel Drive,6,249,6.6,4531,1816,1420,2761,1580
bmw,BMW,3 Series,3 Series Sedan (2005),2005,2008,,318i 6AT RWD (129 HP),Gasoline,4,1995,129,180,6-speed automatic,Rear Wheel Drive,11,206,7.9,4521,1816,1420,2761,1365
bmw,BMW,3 Series,3 Series Sedan (2005),2005,2008,,318i 6AT RWD (143 HP),Gasoline,4,1995,143,190,6-speed automatic,Rear Wheel Drive,9.9,209,6.4,4521,1816,1420,2761,1365
bmw,BMW,3 Series,3 Series Sedan (2005),2005,2008,,318i 6MT RWD (129 HP),Gasoline,4,1995,129,180,6-speed manual,Rear Wheel Drive,10,208,7.3,4521,1816,1420,2761,1335
bmw,BMW,3 Series,3 Series Sedan (2005),2005,2008,,318i 6MT RWD (143 HP),Gasoline,4,1995,143,190,6-speed manual,Rear Wheel Drive,9.1,209,5.9,4521,1816,1420,2761,1335
bmw,BMW,3 Series,3 Series Sedan (2005),2005,2008,,320i 6AT RWD (150 HP),Gasoline,4,1995,150,200,6-speed automatic,Rear Wheel Drive,9.7,216,7.9,4521,1816,1420,2761,1365
bmw,BMW,3 Series,3 Series Sedan (2005),2005,2008,,320i 6AT RWD (170 HP),Gasoline,4,1995,170,210,6-speed automatic,Rear Wheel Drive,8.9,225,6.5,4521,1816,1420,2761,1375
bmw,BMW,3 Series,3 Series Sedan (2005),2005,2008,,320i 6MT RWD (150 HP),Gasoline,4,1995,150,200,6-speed manual,Rear Wheel Drive,9,220,7.4,4521,1816,1420,2761,1335
bmw,BMW,3 Series,3 Series Sedan (2005),2005,2008,,320i 6MT RWD (170 HP),Gasoline,4,1995,170,210,6-speed manual,Rear Wheel Drive,8.2,229,6.1,4521,1816,1420,2761,1345
bmw,BMW,3 Series,3 Series Sedan (2005),2005,2008,,320si 6MT RWD (173 HP),Gasoline,4,1997,173,200,6-speed manual,Rear Wheel Drive,8.1,225,8.6,4521,1816,1420,2761,1325
bmw,BMW,3 Series,3 Series Sedan (2005),2005,2008,,323i 6MT RWD (177 HP),Gasoline,6,2497,177,230,6-speed manual,Rear Wheel Drive,7.9,,8.4,4521,1816,1420,2761,1415
bmw,BMW,3 Series,3 Series Sedan (2005),2005,2008,,325i 6AT RWD (218 HP),Gasoline,6,2497,218,250,6-speed automatic,Rear Wheel Drive,7.7,241,9,4521,1816,1420,2761,1435
bmw,BMW,3 Series,3 Series Sedan (2005),2005,2008,,325i 6MT RWD (218 HP),Gasoline,6,2497,218,250,6-speed manual,Rear Wheel Drive,6.7,249,7.1,4521,1816,1420,2761,1405
bmw,BMW,3 Series,3 Series Sedan (2005),2005,2008,,325xi 6AT AWD (218 HP),Gasoline,6,2497,218,250,6-speed automatic,All Wheel Drive,8.1,237,9.9,4521,1816,1420,2761,1535
bmw,BMW,3 Series,3 Series Sedan (2005),2005,2008,,325xi 6MT AWD (218 HP),Gasoline,6,2497,218,250,6-speed manual,All Wheel Drive,7.3,245,7.9,4521,1816,1420,2761,1515
bmw,BMW,3 Series,3 Series Sedan (2005),2005,2008,,330i 6AT RWD (258 HP),Gasoline,6,2996,258,300,6-speed automatic,Rear Wheel Drive,6.6,250,9,4521,1816,1420,2761,1470
bmw,BMW,3 Series,3 Series Sedan (2005),2005,2008,,330i 6AT RWD (272 HP),Gasoline,6,2996,272,320,6-speed automatic,Rear Wheel Drive,6.3,250,7.2,4521,1816,1420,2761,1470
bmw,BMW,3 Series,3 Series Sedan (2005),2005,2008,,330i 6MT RWD (258 HP),Gasoline,6,2996,258,300,6-speed manual,Rear Wheel Drive,6.3,250,8.7,4521,1816,1420,2761,1455
bmw,BMW,3 Series,3 Series Sedan (2005),2005,2008,,330i 6MT RWD (272 HP),Gasoline,6,2996,272,320,6-speed manual,Rear Wheel Drive,6.1,250,7.2,4521,1816,1420,2761,1455
bmw,BMW,3 Series,3 Series Sedan (2005),2005,2008,,330xi 6AT AWD (258 HP),Gasoline,6,2996,258,300,6-speed automatic,All Wheel Drive,6.9,250,10.1,4521,1816,1420,2761,1570
bmw,BMW,3 Series,3 Series Sedan (2005),2005,2008,,330xi 6AT AWD (272 HP),Gasoline,6,2996,272,320,6-speed automatic,All Wheel Drive,6.4,250,8,4521,1816,1420,2761,1570
bmw,BMW,3 Series,3 Series Sedan (2005),2005,2008,,330xi 6MT AWD (258 HP),Gasoline,6,2996,258,300,6-speed manual,All Wheel Drive,6.4,250,9.6,4521,1816,1420,2761,1555
bmw,BMW,3 Series,3 Series Sedan (2005),2005,2008,,330xi 6MT AWD (272 HP),Gasoline,6,2996,272,320,6-speed manual,All Wheel Drive,6.2,250,8,4521,1816,1420,2761,1555
bmw,BMW,3 Series,3 Series Sedan (2005),2005,2008,,335i 6AT RWD (306 HP),Gasoline,6,2979,306,400,6-speed automatic,Rear Wheel Drive,5.8,250,9.2,4521,1816,1420,2761,1525
bmw,BMW,3 Series,3 Series Sedan (2005),2005,2008,,335i 6MT RWD (306 HP),Gasoline,6,2979,306,400,6-speed manual,Rear Wheel Drive,5.6,250,9.1,4521,1816,1420,2761,1510
bmw,BMW,3 Series,3 Series Sedan (2005),2005,2008,,335xi 6AT AWD (306 HP),Gasoline,6,2979,306,400,6-speed automatic,All Wheel Drive,5.6,250,9.7,4521,1816,1420,2761,1635
bmw,BMW,3 Series,3 Series Sedan (2005),2005,2008,,335xi 6MT AWD (306 HP),Gasoline,6,2979,306,400,6-speed manual,All Wheel Drive,5.5,250,9.7,4521,1816,1420,2761,1620
bmw,BMW,3 Series,3 Series Sedan (2005),2005,2008,,318d 6MT RWD (122 HP),Diesel,4,1995,122,280,6-speed manual,Rear Wheel Drive,10.6,206,5.6,4521,1816,1420,2761,1405
bmw,BMW,3 Series,3 Series Sedan (2005),2005,2008,,318d 6MT RWD (143 HP),Diesel,4,1995,143,300,6-speed manual,Rear Wheel Drive,9.3,209,5.6,4521,1816,1420,2761,1405
bmw,BMW,3 Series,3 Series Sedan (2005),2005,2008,,320d 6AT RWD (163 HP),Diesel,4,1995,163,340,6-speed automatic,Rear Wheel Drive,8.6,220,6.7,4521,1816,1420,2761,1420
bmw,BMW,3 Series,3 Series Sedan (2005),2005,2008,,320d 6AT RWD (177 HP),Diesel,4,1995,177,350,6-speed automatic,Rear Wheel Drive,7.1,229,5.4,4521,1816,1420,2761,1420
bmw,BMW,3 Series,3 Series Sedan (2005),2005,2008,,320d 6MT RWD (163 HP),Diesel,4,1995,163,340,6-speed manual,Rear Wheel Drive,8.3,225,5.7,4521,1816,1420,2761,1405
bmw,BMW,3 Series,3 Series Sedan (2005),2005,2008,,320d 6MT RWD (177 HP),Diesel,4,1995,177,350,6-speed manual,Rear Wheel Drive,7.9,230,4.8,4521,1816,1420,2761,1405
bmw,BMW,3 Series,3 Series Sedan (2005),2005,2008,,325d 6AT RWD (197 HP),Diesel,6,2993,197,400,6-speed automatic,Rear Wheel Drive,7.6,233,6.4,4521,1816,1420,2761,1510
bmw,BMW,3 Series,3 Series Sedan (2005),2005,2008,,325d 6MT RWD (197 HP),Diesel,6,2993,197,400,6-speed manual,Rear Wheel Drive,7.4,235,6.4,4521,1816,1420,2761,1500
bmw,BMW,3 Series,3 Series Sedan (2005),2005,2008,,330d 6AT RWD (231 HP),Diesel,6,2993,231,500,6-speed automatic,Rear Wheel Drive,6.8,248,6.6,4521,1816,1420,2761,1525
bmw,BMW,3 Series,3 Series Sedan (2005),2005,2008,,330d 6MT RWD (231 HP),Diesel,6,2993,231,500,6-speed manual,Rear Wheel Drive,6.7,250,6.1,4521,1816,1420,2761,1510
bmw,BMW,3 Series,3 Series Sedan (2005),2005,2008,,330xd 6AT RWD (231 HP),Diesel,6,2993,231,500,6-speed automatic,All Wheel Drive,6.7,240,7,4521,1816,1420,2761,1625
bmw,BMW,3 Series,3 Series Sedan (2005),2005,2008,,330xd 6MT RWD (231 HP),Diesel,6,2993,231,500,6-speed manual,All Wheel Drive,6.6,241,6.8,4521,1816,1420,2761,1610
bmw,BMW,3 Series,3 Series Sedan (2005),2005,2008,,335d 6AT RWD (286 HP),Diesel,4,2993,286,580,6-speed automatic,Rear Wheel Drive,6.2,250,7.5,4521,1816,1420,2761,1655
bmw,BMW,3 Series,3 Series Sedan (2002),2002,2005,,316i 5AT RWD (115 HP),Gasoline,4,1796,115,175,5-speed automatic,Rear Wheel Drive,11.9,200,8,4470,1740,1415,2725,1320
bmw,BMW,3 Series,3 Series Sedan (2002),2002,2005,,316i 5MT RWD (115 HP),Gasoline,4,1796,115,175,5-speed manual,Rear Wheel Drive,10.9,206,7.1,4470,1740,1415,2725,1285
bmw,BMW,3 Series,3 Series Sedan (2002),2002,2005,,318i 5AT RWD (143 HP),Gasoline,4,1995,143,200,5-speed automatic,Rear Wheel Drive,10.2,214,8.1,4470,1740,1415,2725,1325
bmw,BMW,3 Series,3 Series Sedan (2002),2002,2005,,318i 5MT RWD (143 HP),Gasoline,4,1995,143,200,5-speed manual,Rear Wheel Drive,9.3,218,7.2,4470,1740,1415,2725,1295
bmw,BMW,3 Series,3 Series Sedan (2002),2002,2005,,320i 5AT RWD (170 HP),Gasoline,6,2171,170,210,5-speed automatic,Rear Wheel Drive,9.4,224,9.4,4470,1740,1415,2725,1405
bmw,BMW,3 Series,3 Series Sedan (2002),2002,2005,,320i 5MT RWD (170 HP),Gasoline,6,2171,170,210,5-speed manual,Rear Wheel Drive,8.3,225,8.9,4470,1740,1415,2725,1370
bmw,BMW,3 Series,3 Series Sedan (2002),2002,2005,,325i 5AT RWD (192 HP),Gasoline,6,2495,192,245,5-speed automatic,Rear Wheel Drive,8.4,237,9.5,4470,1740,1415,2725,1430
bmw,BMW,3 Series,3 Series Sedan (2002),2002,2005,,325i 5MT RWD (192 HP),Gasoline,6,2495,192,245,5-speed manual,Rear Wheel Drive,7.3,240,9,4470,1740,1415,2725,1395
bmw,BMW,3 Series,3 Series Sedan (2002),2002,2005,,330i 5AT RWD (231 HP),Gasoline,6,2979,231,300,5-speed automatic,Rear Wheel Drive,7,246,9.6,4470,1740,1415,2725,144
bmw,BMW,3 Series,3 Series Sedan (2002),2002,2005,,330i 5MT RWD (231 HP),Gasoline,6,2979,231,300,5-speed manual,Rear Wheel Drive,6.5,250,9.1,4470,1740,1415,2725,1405
bmw,BMW,3 Series,3 Series Sedan (2002),2002,2005,,330i 6MT RWD (231 HP),Gasoline,6,2979,231,300,6-speed manual,Rear Wheel Drive,6.5,250,9.1,4470,1740,1415,2725,1405
bmw,BMW,3 Series,3 Series Sedan (2002),2002,2005,,330xi 5AT AWD (231 HP),Gasoline,6,2979,231,300,5-speed automatic,All Wheel Drive,7.4,241,10.6,4470,1740,1415,2725,1535
bmw,BMW,3 Series,3 Series Sedan (2002),2002,2005,,330xi 5MT AWD (231 HP),Gasoline,6,2979,231,300,5-speed manual,All Wheel Drive,6.6,246,9.6,4470,1740,1415,2725,1495
bmw,BMW,3 Series,3 Series Sedan (2002),2002,2005,,330xi 6MT AWD (231 HP),Gasoline,6,2979,231,300,6-speed manual,All Wheel Drive,6.6,246,9.9,4470,1740,1415,2725,1515
bmw,BMW,3 Series,3 Series Sedan (2002),2002,2005,,318d 5AT RWD (115 HP),Diesel,4,1951,116,265,5-speed automatic,Rear Wheel Drive,11.3,200,6.8,4470,1740,1415,2725,1400
bmw,BMW,3 Series,3 Series Sedan (2002),2002,2005,,318d 5MT RWD (115 HP),Diesel,4,1951,116,265,5-speed manual,Rear Wheel Drive,10.7,204,5.6,4470,1740,1415,2725,1370
bmw,BMW,3 Series,3 Series Sedan (2002),2002,2005,,320d 5AT RWD (150 HP),Diesel,4,1995,150,330,5-speed automatic,Rear Wheel Drive,9.1,212,6.9,4470,1740,1415,2725,1405
bmw,BMW,3 Series,3 Series Sedan (2002),2002,2005,,320d 5MT RWD (150 HP),Diesel,4,1995,150,330,5-speed manual,Rear Wheel Drive,8.9,216,5.5,4470,1740,1415,2725,1390
bmw,BMW,3 Series,3 Series Sedan (2002),2002,2005,,320d 6MT RWD (150 HP),Diesel,4,1995,150,330,6-speed manual,Rear Wheel Drive,8.8,220,5.8,4470,1740,1415,2725,1390
bmw,BMW,3 Series,3 Series Sedan (2002),2002,2005,,330d 5AT RWD (184 HP),Diesel,6,2926,184,390,5-speed automatic,Rear Wheel Drive,8.2,227,8,4470,1740,1415,2725,1510
bmw,BMW,3 Series,3 Series Sedan (2002),2002,2005,,330d 5AT RWD (204 HP),Diesel,6,2993,204,410,5-speed automatic,Rear Wheel Drive,7.4,235,7.7,4470,1740,1415,2725,1530
bmw,BMW,3 Series,3 Series Sedan (2002),2002,2005,,330d 5MT RWD (184 HP),Diesel,6,2926,184,390,5-speed manual,Rear Wheel Drive,7.8,227,6.7,4470,1740,1415,2725,1495
bmw,BMW,3 Series,3 Series Sedan (2002),2002,2005,,330d 6MT RWD (204 HP),Diesel,6,2993,204,410,6-speed manual,Rear Wheel Drive,7.2,242,6.6,4470,1740,1415,2725,1515
bmw,BMW,3 Series,3 Series Sedan (2002),2002,2005,,330xd 5AT AWD (184 HP),Diesel,6,2926,184,390,5-speed automatic,All Wheel Drive,8.8,224,8.7,4470,1740,1415,2725,1615
bmw,BMW,3 Series,3 Series Sedan (2002),2002,2005,,330xd 5AT AWD (204 HP),Diesel,6,2993,204,410,5-speed automatic,Rear Wheel Drive,7.9,229,8.7,4470,1740,1415,2725,1635
bmw,BMW,3 Series,3 Series Sedan (2002),2002,2005,,330xd 5MT AWD (184 HP),Diesel,6,2926,184,390,5-speed manual,All Wheel Drive,8.5,224,7.6,4470,1740,1415,2725,1595
bmw,BMW,3 Series,3 Series Sedan (2002),2002,2005,,330xd 6MT AWD (204 HP),Diesel,6,2993,204,410,5-speed manual,Rear Wheel Drive,7.7,233,7.6,4470,1740,1415,2725,1625
bmw,BMW,3 Series,3 Series Sedan (1998),1998,2002,,316i 4AT RWD (105 HP),Gasoline,4,1895,105,165,4-speed automatic,Rear Wheel Drive,13.6,195,9,4470,1740,1415,2725,1320
bmw,BMW,3 Series,3 Series Sedan (1998),1998,2002,,316i 5MT RWD (105 HP),Gasoline,4,1895,105,165,5-speed manual,Rear Wheel Drive,12.2,200,7.9,4470,1740,1415,2725,1285
bmw,BMW,3 Series,3 Series Sedan (1998),1998,2002,,318i 4AT RWD (118 HP),Gasoline,4,1895,118,180,4-speed automatic,Rear Wheel Drive,12.2,203,9.2,4470,1740,1415,2725,1320
bmw,BMW,3 Series,3 Series Sedan (1998),1998,2002,,318i 5MT RWD (118 HP),Gasoline,4,1895,118,180,5-speed manual,Rear Wheel Drive,10.4,206,8,4470,1740,1415,2725,1285
bmw,BMW,3 Series,3 Series Sedan (1998),1998,2002,,320i 5AT RWD (170 HP),Gasoline,6,2171,170,210,5-speed automatic,Rear Wheel Drive,9.3,224,9.4,4470,1740,1415,2725,1425
bmw,BMW,3 Series,3 Series Sedan (1998),1998,2002,,320i 5MT RWD (150 HP),Gasoline,6,1991,150,190,5-speed manual,Rear Wheel Drive,9.9,219,8.9,4470,1740,1415,2725,1365
bmw,BMW,3 Series,3 Series Sedan (1998),1998,2002,,320i 5MT RWD (170 HP),Gasoline,6,2171,170,210,5-speed manual,Rear Wheel Drive,8.3,226,8.9,4470,1740,1415,2725,1390
bmw,BMW,3 Series,3 Series Sedan (1998),1998,2002,,323i 5AT RWD (170 HP),Gasoline,6,2494,170,245,5-speed automatic,Rear Wheel Drive,9,229,10.1,4470,1740,1415,2725,1410
bmw,BMW,3 Series,3 Series Sedan (1998),1998,2002,,323i 5MT RWD (170 HP),Gasoline,6,2494,170,245,5-speed manual,Rear Wheel Drive,8,231,9,4470,1740,1415,2725,1370
bmw,BMW,3 Series,3 Series Sedan (1998),1998,2002,,325i 5AT RWD (192 HP),Gasoline,6,2494,192,245,5-speed automatic,Rear Wheel Drive,8.3,237,9.5,4470,1740,1415,2725,1420
bmw,BMW,3 Series,3 Series Sedan (1998),1998,2002,,325i 5MT RWD (192 HP),Gasoline,6,2494,192,245,5-speed manual,Rear Wheel Drive,7.2,240,9,4470,1740,1415,2725,1385
bmw,BMW,3 Series,3 Series Sedan (1998),1998,2002,,328i 5AT RWD (193 HP),Gasoline,6,2793,193,280,5-speed automatic,Rear Wheel Drive,8.1,235,10.1,4470,1740,1415,2725,1430
bmw,BMW,3 Series,3 Series Sedan (1998),1998,2002,,328i 5MT RWD (193 HP),Gasoline,6,2793,193,280,5-speed manual,Rear Wheel Drive,7,240,9.1,4470,1740,1415,2725,1395
bmw,BMW,3 Series,3 Series Sedan (1998),1998,2002,,330i 5AT RWD (231 HP),Gasoline,6,2979,231,300,5-speed automatic,Rear Wheel Drive,7,246,9.6,4470,1740,1415,2725,1465
bmw,BMW,3 Series,3 Series Sedan (1998),1998,2002,,330i 5MT RWD (231 HP),Gasoline,6,2979,231,300,5-speed manual,Rear Wheel Drive,6.5,250,9.1,4470,1740,1415,2725,1430
bmw,BMW,3 Series,3 Series Sedan (1998),1998,2002,,330xi 5AT RWD (231 HP),Gasoline,6,2979,231,300,5-speed automatic,Rear Wheel Drive,7.4,241,10.3,4470,1740,1415,2725,1540
bmw,BMW,3 Series,3 Series Sedan (1998),1998,2002,,330xi 5MT RWD (231 HP),Gasoline,6,2979,231,300,5-speed manual,Rear Wheel Drive,6.6,246,9.6,4470,1740,1415,2725,1520
bmw,BMW,3 Series,3 Series Sedan (1998),1998,2002,,320d 5AT RWD (136 HP),Diesel,4,1951,136,280,5-speed automatic,Rear Wheel Drive,10.3,208,6.9,4470,1740,1415,2725,1400
bmw,BMW,3 Series,3 Series Sedan (1998),1998,2002,,320d 5MT RWD (136 HP),Diesel,4,1951,136,280,5-speed manual,Rear Wheel Drive,9.9,207,5.7,4470,1740,1415,2725,1375
bmw,BMW,3 Series,3 Series Sedan (1998),1998,2002,,330d 5AT RWD (184 HP),Diesel,6,2926,184,390,5-speed automatic,Rear Wheel Drive,8.2,227,8,4470,1740,1415,2725,1535
bmw,BMW,3 Series,3 Series Sedan (1998),1998,2002,,330d 5MT RWD (184 HP),Diesel,6,2926,184,390,5-speed manual,Rear Wheel Drive,7.8,227,6.7,4470,1740,1415,2725,1520
bmw,BMW,3 Series,3 Series Sedan (1991),1991,1998,,316i 4AT (102 HP),Gasoline,4,1596,102,150,4-speed automatic,Rear Wheel Drive,14.2,192,8.4,4430,1699,1389,2700,1275
bmw,BMW,3 Series,3 Series Sedan (1991),1991,1998,,316i 4AT (99 HP),Gasoline,4,1596,99,141,4-speed automatic,Rear Wheel Drive,15,188,8.4,4430,1699,1389,2700,1230
bmw,BMW,3 Series,3 Series Sedan (1991),1991,1998,,316i 5MT (102 HP),Gasoline,4,1596,102,150,5-speed manual,Rear Wheel Drive,12.7,195,7.7,4430,1699,1389,2700,1235
bmw,BMW,3 Series,3 Series Sedan (1991),1991,1998,,316i 5MT (99 HP),Gasoline,4,1596,99,141,5-speed manual,Rear Wheel Drive,13.1,191,7.9,4430,1699,1389,2700,1190
bmw,BMW,3 Series,3 Series Sedan (1991),1991,1998,,318i 4AT (115 HP),Gasoline,4,1796,115,168,4-speed automatic,Rear Wheel Drive,12.3,200,8.6,4430,1699,1389,2700,1275
bmw,BMW,3 Series,3 Series Sedan (1991),1991,1998,,318i 5MT (115 HP),Gasoline,4,1796,115,168,5-speed manual,Rear Wheel Drive,11.3,201,7.9,4430,1699,1389,2700,1235
bmw,BMW,3 Series,3 Series Sedan (1991),1991,1998,,318is 4AT (140 HP),Gasoline,4,1895,140,180,4-speed automatic,Rear Wheel Drive,11.2,208,8.8,4430,1699,1389,2700,1300
bmw,BMW,3 Series,3 Series Sedan (1991),1991,1998,,318is 5MT (140 HP),Gasoline,4,1895,140,180,5-speed manual,Rear Wheel Drive,10.2,213,8,4430,1699,1389,2700,1260
bmw,BMW,3 Series,3 Series Sedan (1991),1991,1998,,320i 5AT (150 HP),Gasoline,6,1991,150,190,5-speed automatic,Rear Wheel Drive,10.6,214,10.1,4430,1699,1389,2700,1335
bmw,BMW,3 Series,3 Series Sedan (1991),1991,1998,,320i 5MT (150 HP),Gasoline,6,1991,150,190,5-speed manual,Rear Wheel Drive,9.9,214,9,4430,1699,1389,2700,1300
bmw,BMW,3 Series,3 Series Sedan (1991),1991,1998,,323i 5AT (170 HP),Gasoline,6,2494,170,245,5-speed automatic,Rear Wheel Drive,9,224,10.1,4430,1699,1389,2700,1345
bmw,BMW,3 Series,3 Series Sedan (1991),1991,1998,,323i 5MT (170 HP),Gasoline,6,2494,170,245,5-speed manual,Rear Wheel Drive,8,227,9,4430,1699,1389,2700,1310
bmw,BMW,3 Series,3 Series Sedan (1991),1991,1998,,325i 5AT (192 HP),Gasoline,6,2494,192,245,5-speed automatic,Rear Wheel Drive,9,232,9.3,4430,1699,1389,2700,1365
bmw,BMW,3 Series,3 Series Sedan (1991),1991,1998,,325i 5MT (192 HP),Gasoline,6,2494,192,245,5-speed manual,Rear Wheel Drive,8,233,8.8,4430,1699,1389,2700,1330
bmw,BMW,3 Series,3 Series Sedan (1991),1991,1998,,328i 5AT (193 HP),Gasoline,6,2793,193,280,5-speed automatic,Rear Wheel Drive,7.8,232,10.2,4430,1699,1389,2700,1355
bmw,BMW,3 Series,3 Series Sedan (1991),1991,1998,,328i 5MT (193 HP),Gasoline,6,2793,193,280,5-speed manual,Rear Wheel Drive,7.3,236,9.2,4430,1699,1389,2700,1320
bmw,BMW,3 Series,3 Series Sedan (1991),1991,1998,,318tds 5MT (90 HP),Diesel,4,1665,90,190,5-speed manual,Rear Wheel Drive,14.4,182,6.5,4430,1699,1389,2700,1280
bmw,BMW,3 Series,3 Series Sedan (1991),1991,1998,,325td 4AT (116 HP),Diesel,6,2498,116,222,4-speed automatic,Rear Wheel Drive,12.8,195,8.4,4430,1699,1389,2700,1390
bmw,BMW,3 Series,3 Series Sedan (1991),1991,1998,,325td 5MT (116 HP),Diesel,6,2498,116,222,5-speed manual,Rear Wheel Drive,12,198,7.4,4430,1699,1389,2700,1355
bmw,BMW,3 Series,3 Series Sedan (1991),1991,1998,,325tds 5AT (143 HP),Diesel,6,2498,143,260,5-speed automatic,Rear Wheel Drive,10.8,211,8.3,4430,1699,1389,2700,1400
bmw,BMW,3 Series,3 Series Sedan (1991),1991,1998,,325tds 5MT (143 HP),Diesel,6,2498,143,260,5-speed manual,Rear Wheel Drive,10.4,214,7.3,4430,1699,1389,2700,1365
bmw,BMW,3 Series,3 Series Sedan (1982),1982,1992,,316 4AT RWD (90 HP),Gasoline,4,1766,90,140,4-speed automatic,Rear Wheel Drive,14.2,171,8,4321,1641,1379,2570,1050
bmw,BMW,3 Series,3 Series Sedan (1982),1982,1992,,316 5MT RWD (90 HP),Gasoline,4,1766,90,140,5-speed manual,Rear Wheel Drive,12.2,175,7.8,4321,1641,1379,2570,1030
bmw,BMW,3 Series,3 Series Sedan (1982),1982,1992,,316i 4AT RWD (102 HP),Gasoline,4,1766,102,140,4-speed automatic,Rear Wheel Drive,14.1,175,8.9,4321,1641,1379,2570,1105
bmw,BMW,3 Series,3 Series Sedan (1982),1982,1992,,316i 4AT RWD (99 HP),Gasoline,4,1596,99,141,4-speed automatic,Rear Wheel Drive,14.1,177,8.7,4321,1641,1379,2570,1105
bmw,BMW,3 Series,3 Series Sedan (1982),1982,1992,,316i 5MT RWD (102 HP),Gasoline,4,1766,102,140,5-speed manual,Rear Wheel Drive,12.1,182,8.6,4321,1641,1379,2570,1085
bmw,BMW,3 Series,3 Series Sedan (1982),1982,1992,,316i 5MT RWD (99 HP),Gasoline,4,1596,99,141,5-speed manual,Rear Wheel Drive,12.1,182,8.5,4321,1641,1379,2570,1085
bmw,BMW,3 Series,3 Series Sedan (1982),1982,1992,,318i 4AT RWD (105 HP),Gasoline,4,1766,105,145,4-speed automatic,Rear Wheel Drive,13.1,177,8,4321,1641,1379,2570,1040
bmw,BMW,3 Series,3 Series Sedan (1982),1982,1992,,318i 4AT RWD (113 HP),Gasoline,4,1795,113,162,4-speed automatic,Rear Wheel Drive,12.1,183,8.6,4321,1641,1379,2570,1105
bmw,BMW,3 Series,3 Series Sedan (1982),1982,1992,,318i 5MT RWD (105 HP),Gasoline,4,1766,105,145,5-speed manual,Rear Wheel Drive,11.2,183,7.8,4321,1641,1379,2570,1040
bmw,BMW,3 Series,3 Series Sedan (1982),1982,1992,,318i 5MT RWD (113 HP),Gasoline,4,1795,113,162,5-speed manual,Rear Wheel Drive,10.8,188,8.5,4321,1641,1379,2570,1085
bmw,BMW,3 Series,3 Series Sedan (1982),1982,1992,,320i 4AT RWD (125 HP),Gasoline,6,1990,125,170,4-speed automatic,Rear Wheel Drive,12,192,8.6,4321,1641,1379,2570,1100
bmw,BMW,3 Series,3 Series Sedan (1982),1982,1992,,320i 4AT RWD (129 HP),Gasoline,6,1990,129,174,4-speed automatic,Rear Wheel Drive,12,192,8.6,4321,1641,1379,2570,1130
bmw,BMW,3 Series,3 Series Sedan (1982),1982,1992,,320i 5MT RWD (125 HP),Gasoline,6,1990,125,170,5-speed manual,Rear Wheel Drive,10.4,196,8.6,4321,1641,1379,2570,1080
bmw,BMW,3 Series,3 Series Sedan (1982),1982,1992,,320i 5MT RWD (129 HP),Gasoline,6,1990,129,174,5-speed manual,Rear Wheel Drive,10.2,196,8.9,4321,1641,1379,2570,1110
bmw,BMW,3 Series,3 Series Sedan (1982),1982,1992,,323i 4AT RWD (150 HP),Gasoline,6,2316,150,205,4-speed automatic,Rear Wheel Drive,10.7,200,8.8,4321,1641,1379,2570,1130
bmw,BMW,3 Series,3 Series Sedan (1982),1982,1992,,323i 5MT RWD (150 HP),Gasoline,6,2316,150,205,5-speed manual,Rear Wheel Drive,9,204,8.9,4321,1641,1379,2570,1110
bmw,BMW,3 Series,3 Series Sedan (1982),1982,1992,,325e 4AT RWD (129 HP),Gasoline,6,2693,129,230,4-speed automatic,Rear Wheel Drive,11.8,188,8.4,4321,1641,1379,2570,1160
bmw,BMW,3 Series,3 Series Sedan (1982),1982,1992,,325e 5MT RWD (129 HP),Gasoline,6,2693,129,230,5-speed manual,Rear Wheel Drive,10.1,193,8.4,4321,1641,1379,2570,1140
bmw,BMW,3 Series,3 Series Sedan (1982),1982,1992,,325i 4AT RWD (170 HP),Gasoline,6,2494,170,226,4-speed automatic,Rear Wheel Drive,9.9,212,9.9,4321,1641,1379,2570,1220
bmw,BMW,3 Series,3 Series Sedan (1982),1982,1992,,325i 5MT RWD (170 HP),Gasoline,6,2494,170,226,5-speed manual,Rear Wheel Drive,8.3,217,8.9,4321,1641,1379,2570,1145
bmw,BMW,3 Series,3 Series Sedan (1982),1982,1992,,325ix 4AT RWD (170 HP),Gasoline,6,2494,170,226,4-speed automatic,All Wheel Drive,10.3,211,8.9,4321,1641,1379,2570,1255
bmw,BMW,3 Series,3 Series Sedan (1982),1982,1992,,325ix 5MT RWD (170 HP),Gasoline,6,2494,170,226,5-speed manual,All Wheel Drive,9.2,212,10.4,4321,1641,1379,2570,1300
bmw,BMW,3 Series,3 Series Sedan (1982),1982,1992,,324d 4AT RWD (86 HP),Diesel,6,2443,86,152,4-speed automatic,Rear Wheel Drive,18.5,158,7.3,4321,1641,1379,2570,1215
bmw,BMW,3 Series,3 Series Sedan (1982),1982,1992,,324d 5MT RWD (86 HP),Diesel,6,2443,86,152,5-speed manual,Rear Wheel Drive,16.1,166,6.9,4321,1641,1379,2570,1195
bmw,BMW,3 Series,3 Series Sedan (1982),1982,1992,,324td 4AT RWD (116 HP),Diesel,6,2443,116,220,4-speed automatic,Rear Wheel Drive,12.8,182,7,4321,1641,1379,2570,1280
bmw,BMW,3 Series,3 Series Sedan (1982),1982,1992,,324td 5MT RWD (116 HP),Diesel,6,2443,116,220,5-speed manual,Rear Wheel Drive,11.9,187,7,4321,1641,1379,2570,1260
bmw,BMW,3 Series,3 Series  Cabriolet (2010),2010,2013,,318i 6MT RWD (143 HP),Gasoline,4,1995,143,190,6-speed manual,Rear Wheel Drive,10.3,209,6.6,4613,1782,1384,2760,1595
bmw,BMW,3 Series,3 Series  Cabriolet (2010),2010,2013,,320i 6AT RWD (170 HP),Gasoline,4,1995,170,210,6-speed automatic,Rear Wheel Drive,9.8,225,7.3,4613,1782,1384,2760,1670
bmw,BMW,3 Series,3 Series  Cabriolet (2010),2010,2013,,320i 6MT RWD (170 HP),Gasoline,4,1995,170,210,6-speed manual,Rear Wheel Drive,9.1,229,6.8,4613,1782,1384,2760,1595
bmw,BMW,3 Series,3 Series  Cabriolet (2010),2010,2013,,325i 6AT RWD (218 HP),Gasoline,6,2996,218,271,6-speed automatic,Rear Wheel Drive,8.1,243,7.9,4613,1782,1384,2760,1685
bmw,BMW,3 Series,3 Series  Cabriolet (2010),2010,2013,,325i 6MT RWD (218 HP),Gasoline,6,2996,218,271,6-speed manual,Rear Wheel Drive,7.6,245,7.5,4613,1782,1384,2760,1655
bmw,BMW,3 Series,3 Series  Cabriolet (2010),2010,2013,,330i 6AT RWD (272 HP),Gasoline,6,2996,272,320,6-speed automatic,Rear Wheel Drive,6.7,249,8.2,4613,1782,1384,2760,1720
bmw,BMW,3 Series,3 Series  Cabriolet (2010),2010,2013,,330i 6MT RWD (272 HP),Gasoline,6,2996,272,320,6-speed manual,Rear Wheel Drive,6.5,249,7.8,4613,1782,1384,2760,1705
bmw,BMW,3 Series,3 Series  Cabriolet (2010),2010,2013,,335i 6MT RWD (306 HP),Gasoline,6,2979,306,400,6-speed manual,Rear Wheel Drive,5.8,249,8.8,4613,1782,1384,2760,1765
bmw,BMW,3 Series,3 Series  Cabriolet (2010),2010,2013,,335i 7AT RWD (306 HP),Gasoline,6,2979,306,400,7-speed automatic,Rear Wheel Drive,5.7,249,8.8,4613,1782,1384,2760,1750
bmw,BMW,3 Series,3 Series  Cabriolet (2010),2010,2013,,335is 6MT RWD (320 HP),Gasoline,6,2979,325,450,6-speed manual,Rear Wheel Drive,5.4,150,10.7,4613,1782,1384,2760,1815
bmw,BMW,3 Series,3 Series  Cabriolet (2010),2010,2013,,320d 6AT RWD (184 HP),Diesel,4,1995,184,380,6-speed automatic,Rear Wheel Drive,8.4,225,5.6,4613,1782,1384,2760,1670
bmw,BMW,3 Series,3 Series  Cabriolet (2010),2010,2013,,320d 6MT RWD (184 HP),Diesel,4,1995,184,380,6-speed manual,Rear Wheel Drive,8.3,229,5.1,4613,1782,1384,2760,1655
bmw,BMW,3 Series,3 Series  Cabriolet (2010),2010,2013,,325d 6AT RWD (204 HP),Diesel,6,2993,204,430,6-speed manual,Rear Wheel Drive,7.6,237,6.4,4613,1782,1384,2760,1755
bmw,BMW,3 Series,3 Series  Cabriolet (2010),2010,2013,,325d 6MT RWD (204 HP),Diesel,6,2993,204,430,6-speed manual,Rear Wheel Drive,7.5,238,6.1,4613,1782,1384,2760,1740
bmw,BMW,3 Series,3 Series  Cabriolet (2010),2010,2013,,330d 6AT RWD (245 HP),Diesel,6,2993,245,519,6-speed automatic,Rear Wheel Drive,6.5,249,6.4,4613,1782,1384,2760,1765
bmw,BMW,3 Series,3 Series  Cabriolet (2010),2010,2013,,330d 6MT RWD (245 HP),Diesel,6,2993,245,519,6-speed manual,Rear Wheel Drive,6.4,249,6.1,4613,1782,1384,2760,1750
bmw,BMW,3 Series,3 Series  Cabriolet (2007),2007,2010,,320i 6AT RWD (170 HP),Gasoline,4,1995,170,210,6-speed automatic,Rear Wheel Drive,9.8,225,6.7,4580,1783,1384,2761,1600
bmw,BMW,3 Series,3 Series  Cabriolet (2007),2007,2010,,320i 6MT RWD (170 HP),Gasoline,4,1995,170,210,6-speed manual,Rear Wheel Drive,9.1,220,6.6,4580,1783,1384,2761,1570
bmw,BMW,3 Series,3 Series  Cabriolet (2007),2007,2010,,325i 6AT RWD (218 HP),Gasoline,6,2996,218,270,6-speed automatic,Rear Wheel Drive,8.1,243,7.8,4580,1783,1384,2761,1660
bmw,BMW,3 Series,3 Series  Cabriolet (2007),2007,2010,,325i 6MT RWD (218 HP),Gasoline,6,2996,218,270,6-speed manual,Rear Wheel Drive,7.6,245,7.6,4580,1783,1384,2761,1630
bmw,BMW,3 Series,3 Series  Cabriolet (2007),2007,2010,,330i 6AT RWD (272 HP),Gasoline,6,2996,272,320,6-speed manual,Rear Wheel Drive,6.7,250,7.8,4580,1783,1384,2761,1695
bmw,BMW,3 Series,3 Series  Cabriolet (2007),2007,2010,,330i 6MT RWD (272 HP),Gasoline,6,2996,272,320,6-speed manual,Rear Wheel Drive,6.5,250,7.7,4580,1783,1384,2761,1680
bmw,BMW,3 Series,3 Series  Cabriolet (2007),2007,2010,,335i 6AT RWD (306 HP),Gasoline,6,2979,306,400,6-speed automatic,Rear Wheel Drive,6,250,9.9,4580,1783,1384,2761,1725
bmw,BMW,3 Series,3 Series  Cabriolet (2007),2007,2010,,335i 6MT RWD (306 HP),Gasoline,6,2979,306,400,6-speed manual,Rear Wheel Drive,5.8,250,9.9,4580,1783,1384,2761,1710
bmw,BMW,3 Series,3 Series  Cabriolet (2007),2007,2010,,335i 7AT RWD (306 HP),Gasoline,6,2979,306,400,7-speed automatic,Rear Wheel Drive,5.7,250,9.1,4580,1783,1384,2761,1725
bmw,BMW,3 Series,3 Series  Cabriolet (2007),2007,2010,,320d 6AT RWD (177 HP),Diesel,6,1995,177,350,6-speed automatic,Rear Wheel Drive,8.7,224,5.8,4580,1783,1384,2761,1640
bmw,BMW,3 Series,3 Series  Cabriolet (2007),2007,2010,,320d 6MT RWD (177 HP),Diesel,6,1995,177,350,6-speed manual,Rear Wheel Drive,8.6,224,5.3,4580,1783,1384,2761,1630
bmw,BMW,3 Series,3 Series  Cabriolet (2007),2007,2010,,325d 6AT RWD (197 HP),Diesel,6,2993,197,400,6-speed automatic,Rear Wheel Drive,8,233,6.7,4580,1783,1384,2761,1725
bmw,BMW,3 Series,3 Series  Cabriolet (2007),2007,2010,,325d 6MT RWD (197 HP),Diesel,6,2993,197,400,6-speed manual,Rear Wheel Drive,7.9,235,6.2,4580,1783,1384,2761,1715
bmw,BMW,3 Series,3 Series  Cabriolet (2007),2007,2010,,330d 6AT RWD (231 HP),Diesel,6,2993,231,500,6-speed automatic,Rear Wheel Drive,7.1,243,6.9,4580,1783,1384,2761,1740
bmw,BMW,3 Series,3 Series  Cabriolet (2007),2007,2010,,330d 6MT RWD (231 HP),Diesel,6,2993,231,500,6-speed manual,Rear Wheel Drive,7,245,6.5,4580,1783,1384,2761,1725
bmw,BMW,3 Series,3 Series  Cabriolet (2003),2003,2007,,318Ci 5AT RWD (143 HP),Gasoline,4,1995,143,200,5-speed automatic,Rear Wheel Drive,11.3,206,8.4,4488,1758,1372,2725,1515
bmw,BMW,3 Series,3 Series  Cabriolet (2003),2003,2007,,318Ci 5MT RWD (143 HP),Gasoline,4,1995,143,200,5-speed manual,Rear Wheel Drive,10.4,206,7.8,4488,1758,1372,2725,1480
bmw,BMW,3 Series,3 Series  Cabriolet (2003),2003,2007,,320Ci 5AT RWD (170 HP),Gasoline,6,2171,170,210,5-speed automatic,Rear Wheel Drive,10.2,219,9.8,4488,1758,1372,2725,1550
bmw,BMW,3 Series,3 Series  Cabriolet (2003),2003,2007,,320Ci 5MT RWD (170 HP),Gasoline,6,2171,170,210,5-speed manual,Rear Wheel Drive,9.1,222,9.4,4488,1758,1372,2725,1515
bmw,BMW,3 Series,3 Series  Cabriolet (2003),2003,2007,,325Ci 5AT RWD (192 HP),Gasoline,6,2495,192,245,5-speed automatic,Rear Wheel Drive,9.1,230,9.9,4488,1758,1372,2725,1575
bmw,BMW,3 Series,3 Series  Cabriolet (2003),2003,2007,,325Ci 5MT RWD (192 HP),Gasoline,6,2495,192,245,5-speed manual,Rear Wheel Drive,8,234,9.6,4488,1758,1372,2725,1540
bmw,BMW,3 Series,3 Series  Cabriolet (2003),2003,2007,,330Ci 5AT RWD (231 HP),Gasoline,6,2979,231,300,5-speed automatic,Rear Wheel Drive,7.5,240,10.2,4488,1758,1372,2725,1605
bmw,BMW,3 Series,3 Series  Cabriolet (2003),2003,2007,,330Ci 6MT RWD (231 HP),Gasoline,6,2979,231,300,6-speed manual,Rear Wheel Drive,6.9,247,9.6,4488,1758,1372,2725,1575
bmw,BMW,3 Series,3 Series  Cabriolet (2003),2003,2007,,320Cd 5AT RWD (150 HP),Diesel,4,1995,150,330,5-speed automatic,Rear Wheel Drive,,,,4488,1758,1372,2725,1595
bmw,BMW,3 Series,3 Series  Cabriolet (2003),2003,2007,,320Cd 6MT RWD (150 HP),Diesel,4,1995,150,330,6-speed manual,Rear Wheel Drive,9.7,211,6.3,4488,1758,1372,2725,1580
bmw,BMW,3 Series,3 Series  Cabriolet (2000),2000,2003,,318Ci 5AT RWD (143 HP),Gasoline,4,1995,143,200,5-speed automatic,Rear Wheel Drive,11.1,206,8.4,4491,1760,1369,2720,1470
bmw,BMW,3 Series,3 Series  Cabriolet (2000),2000,2003,,318Ci 5MT RWD (143 HP),Gasoline,4,1995,143,200,5-speed manual,Rear Wheel Drive,10.2,206,7.7,4491,1760,1369,2720,1440
bmw,BMW,3 Series,3 Series  Cabriolet (2000),2000,2003,,320Ci 5AT RWD (170 HP),Gasoline,6,2171,170,210,5-speed automatic,Rear Wheel Drive,9.9,219,9.8,4491,1760,1369,2720,1515
bmw,BMW,3 Series,3 Series  Cabriolet (2000),2000,2003,,320Ci 5MT RWD (170 HP),Gasoline,6,2171,170,210,5-speed manual,Rear Wheel Drive,8.8,222,9.4,4491,1760,1369,2720,1495
bmw,BMW,3 Series,3 Series  Cabriolet (2000),2000,2003,,323Ci 5AT RWD (170 HP),Gasoline,6,2494,170,245,5-speed automatic,Rear Wheel Drive,9,230,10,4491,1760,1369,2720,1410
bmw,BMW,3 Series,3 Series  Cabriolet (2000),2000,2003,,323Ci 5MT RWD (170 HP),Gasoline,6,2494,170,245,5-speed manual,Rear Wheel Drive,8,233,9,4491,1760,1369,2720,1370
bmw,BMW,3 Series,3 Series  Cabriolet (2000),2000,2003,,325Ci 5AT RWD (192 HP),Gasoline,6,2494,192,245,5-speed automatic,Rear Wheel Drive,8.8,230,9.9,4491,1760,1369,2720,1555
bmw,BMW,3 Series,3 Series  Cabriolet (2000),2000,2003,,325Ci 5MT RWD (192 HP),Gasoline,6,2494,192,245,5-speed manual,Rear Wheel Drive,7.7,234,9.6,4491,1760,1369,2720,1515
bmw,BMW,3 Series,3 Series  Cabriolet (2000),2000,2003,,330Ci 5AT RWD (231 HP),Gasoline,6,2979,231,300,5-speed automatic,Rear Wheel Drive,7.5,240,10.2,4491,1760,1369,2720,1595
bmw,BMW,3 Series,3 Series  Cabriolet (2000),2000,2003,,330Ci 5MT RWD (231 HP),Gasoline,6,2979,231,300,5-speed manual,Rear Wheel Drive,6.9,247,9.6,4491,1760,1369,2720,1560
bmw,BMW,3 Series,3 Series  Cabriolet (1993),1993,1999,,318i 4AT RWD (115 HP),Gasoline,4,1796,116,168,4-speed automatic,Rear Wheel Drive,13.7,188,9.3,4430,1709,1349,2700,1410
bmw,BMW,3 Series,3 Series  Cabriolet (1993),1993,1999,,318i 5MT RWD (115 HP),Gasoline,4,1796,116,168,5-speed manual,Rear Wheel Drive,12.5,194,8.1,4430,1709,1349,2700,1370
bmw,BMW,3 Series,3 Series  Cabriolet (1993),1993,1999,,320i 5AT RWD (150 HP),Gasoline,6,1991,150,190,5-speed automatic,Rear Wheel Drive,11.4,208,10.3,4430,1709,1349,2700,1445
bmw,BMW,3 Series,3 Series  Cabriolet (1993),1993,1999,,320i 5MT RWD (150 HP),Gasoline,6,1991,150,190,5-speed manual,Rear Wheel Drive,10.6,211,9.1,4430,1709,1349,2700,1410
bmw,BMW,3 Series,3 Series  Cabriolet (1993),1993,1999,,325i 5AT RWD (192 HP),Gasoline,6,2494,192,245,5-speed automatic,Rear Wheel Drive,9,232,9.3,4430,1709,1349,2700,1365
bmw,BMW,3 Series,3 Series  Cabriolet (1993),1993,1999,,325i 5MT RWD (192 HP),Gasoline,6,2494,192,245,5-speed manual,Rear Wheel Drive,8.6,229,9.1,4430,1709,1349,2700,1450
bmw,BMW,3 Series,3 Series  Cabriolet (1993),1993,1999,,328i 5AT RWD (193 HP),Gasoline,6,2793,193,280,5-speed automatic,Rear Wheel Drive,8.4,225,10.4,4430,1709,1349,2700,1465
bmw,BMW,3 Series,3 Series  Cabriolet (1993),1993,1999,,328i 5MT RWD (193 HP),Gasoline,6,2793,193,280,5-speed manual,Rear Wheel Drive,7.7,230,9.3,4430,1709,1349,2700,1430
bmw,BMW,3 Series,3 Series  Cabriolet (1986),1986,1993,,318i 4AT RWD (113 HP),Gasoline,4,1796,113,161,4-speed automatic,Rear Wheel Drive,13.1,185,9,4321,1641,1369,2570,1240
bmw,BMW,3 Series,3 Series  Cabriolet (1986),1986,1993,,318i 5MT RWD (113 HP),Gasoline,4,1796,113,161,5-speed manual,Rear Wheel Drive,12,187,8.8,4321,1641,1369,2570,1220
bmw,BMW,3 Series,3 Series  Cabriolet (1986),1986,1993,,320i 4AT RWD (129 HP),Gasoline,6,1991,129,164,4-speed automatic,Rear Wheel Drive,13.3,195,10.4,4321,1641,1369,2570,1300
bmw,BMW,3 Series,3 Series  Cabriolet (1986),1986,1993,,320i 5MT RWD (129 HP),Gasoline,6,1991,129,164,5-speed manual,Rear Wheel Drive,11.5,195,10.2,4321,1641,1369,2570,1280
bmw,BMW,3 Series,3 Series  Cabriolet (1986),1986,1993,,325i 4AT RWD (170 HP),Gasoline,6,2494,170,226,4-speed automatic,Rear Wheel Drive,10.1,211,9.1,4321,1641,1369,2570,1275
bmw,BMW,3 Series,3 Series  Cabriolet (1986),1986,1993,,325i 5MT RWD (170 HP),Gasoline,6,2494,170,226,5-speed manual,Rear Wheel Drive,8.3,217,8.9,4321,1641,1369,2570,1255
bmw,BMW,3 Series,3 Series Coupe (2010),2010,2013,,318i 6MT RWD (143 HP),Gasoline,4,1995,143,190,6-speed manual,Rear Wheel Drive,9.1,209,6.3,4612,1782,1395,2760,1360
bmw,BMW,3 Series,3 Series Coupe (2010),2010,2013,,320i 6MT RWD (170 HP),Gasoline,4,1995,170,210,6-speed manual,Rear Wheel Drive,8.1,230,6.6,4612,1782,1395,2760,1360
bmw,BMW,3 Series,3 Series Coupe (2010),2010,2013,,325i 6MT RWD (218 HP),Gasoline,6,2996,218,271,6-speed manual,Rear Wheel Drive,6.7,249,7.2,4612,1782,1395,2760,1430
bmw,BMW,3 Series,3 Series Coupe (2010),2010,2013,,325i xDrive 6MT AWD (218 HP),Gasoline,6,2996,218,271,6-speed manual,All Wheel Drive,7.2,246,8.1,4612,1782,1395,2760,1530
bmw,BMW,3 Series,3 Series Coupe (2010),2010,2013,,330i 6AT RWD (272 HP),Gasoline,6,2996,272,320,6-speed automatic,Rear Wheel Drive,6.2,245,7.5,4612,1782,1395,2760,1555
bmw,BMW,3 Series,3 Series Coupe (2010),2010,2013,,330i 6MT RWD (272 HP),Gasoline,6,2996,272,320,6-speed manual,Rear Wheel Drive,6,249,7.4,4612,1782,1395,2760,1465
bmw,BMW,3 Series,3 Series Coupe (2010),2010,2013,,330i xDrive 6AT AWD (272 HP),Gasoline,6,2996,272,320,6-speed automatic,All Wheel Drive,6.3,249,8.3,4612,1782,1395,2760,1655
bmw,BMW,3 Series,3 Series Coupe (2010),2010,2013,,330i xDrive 6MT AWD (272 HP),Gasoline,6,2996,272,320,6-speed manual,All Wheel Drive,6.1,249,8.1,4612,1782,1395,2760,1530
bmw,BMW,3 Series,3 Series Coupe (2010),2010,2013,,335i 6MT RWD (306 HP),Gasoline,6,2979,306,400,6-speed manual,Rear Wheel Drive,5.5,249,8.4,4612,1782,1395,2760,1525
bmw,BMW,3 Series,3 Series Coupe (2010),2010,2013,,335i xDrive 6MT AWD (305 HP),Gasoline,6,2979,306,400,6-speed manual,All Wheel Drive,5.3,249,8.8,4612,1782,1395,2760,1605
bmw,BMW,3 Series,3 Series Coupe (2010),2010,2013,,335is 6MT RWD (320 HP),Gasoline,6,2979,325,450,6-speed manual,Rear Wheel Drive,5.1,249,11.2,4612,1782,1395,2760,1656
bmw,BMW,3 Series,3 Series Coupe (2010),2010,2013,,335is 7AT RWD (320 HP),Gasoline,6,2979,325,450,7-speed automatic,Rear Wheel Drive,5.3,240,12.4,4612,1782,1395,2760,1630
bmw,BMW,3 Series,3 Series Coupe (2010),2010,2013,,320d 6AT RWD (184 HP),Diesel,4,1995,184,380,6-speed automatic,Rear Wheel Drive,8.1,225,5.3,4612,1782,1395,2760,1505
bmw,BMW,3 Series,3 Series Coupe (2010),2010,2013,,320d 6MT RWD (184 HP),Diesel,4,1995,184,380,6-speed manual,Rear Wheel Drive,7.5,237,4.7,4612,1782,1395,2760,1420
bmw,BMW,3 Series,3 Series Coupe (2010),2010,2013,,320d xDrive 6AT AWD (184 HP),Diesel,4,1995,184,380,6-speed automatic,All Wheel Drive,7.9,230,5.7,4612,1782,1395,2760,1605
bmw,BMW,3 Series,3 Series Coupe (2010),2010,2013,,320d xDrive 6MT AWD (184 HP),Diesel,4,1995,184,380,6-speed manual,All Wheel Drive,7.8,232,5.2,4612,1782,1395,2760,1515
bmw,BMW,3 Series,3 Series Coupe (2010),2010,2013,,325d 6MT RWD (204 HP),Diesel,6,2993,204,430,6-speed manual,Rear Wheel Drive,6.9,243,5.7,4612,1782,1395,2760,1515
bmw,BMW,3 Series,3 Series Coupe (2010),2010,2013,,330d 6AT RWD (245 HP),Diesel,6,2993,245,519,6-speed automatic,Rear Wheel Drive,6.1,249,6.2,4612,1782,1395,2760,1615
bmw,BMW,3 Series,3 Series Coupe (2010),2010,2013,,330d 6MT RWD (245 HP),Diesel,6,2993,245,519,6-speed manual,Rear Wheel Drive,6,249,5.7,4612,1782,1395,2760,1525
bmw,BMW,3 Series,3 Series Coupe (2010),2010,2013,,330d xDrive 6AT AWD (245 HP),Diesel,6,2993,245,519,6-speed automatic,All Wheel Drive,5.9,249,6.8,4612,1782,1395,2760,1715
bmw,BMW,3 Series,3 Series Coupe (2010),2010,2013,,330d xDrive 6MT AWD (245 HP),Diesel,6,2993,245,519,6-speed manual,All Wheel Drive,5.8,249,6.5,4612,1782,1395,2760,1625
bmw,BMW,3 Series,3 Series Coupe (2010),2010,2013,,335d 6AT RWD (286 HP),Diesel,6,2993,286,579,6-speed automatic,Rear Wheel Drive,5.9,249,6.6,4612,1782,1395,2760,1570
bmw,BMW,3 Series,3 Series Coupe (2006),2006,2010,,320i 6AT RWD (170 HP),Gasoline,4,1995,170,210,6-speed automatic (Steptronic),Rear Wheel Drive,8.8,229,6.5,4580,1783,1394,2761,1390
bmw,BMW,3 Series,3 Series Coupe (2006),2006,2010,,320i 6MT RWD (170 HP),Gasoline,4,1995,170,210,6-speed manual,Rear Wheel Drive,8.1,230,6.3,4580,1783,1394,2761,1360
bmw,BMW,3 Series,3 Series Coupe (2006),2006,2010,,325i 6AT RWD (218 HP),Gasoline,6,2497,218,250,6-speed automatic (Steptronic),Rear Wheel Drive,7,249,7.1,4580,1783,1394,2761,1450
bmw,BMW,3 Series,3 Series Coupe (2006),2006,2010,,325i 6MT RWD (218 HP),Gasoline,6,2497,218,250,6-speed manual,Rear Wheel Drive,6.6,249,7.1,4580,1783,1394,2761,1420
bmw,BMW,3 Series,3 Series Coupe (2006),2006,2010,,325xi 6AT RWD (218 HP),Gasoline,6,2497,218,250,6-speed automatic (Steptronic),All Wheel Drive,8,238,9.9,4580,1783,1394,2761,1560
bmw,BMW,3 Series,3 Series Coupe (2006),2006,2010,,325xi 6MT RWD (218 HP),Gasoline,6,2497,218,250,6-speed manual,All Wheel Drive,7.4,245,9.2,4580,1783,1394,2761,1530
bmw,BMW,3 Series,3 Series Coupe (2006),2006,2010,,328i 6AT RWD (230 HP),Gasoline,6,2996,233,271,6-speed automatic (Steptronic),Rear Wheel Drive,7,209,9.8,4580,1783,1394,2761,1550
bmw,BMW,3 Series,3 Series Coupe (2006),2006,2010,,328i 6MT RWD (230 HP),Gasoline,6,2996,233,271,6-speed manual,Rear Wheel Drive,6.4,209,9.8,4580,1783,1394,2761,1520
bmw,BMW,3 Series,3 Series Coupe (2006),2006,2010,,328i xDrive 6AT AWD (230 HP),Gasoline,6,2996,233,271,6-speed automatic (Steptronic),All Wheel Drive,7.2,209,10.2,4580,1783,1394,2761,1645
bmw,BMW,3 Series,3 Series Coupe (2006),2006,2010,,328i xDrive 6MT AWD (230 HP),Gasoline,6,2996,233,271,6-speed manual,All Wheel Drive,7,209,10.7,4580,1783,1394,2761,1625
bmw,BMW,3 Series,3 Series Coupe (2006),2006,2010,,330i 6AT RWD (272 HP),Gasoline,6,2996,272,315,6-speed automatic (Steptronic),Rear Wheel Drive,6.2,249,7.2,4580,1783,1394,2761,1485
bmw,BMW,3 Series,3 Series Coupe (2006),2006,2010,,330i 6MT RWD (272 HP),Gasoline,6,2996,272,315,6-speed manual,Rear Wheel Drive,6,249,7.2,4580,1783,1394,2761,1470
bmw,BMW,3 Series,3 Series Coupe (2006),2006,2010,,330xi 6AT RWD (272 HP),Gasoline,6,2996,272,315,6-speed automatic (Steptronic),All Wheel Drive,6.7,249,10.1,4580,1783,1394,2761,1595
bmw,BMW,3 Series,3 Series Coupe (2006),2006,2010,,330xi 6MT RWD (272 HP),Gasoline,6,2996,272,315,6-speed manual,All Wheel Drive,6.2,249,9.6,4580,1783,1394,2761,1580
bmw,BMW,3 Series,3 Series Coupe (2006),2006,2010,,335i 6AT RWD (306 HP),Gasoline,6,2979,306,400,6-speed automatic (Steptronic),Rear Wheel Drive,5.7,249,9.2,4580,1783,1394,2761,1540
bmw,BMW,3 Series,3 Series Coupe (2006),2006,2010,,335i 6MT RWD (306 HP),Gasoline,6,2979,306,400,6-speed manual,Rear Wheel Drive,5.5,249,9.1,4580,1783,1394,2761,1525
bmw,BMW,3 Series,3 Series Coupe (2006),2006,2010,,335i 7AT RWD (306 HP),Gasoline,6,2979,306,400,7-speed automatic (DKG),Rear Wheel Drive,5.4,249,8.8,4580,1783,1394,2761,1540
bmw,BMW,3 Series,3 Series Coupe (2006),2006,2010,,335xi 6AT RWD (306 HP),Gasoline,6,2979,306,400,6-speed automatic (Steptronic),All Wheel Drive,5.5,249,9.7,4580,1783,1394,2761,1650
bmw,BMW,3 Series,3 Series Coupe (2006),2006,2010,,335xi 6MT RWD (306 HP),Gasoline,6,2979,306,400,6-speed manual,All Wheel Drive,5.4,249,9.7,4580,1783,1394,2761,1635
bmw,BMW,3 Series,3 Series Coupe (2006),2006,2010,,320d 6AT RWD (177 HP),Diesel,4,1995,177,350,6-speed automatic (Steptronic),Rear Wheel Drive,8,230,5.5,4580,1783,1394,2761,1430
bmw,BMW,3 Series,3 Series Coupe (2006),2006,2010,,320d 6MT RWD (177 HP),Diesel,4,1995,177,350,6-speed manual,Rear Wheel Drive,8,232,5.5,4580,1783,1394,2761,1420
bmw,BMW,3 Series,3 Series Coupe (2006),2006,2010,,320d xDrive 6AT AWD (177 HP),Diesel,4,1995,177,350,6-speed automatic (Steptronic),All Wheel Drive,8.2,224,5.9,4580,1783,1394,2761,1530
bmw,BMW,3 Series,3 Series Coupe (2006),2006,2010,,320d xDrive 6MT AWD (177 HP),Diesel,4,1995,177,350,6-speed manual,All Wheel Drive,8.1,225,5.4,4580,1783,1394,2761,1515
bmw,BMW,3 Series,3 Series Coupe (2006),2006,2010,,330d 6AT RWD (231 HP),Diesel,6,2993,231,500,6-speed manual,Rear Wheel Drive,6.6,250,6.6,4580,1783,1394,2761,1540
bmw,BMW,3 Series,3 Series Coupe (2006),2006,2010,,330d 6MT RWD (231 HP),Diesel,6,2993,231,500,6-speed manual,Rear Wheel Drive,6.6,250,6.1,4580,1783,1394,2761,1525
bmw,BMW,3 Series,3 Series Coupe (2006),2006,2010,,330xd 6AT RWD (231 HP),Diesel,6,2993,231,500,6-speed automatic,All Wheel Drive,6.6,240,8,4580,1783,1394,2761,1650
bmw,BMW,3 Series,3 Series Coupe (2006),2006,2010,,330xd 6MT RWD (231 HP),Diesel,6,2993,231,500,6-speed manual,All Wheel Drive,6.5,241,7.2,4580,1783,1394,2761,1635
bmw,BMW,3 Series,3 Series Coupe (2006),2006,2010,,335d 6AT RWD (286 HP),Diesel,6,2993,286,580,6-speed automatic,Rear Wheel Drive,6.1,250,7.5,4580,1783,1394,2761,1570
bmw,BMW,3 Series,3 Series Coupe (2003),2003,2006,,318Ci 5AT RWD (143 HP),Gasoline,4,1995,143,200,5-speed automatic (Steptronic),Rear Wheel Drive,10.2,214,8.1,4488,1758,1369,2725,1360
bmw,BMW,3 Series,3 Series Coupe (2003),2003,2006,,318Ci 5MT RWD (143 HP),Gasoline,4,1995,143,200,5-speed manual,Rear Wheel Drive,9.3,218,7.2,4488,1758,1369,2725,1320
bmw,BMW,3 Series,3 Series Coupe (2003),2003,2006,,320Ci 5AT RWD (170 HP),Gasoline,6,2171,170,210,5-speed automatic (Steptronic),Rear Wheel Drive,9.4,224,9.4,4488,1758,1369,2725,1430
bmw,BMW,3 Series,3 Series Coupe (2003),2003,2006,,320Ci 5MT RWD (170 HP),Gasoline,6,2171,170,210,5-speed manual,Rear Wheel Drive,8.2,226,8.9,4488,1758,1369,2725,1520
bmw,BMW,3 Series,3 Series Coupe (2003),2003,2006,,325Ci 5AT RWD (192 HP),Gasoline,6,2494,192,245,5-speed automatic (Steptronic),Rear Wheel Drive,8.4,237,9.5,4488,1758,1369,2725,1455
bmw,BMW,3 Series,3 Series Coupe (2003),2003,2006,,325Ci 5MT RWD (192 HP),Gasoline,6,2494,192,245,5-speed manual,Rear Wheel Drive,7.3,240,9,4488,1758,1369,2725,1420
bmw,BMW,3 Series,3 Series Coupe (2003),2003,2006,,330Ci 5AT RWD (231 HP),Gasoline,6,2979,231,300,5-speed automatic (Steptronic),Rear Wheel Drive,7,246,9.6,4488,1758,1369,2725,1465
bmw,BMW,3 Series,3 Series Coupe (2003),2003,2006,,330Ci 6MT RWD (231 HP),Gasoline,6,2979,231,300,6-speed manual,Rear Wheel Drive,6.5,250,9.1,4488,1758,1369,2725,1430
bmw,BMW,3 Series,3 Series Coupe (2003),2003,2006,,320Cd 5AT RWD (150 HP),Diesel,4,1995,150,330,5-speed automatic (Steptronic),Rear Wheel Drive,9.1,132,6.9,4488,1758,1369,2725,1430
bmw,BMW,3 Series,3 Series Coupe (2003),2003,2006,,320Cd 6MT RWD (150 HP),Diesel,4,1995,150,330,6-speed manual,Rear Wheel Drive,8.9,221,5.7,4488,1758,1369,2725,1415
bmw,BMW,3 Series,3 Series Coupe (2003),2003,2006,,330Cd 5AT RWD (204 HP),Diesel,6,2993,204,410,5-speed automatic (Steptronic),Rear Wheel Drive,7.4,235,7.7,4488,1758,1369,2725,1555
bmw,BMW,3 Series,3 Series Coupe (2003),2003,2006,,330Cd 6MT RWD (204 HP),Diesel,6,2993,204,410,6-speed manual,Rear Wheel Drive,7.2,242,6.6,4488,1758,1369,2725,1520
bmw,BMW,3 Series,3 Series Coupe (1999),1999,2003,,318Ci 4AT RWD (118 HP),Gasoline,4,1895,118,180,4-speed automatic,Rear Wheel Drive,12.2,203,9,4491,1760,1369,2720,1325
bmw,BMW,3 Series,3 Series Coupe (1999),1999,2003,,318Ci 5AT RWD (143 HP),Gasoline,4,1995,143,200,5-speed automatic (Steptronic),Rear Wheel Drive,10.2,214,8.1,4491,1760,1369,2720,1360
bmw,BMW,3 Series,3 Series Coupe (1999),1999,2003,,318Ci 5MT RWD (118 HP),Gasoline,4,1895,118,180,5-speed manual,Rear Wheel Drive,10.4,206,8,4491,1760,1369,2720,1285
bmw,BMW,3 Series,3 Series Coupe (1999),1999,2003,,318Ci 5MT RWD (143 HP),Gasoline,4,1995,143,200,5-speed manual,Rear Wheel Drive,9.3,218,7.2,4491,1760,1369,2720,1320
bmw,BMW,3 Series,3 Series Coupe (1999),1999,2003,,320Ci 5AT RWD (150 HP),Gasoline,6,1991,150,190,5-speed automatic (Steptronic),Rear Wheel Drive,10.8,217,10,4491,1760,1369,2720,1400
bmw,BMW,3 Series,3 Series Coupe (1999),1999,2003,,320Ci 5AT RWD (170 HP),Gasoline,6,2171,170,210,5-speed automatic (Steptronic),Rear Wheel Drive,9.4,224,9.4,4491,1760,1369,2720,1430
bmw,BMW,3 Series,3 Series Coupe (1999),1999,2003,,320Ci 5MT RWD (150 HP),Gasoline,6,1991,150,190,5-speed manual,Rear Wheel Drive,9.9,221,8.9,4491,1760,1369,2720,1365
bmw,BMW,3 Series,3 Series Coupe (1999),1999,2003,,320Ci 5MT RWD (170 HP),Gasoline,6,2171,170,210,5-speed manual,Rear Wheel Drive,8.2,226,8.9,4491,1760,1369,2720,1395
bmw,BMW,3 Series,3 Series Coupe (1999),1999,2003,,323Ci 5AT RWD (170 HP),Gasoline,6,2494,170,245,5-speed automatic (Steptronic),Rear Wheel Drive,9,230,10,4491,1760,1369,2720,1405
bmw,BMW,3 Series,3 Series Coupe (1999),1999,2003,,323Ci 5MT RWD (170 HP),Gasoline,6,2494,170,245,5-speed manual,Rear Wheel Drive,8.2,233,9,4491,1760,1369,2720,1370
bmw,BMW,3 Series,3 Series Coupe (1999),1999,2003,,325Ci 5AT RWD (192 HP),Gasoline,6,2494,192,245,5-speed automatic (Steptronic),Rear Wheel Drive,8.4,237,9.5,4491,1760,1369,2720,1455
bmw,BMW,3 Series,3 Series Coupe (1999),1999,2003,,325Ci 5MT RWD (192 HP),Gasoline,6,2494,192,245,5-speed manual,Rear Wheel Drive,7.2,240,9,4491,1760,1369,2720,1420
bmw,BMW,3 Series,3 Series Coupe (1999),1999,2003,,328Ci 5AT RWD (193 HP),Gasoline,6,2793,193,280,5-speed automatic (Steptronic),Rear Wheel Drive,8.1,237,10.1,4491,1760,1369,2720,1430
bmw,BMW,3 Series,3 Series Coupe (1999),1999,2003,,328Ci 5MT RWD (193 HP),Gasoline,6,2793,193,280,5-speed manual,Rear Wheel Drive,7,242,9.1,4491,1760,1369,2720,1395
bmw,BMW,3 Series,3 Series Coupe (1999),1999,2003,,330Ci 5AT RWD (231 HP),Gasoline,6,2979,231,300,5-speed automatic (Steptronic),Rear Wheel Drive,7,248,9.6,4491,1760,1369,2720,1465
bmw,BMW,3 Series,3 Series Coupe (1999),1999,2003,,330Ci 5MT RWD (231 HP),Gasoline,6,2979,231,300,5-speed manual,Rear Wheel Drive,6.5,250,9.1,4491,1760,1369,2720,1430
bmw,BMW,3 Series,3 Series Coupe (1992),1992,1998,,316i 4AT RWD (102 HP),Gasoline,4,1596,102,150,4-speed automatic (Hydra-matic),Rear Wheel Drive,14.2,192,8,4432,1709,1367,2700,1230
bmw,BMW,3 Series,3 Series Coupe (1992),1992,1998,,316i 5MT RWD (102 HP),Gasoline,4,1596,102,150,5-speed manual,Rear Wheel Drive,12.7,198,7.7,4432,1709,1367,2700,1190
bmw,BMW,3 Series,3 Series Coupe (1992),1992,1998,,318iS 4AT RWD (140 HP),Gasoline,4,1796,140,175,4-speed automatic (Hydra-matic),Rear Wheel Drive,11.7,204,9.4,4432,1709,1367,2700,1340
bmw,BMW,3 Series,3 Series Coupe (1992),1992,1998,,318iS 5MT RWD (140 HP),Gasoline,4,1796,140,175,5-speed manual,Rear Wheel Drive,10.2,212,8.3,4432,1709,1367,2700,1240
bmw,BMW,3 Series,3 Series Coupe (1992),1992,1998,,320i 5AT RWD (150 HP),Gasoline,6,1991,150,190,5-speed automatic,Rear Wheel Drive,10.9,214,8.6,4432,1796,1392,2700,1350
bmw,BMW,3 Series,3 Series Coupe (1992),1992,1998,,320i 5MT RWD (150 HP),Gasoline,6,1991,150,190,5-speed manual,Rear Wheel Drive,10,214,9,4432,1796,1392,2700,1315
bmw,BMW,3 Series,3 Series Coupe (1992),1992,1998,,325i 5AT RWD (192 HP),Gasoline,6,2494,192,244,5-speed automatic,Rear Wheel Drive,8.8,232,8.6,4432,1796,1392,2700,1365
bmw,BMW,3 Series,3 Series Coupe (1992),1992,1998,,325i 5MT RWD (192 HP),Gasoline,6,2494,192,244,5-speed manual,Rear Wheel Drive,8,232,8.8,4432,1796,1392,2700,1380
bmw,BMW,3 Series,3 Series Coupe (1992),1992,1998,,328i 5AT RWD (193 HP),Gasoline,6,2494,193,280,5-speed automatic,Rear Wheel Drive,7.8,232,10.3,4432,1796,1392,2700,1355
bmw,BMW,3 Series,3 Series Coupe (1992),1992,1998,,328i 5MT RWD (193 HP),Gasoline,6,2494,193,280,5-speed manual,Rear Wheel Drive,7.3,236,9.2,4432,1796,1392,2700,1320
bmw,BMW,3 Series,3 Series Coupe (1982),1982,1992,,316 4AT RWD (90 HP),Gasoline,4,1766,90,140,4-speed automatic,Rear Wheel Drive,14.2,171,8,4321,1641,1379,2570,1030
bmw,BMW,3 Series,3 Series Coupe (1982),1982,1992,,316 5MT RWD (90 HP),Gasoline,4,1766,90,140,5-speed manual,Rear Wheel Drive,12.2,175,7.8,4321,1641,1379,2570,1010
bmw,BMW,3 Series,3 Series Coupe (1982),1982,1992,,316i 4AT RWD (102 HP),Gasoline,4,1766,102,140,4-speed automatic,Rear Wheel Drive,14.1,175,8.9,4321,1641,1379,2570,1085
bmw,BMW,3 Series,3 Series Coupe (1982),1982,1992,,316i 5MT RWD (102 HP),Gasoline,4,1766,102,140,5-speed manual,Rear Wheel Drive,12.1,182,8.6,4321,1641,1379,2570,1065
bmw,BMW,3 Series,3 Series Coupe (1982),1982,1992,,318i 4AT RWD (105 HP),Gasoline,4,1766,105,145,4-speed automatic,Rear Wheel Drive,13.1,177,8,4321,1641,1379,2570,1020
bmw,BMW,3 Series,3 Series Coupe (1982),1982,1992,,318i 4AT RWD (113 HP),Gasoline,4,1795,113,162,4-speed automatic,Rear Wheel Drive,12.1,183,8.6,4321,1641,1379,2570,1085
bmw,BMW,3 Series,3 Series Coupe (1982),1982,1992,,318i 5MT RWD (105 HP),Gasoline,4,1766,105,145,5-speed manual,Rear Wheel Drive,11.2,183,7.8,4321,1641,1379,2570,1020
bmw,BMW,3 Series,3 Series Coupe (1982),1982,1992,,318i 5MT RWD (113 HP),Gasoline,4,1795,113,162,5-speed manual,Rear Wheel Drive,10.8,188,8.5,4321,1641,1379,2570,1065
bmw,BMW,3 Series,3 Series Coupe (1982),1982,1992,,318iS 5MT RWD (136 HP),Gasoline,4,1796,136,172,5-speed manual,Rear Wheel Drive,9.9,203,8.5,4321,1641,1379,2570,1125
bmw,BMW,3 Series,3 Series Coupe (1982),1982,1992,,320i 4AT RWD (125 HP),Gasoline,6,1991,125,170,4-speed automatic,Rear Wheel Drive,12,192,8.6,4321,1641,1379,2570,1080
bmw,BMW,3 Series,3 Series Coupe (1982),1982,1992,,320i 4AT RWD (129 HP),Gasoline,6,1991,129,164,4-speed automatic,Rear Wheel Drive,12.7,188,9.9,4321,1641,1379,2570,1145
bmw,BMW,3 Series,3 Series Coupe (1982),1982,1992,,320i 5MT RWD (125 HP),Gasoline,6,1991,125,170,5-speed manual,Rear Wheel Drive,10.4,196,8.6,4321,1641,1379,2570,1060
bmw,BMW,3 Series,3 Series Coupe (1982),1982,1992,,320i 5MT RWD (129 HP),Gasoline,6,1991,129,164,"Manual, 5 Speed",Rear Wheel Drive,10.6,196,9.9,4321,1641,1379,2570,1125
bmw,BMW,3 Series,3 Series Coupe (1982),1982,1992,,323i 4AT RWD (150 HP),Gasoline,6,2316,150,205,4-speed automatic,Rear Wheel Drive,10.7,200,8.8,4321,1641,1379,2570,1110
bmw,BMW,3 Series,3 Series Coupe (1982),1982,1992,,323i 5MT RWD (150 HP),Gasoline,6,2316,150,205,5-speed manual,Rear Wheel Drive,9,204,8.9,4321,1641,1379,2570,1090
bmw,BMW,3 Series,3 Series Coupe (1982),1982,1992,,325e 4AT RWD (129 HP),Gasoline,6,2693,129,230,4-speed automatic,Rear Wheel Drive,11.8,188,8.4,4321,1641,1379,2570,1140
bmw,BMW,3 Series,3 Series Coupe (1982),1982,1992,,325e 5MT RWD (129 HP),Gasoline,6,2693,129,230,5-speed manual,Rear Wheel Drive,10.1,193,8.4,4321,1641,1379,2570,1120
bmw,BMW,3 Series,3 Series Coupe (1982),1982,1992,,325i 4AT RWD (170 HP),Gasoline,6,2494,170,222,4-speed automatic,Rear Wheel Drive,10,206,8.8,4321,1641,1379,2570,1145
bmw,BMW,3 Series,3 Series Coupe (1982),1982,1992,,325i 5MT RWD (170 HP),Gasoline,6,2494,170,222,5-speed manual,Rear Wheel Drive,8.3,217,9.7,4321,1641,1379,2570,1180
bmw,BMW,3 Series,3 Series Coupe (1982),1982,1992,,325ix 4AT RWD (170 HP),Gasoline,6,2494,170,222,4-speed automatic,All Wheel Drive,10.3,211,8.9,4321,1641,1379,2570,1235
bmw,BMW,3 Series,3 Series Coupe (1982),1982,1992,,325ix 5MT RWD (170 HP),Gasoline,6,2494,170,222,5-speed manual,All Wheel Drive,8.3,217,8.9,4321,1641,1379,2570,1215
bmw,BMW,3 Series,3 Series Coupe (1975),1975,1983,,315 4MT RWD (75 HP),Gasoline,4,1573,75,110,4-speed manual,Rear Wheel Drive,14.8,154,8.8,4359,1610,1379,2560,1010
bmw,BMW,3 Series,3 Series Coupe (1975),1975,1983,,316 4MT RWD (90 HP),Gasoline,4,1573,90,125,4-speed manual,Rear Wheel Drive,13.8,160,9.8,4359,1610,1379,2560,1020
bmw,BMW,3 Series,3 Series Coupe (1975),1975,1983,,318 3AT RWD (98 HP),Gasoline,4,1766,98,142,3-speed automatic,Rear Wheel Drive,13,159,12,4359,1610,1379,2560,1030
bmw,BMW,3 Series,3 Series Coupe (1975),1975,1983,,318 4MT RWD (98 HP),Gasoline,4,1766,98,142,4-speed manual,Rear Wheel Drive,11.9,166,9.8,4359,1610,1379,2560,1020
bmw,BMW,3 Series,3 Series Coupe (1975),1975,1983,,318i 3AT RWD (105 HP),Gasoline,4,1766,105,145,3-speed automatic,Rear Wheel Drive,13.2,166,8.9,4359,1610,1379,2560,1040
bmw,BMW,3 Series,3 Series Coupe (1975),1975,1983,,318i 4MT RWD (105 HP),Gasoline,4,1766,105,145,4-speed manual,Rear Wheel Drive,11.5,171,8.9,4359,1610,1379,2560,1030
bmw,BMW,3 Series,3 Series Coupe (1975),1975,1983,,320 3AT RWD (122 HP),Gasoline,6,1990,122,160,3-speed automatic,Rear Wheel Drive,12.4,175,12.8,4359,1610,1379,2560,1125
bmw,BMW,3 Series,3 Series Coupe (1975),1975,1983,,320 4MT RWD (122 HP),Gasoline,6,1990,122,160,4-speed manual,Rear Wheel Drive,10.7,181,9.5,4359,1610,1379,2560,1115
bmw,BMW,3 Series,3 Series Coupe (1975),1975,1983,,320i 3AT RWD (125 HP),Gasoline,4,1990,125,172,3-speed automatic,Rear Wheel Drive,11.1,175,11,4359,1610,1379,2560,1070
bmw,BMW,3 Series,3 Series Coupe (1975),1975,1983,,320i 4MT RWD (125 HP),Gasoline,4,1990,125,172,4-speed manual,Rear Wheel Drive,9.9,182,9.4,4359,1610,1379,2560,1050
bmw,BMW,3 Series,3 Series Coupe (1975),1975,1983,,323i 3AT RWD (143 HP),Gasoline,6,2316,143,190,3-speed automatic,Rear Wheel Drive,10.7,185,12,4359,1610,1379,2560,1155
bmw,BMW,3 Series,3 Series Coupe (1975),1975,1983,,323i 4MT RWD (143 HP),Gasoline,6,2316,143,190,4-speed manual,Rear Wheel Drive,9.5,190,9.2,4359,1610,1379,2560,1135
bmw,BMW,3 Series Compact,3 Series Compact (2001),2001,2005,,316ti 5AT RWD (116 HP),Gasoline,4,1796,116,175,5-speed automatic (Steptronic),Rear Wheel Drive,11.9,196,7.8,4262,1750,1407,2725,1335
bmw,BMW,3 Series Compact,3 Series Compact (2001),2001,2005,,316ti 5MT RWD (116 HP),Gasoline,4,1796,116,175,5-speed manual,Rear Wheel Drive,10.9,201,6.9,4262,1750,1407,2725,1275
bmw,BMW,3 Series Compact,3 Series Compact (2001),2001,2005,,318ti 5AT RWD (143 HP),Gasoline,4,1995,143,200,5-speed automatic (Steptronic),Rear Wheel Drive,10.2,211,8,4262,1750,1407,2725,1335
bmw,BMW,3 Series Compact,3 Series Compact (2001),2001,2005,,318ti 5MT RWD (143 HP),Gasoline,4,1995,143,200,5-speed manual,Rear Wheel Drive,9.3,214,7.2,4262,1750,1407,2725,1275
bmw,BMW,3 Series Compact,3 Series Compact (2001),2001,2005,,325ti 5AT RWD (192 HP),Gasoline,6,2494,192,245,5-speed automatic (Steptronic),Rear Wheel Drive,8.3,232,9.6,4262,1750,1407,2725,1440
bmw,BMW,3 Series Compact,3 Series Compact (2001),2001,2005,,325ti 5MT RWD (192 HP),Gasoline,6,2494,192,245,5-speed manual,Rear Wheel Drive,7.1,235,8.9,4262,1750,1407,2725,1380
bmw,BMW,3 Series Compact,3 Series Compact (2001),2001,2005,,318td 5MT RWD (116 HP),Diesel,4,1951,116,280,5-speed manual,Rear Wheel Drive,10.5,205,5.7,4262,1750,1407,2725,1370
bmw,BMW,3 Series Compact,3 Series Compact (2001),2001,2005,,320td 5AT RWD (150 HP),Diesel,4,1995,150,330,5-speed automatic (Steptronic),Rear Wheel Drive,9.1,211,6.9,4262,1750,1407,2725,1430
bmw,BMW,3 Series Compact,3 Series Compact (2001),2001,2005,,320td 5MT RWD (150 HP),Diesel,4,1995,150,330,5-speed manual,Rear Wheel Drive,8.9,214,5.5,4262,1750,1407,2725,1370
bmw,BMW,3 Series Compact,3 Series Compact (1994),1994,2000,,316i 4AT RWD (102 HP),Gasoline,4,1596,102,150,4-speed automatic,Rear Wheel Drive,13.8,183,8.9,4209,1699,1389,2700,1215
bmw,BMW,3 Series Compact,3 Series Compact (1994),1994,2000,,316i 4AT RWD (105 HP),Gasoline,4,1895,105,165,4-speed automatic,Rear Wheel Drive,13.9,185,8.9,4209,1699,1389,2700,1215
bmw,BMW,3 Series Compact,3 Series Compact (1994),1994,2000,,316i 5MT RWD (102 HP),Gasoline,4,1596,102,150,5-speed manual,Rear Wheel Drive,12.3,188,7.7,4209,1699,1389,2700,1175
bmw,BMW,3 Series Compact,3 Series Compact (1994),1994,2000,,316i 5MT RWD (105 HP),Gasoline,4,1895,105,165,5-speed manual,Rear Wheel Drive,11.9,190,7.6,4209,1699,1389,2700,1175
bmw,BMW,3 Series Compact,3 Series Compact (1994),1994,2000,,318ti 4AT RWD (140 HP),Gasoline,4,1796,140,175,4-speed automatic,Rear Wheel Drive,10.8,203,8.8,4209,1699,1389,2700,1240
bmw,BMW,3 Series Compact,3 Series Compact (1994),1994,2000,,318ti 5MT RWD (140 HP),Gasoline,4,1796,140,175,5-speed manual,Rear Wheel Drive,9.9,209,7.9,4209,1699,1389,2700,1200
bmw,BMW,3 Series Compact,3 Series Compact (1994),1994,2000,,323 5MT RWD (170 HP),Gasoline,6,2494,170,245,5-speed manual,Rear Wheel Drive,7.8,230,9.3,4209,1699,1389,2700,1255
bmw,BMW,3 Series Compact,3 Series Compact (1994),1994,2000,,323ti 5AT RWD (170 HP),Gasoline,6,2494,170,245,5-speed automatic,Rear Wheel Drive,8.6,225,10.5,4209,1699,1389,2700,1290
bmw,BMW,3 Series Compact,3 Series Compact (1994),1994,2000,,318tds 5MT RWD (90 HP),Diesel,4,1665,90,190,5-speed manual,Rear Wheel Drive,13.9,175,6.4,4209,1699,1389,2700,1215
bmw,BMW,3 Series Gran Turismo,3 Series Gran Turismo (2016),2016,2020,,320i 6MT RWD (184 HP),Gasoline,4,1998,184,290,6-speed manual,Rear Wheel Drive,8,230,6.4,4823,1829,1509,2921,1580
bmw,BMW,3 Series Gran Turismo,3 Series Gran Turismo (2016),2016,2020,,320i 8AT RWD (184 HP),Gasoline,4,1998,184,290,8-speed automatic (Steptronic),Rear Wheel Drive,8.1,229,6.1,4823,1829,1509,2921,1600
bmw,BMW,3 Series Gran Turismo,3 Series Gran Turismo (2016),2016,2020,,320i xDrive 6MT AWD (184 HP),Gasoline,4,1998,184,290,6-speed manual,All Wheel Drive,8.1,227,7.1,4823,1829,1509,2921,1660
bmw,BMW,3 Series Gran Turismo,3 Series Gran Turismo (2016),2016,2020,,320i xDrive 8AT AWD (184 HP),Gasoline,4,1998,184,290,8-speed automatic (Steptronic),All Wheel Drive,8.4,224,6.6,4823,1829,1509,2921,1675
bmw,BMW,3 Series Gran Turismo,3 Series Gran Turismo (2016),2016,2020,,330i 8AT RWD (252 HP),Gasoline,4,1998,252,350,8-speed automatic (Steptronic),Rear Wheel Drive,6.1,249,6.2,4823,1829,1509,2921,1620
bmw,BMW,3 Series Gran Turismo,3 Series Gran Turismo (2016),2016,2020,,330i xDrive 8AT AWD (252 HP),Gasoline,4,1998,252,350,8-speed automatic (Steptronic),All Wheel Drive,6.2,249,6.7,4823,1829,1509,2921,1685
bmw,BMW,3 Series Gran Turismo,3 Series Gran Turismo (2016),2016,2020,,340i 8AT RWD (326 HP),Gasoline,4,2998,326,450,8-speed automatic (Steptronic),Rear Wheel Drive,5.1,249,7.3,4823,1829,1509,2921,1660
bmw,BMW,3 Series Gran Turismo,3 Series Gran Turismo (2016),2016,2020,,340i xDrive 8AT AWD (326 HP),Gasoline,4,2998,326,450,8-speed automatic (Steptronic),All Wheel Drive,5,249,7.7,4823,1829,1509,2921,1725
bmw,BMW,3 Series Gran Turismo,3 Series Gran Turismo (2016),2016,2020,,318d 6MT RWD (150 HP),Diesel,4,1995,150,320,6-speed manual,Rear Wheel Drive,9.3,209,4.7,4823,1829,1509,2921,1570
bmw,BMW,3 Series Gran Turismo,3 Series Gran Turismo (2016),2016,2020,,318d 8AT RWD (150 HP),Diesel,4,1995,150,320,8-speed automatic (Steptronic),Rear Wheel Drive,9.2,209,4.5,4823,1829,1509,2921,1570
bmw,BMW,3 Series Gran Turismo,3 Series Gran Turismo (2016),2016,2020,,320d 6MT RWD (190 HP),Diesel,4,1995,190,400,6-speed manual,Rear Wheel Drive,7.8,230,4.8,4823,1829,1509,2921,1580
bmw,BMW,3 Series Gran Turismo,3 Series Gran Turismo (2016),2016,2020,,320d 8AT RWD (190 HP),Diesel,4,1995,190,400,8-speed automatic (Steptronic),Rear Wheel Drive,7.7,225,4.6,4823,1829,1509,2921,1595
bmw,BMW,3 Series Gran Turismo,3 Series Gran Turismo (2016),2016,2020,,320d xDrive 6MT AWD (190 HP),Diesel,4,1995,190,400,6-speed manual,All Wheel Drive,7.8,230,5.1,4823,1829,1509,2921,1645
bmw,BMW,3 Series Gran Turismo,3 Series Gran Turismo (2016),2016,2020,,320d xDrive 8AT AWD (190 HP),Diesel,4,1995,190,400,8-speed automatic (Steptronic),All Wheel Drive,7.7,225,4.8,4823,1829,1509,2921,1660
bmw,BMW,3 Series Gran Turismo,3 Series Gran Turismo (2016),2016,2020,,325d 8AT RWD (224 HP),Diesel,4,1995,224,450,8-speed automatic (Steptronic),Rear Wheel Drive,6.4,240,5,4823,1829,1509,2921,1630
bmw,BMW,3 Series Gran Turismo,3 Series Gran Turismo (2016),2016,2020,,330d 8AT RWD (258 HP),Diesel,4,2993,258,560,8-speed automatic (Steptronic),Rear Wheel Drive,5.7,249,5.3,4823,1829,1509,2921,1660
bmw,BMW,3 Series Gran Turismo,3 Series Gran Turismo (2016),2016,2020,,330d xDrive 8AT AWD (258 HP),Diesel,4,2993,258,560,8-speed automatic (Steptronic),All Wheel Drive,5.4,249,5.6,4823,1829,1509,2921,1730
bmw,BMW,3 Series Gran Turismo,3 Series Gran Turismo (2016),2016,2020,,335d xDrive 8AT AWD (313 HP),Diesel,4,2993,313,630,8-speed automatic (Steptronic),All Wheel Drive,4.9,249,5.7,4823,1829,1509,2921,1745
bmw,BMW,3 Series Gran Turismo,3 Series Gran Turismo (2013),2013,2016,,320i 6MT RWD (184 HP),Gasoline,4,1997,184,270,6-speed manual,Rear Wheel Drive,8,230,6.6,4823,1829,1509,2921,1540
bmw,BMW,3 Series Gran Turismo,3 Series Gran Turismo (2013),2013,2016,,320i 8AT RWD (184 HP),Gasoline,4,1997,184,270,8-speed automatic (Steptronic),Rear Wheel Drive,8.3,229,6.2,4823,1829,1509,2921,1560
bmw,BMW,3 Series Gran Turismo,3 Series Gran Turismo (2013),2013,2016,,320i xDrive 6MT AWD (184 HP),Gasoline,4,1997,184,270,6-speed manual,All Wheel Drive,8,227,7.2,4823,1829,1509,2921,1700
bmw,BMW,3 Series Gran Turismo,3 Series Gran Turismo (2013),2013,2016,,320i xDrive 8AT AWD (184 HP),Gasoline,4,1997,184,270,8-speed automatic (Steptronic),All Wheel Drive,8.3,224,6.4,4823,1829,1509,2921,1715
bmw,BMW,3 Series Gran Turismo,3 Series Gran Turismo (2013),2013,2016,,328i 6MT RWD (245 HP),Gasoline,4,1997,245,350,6-speed manual,Rear Wheel Drive,6.1,249,6.7,4823,1829,1509,2921,1570
bmw,BMW,3 Series Gran Turismo,3 Series Gran Turismo (2013),2013,2016,,328i 8AT RWD (245 HP),Gasoline,4,1997,245,350,8-speed automatic (Steptronic),Rear Wheel Drive,6.1,249,6.4,4823,1829,1509,2921,1595
bmw,BMW,3 Series Gran Turismo,3 Series Gran Turismo (2013),2013,2016,,328i xDrive 8AT AWD (245 HP),Gasoline,4,1997,245,350,8-speed automatic (Steptronic),Rear Wheel Drive,6.2,246,7,4823,1829,1509,2921,1735
bmw,BMW,3 Series Gran Turismo,3 Series Gran Turismo (2013),2013,2016,,335i 6MT RWD (306 HP),Gasoline,6,2979,306,400,6-speed manual,Rear Wheel Drive,5.7,249,8.1,4823,1829,1509,2921,1640
bmw,BMW,3 Series Gran Turismo,3 Series Gran Turismo (2013),2013,2016,,335i 8AT RWD (306 HP),Gasoline,6,2979,306,400,8-speed automatic (Steptronic),Rear Wheel Drive,5.4,249,7.7,4823,1829,1509,2921,1650
bmw,BMW,3 Series Gran Turismo,3 Series Gran Turismo (2013),2013,2016,,335i xDrive 8AT AWD (306 HP),Gasoline,6,2979,306,400,8-speed automatic (Steptronic),Rear Wheel Drive,5.3,249,8.1,4823,1829,1509,2921,1790
bmw,BMW,3 Series Gran Turismo,3 Series Gran Turismo (2013),2013,2016,,318d 6MT RWD (143 HP),Diesel,4,1995,143,320,6-speed manual,Rear Wheel Drive,9.7,230,4.7,4823,1829,1509,2921,1615
bmw,BMW,3 Series Gran Turismo,3 Series Gran Turismo (2013),2013,2016,,318d 8AT RWD (143 HP),Diesel,4,1995,143,320,8-speed automatic (Steptronic),Rear Wheel Drive,9.6,209,4.9,4823,1829,1509,2921,1635
bmw,BMW,3 Series Gran Turismo,3 Series Gran Turismo (2013),2013,2016,,320d 6MT RWD (184 HP),Diesel,4,1995,184,380,6-speed manual,Rear Wheel Drive,8,249,4.9,4823,1829,1509,2921,1565
bmw,BMW,3 Series Gran Turismo,3 Series Gran Turismo (2013),2013,2016,,320d 8AT RWD (184 HP),Diesel,4,1995,184,380,8-speed automatic (Steptronic),Rear Wheel Drive,7.9,249,4.9,4823,1829,1509,2921,1575
bmw,BMW,3 Series Gran Turismo,3 Series Gran Turismo (2013),2013,2016,,320d xDrive 6MT AWD (184 HP),Diesel,4,1995,184,380,6-speed manual,All Wheel Drive,8,249,5.2,4823,1829,1509,2921,1715
bmw,BMW,3 Series Gran Turismo,3 Series Gran Turismo (2013),2013,2016,,320d xDrive 8AT AWD (184 HP),Diesel,4,1995,184,380,8-speed automatic,All Wheel Drive,7.9,249,5.2,4823,1829,1509,2921,1725
bmw,BMW,3 Series Gran Turismo,3 Series Gran Turismo (2013),2013,2016,,330d 8AT RWD (258 HP),Diesel,6,2993,257,560,8-speed automatic (Steptronic),Rear Wheel Drive,5.7,249,5,4823,1829,1509,2921,1735
bmw,BMW,3 Series Gran Turismo,3 Series Gran Turismo (2013),2013,2016,,330d xDrive 8AT AWD (258 HP),Diesel,6,2993,257,560,8-speed automatic (Steptronic),All Wheel Drive,5.4,249,5.6,4823,1829,1509,2921,1805
bmw,BMW,3 Series Gran Turismo,3 Series Gran Turismo (2013),2013,2016,,335d xDrive 8AT AWD (313 HP),Diesel,6,2993,313,630,8-speed automatic (Steptronic),All Wheel Drive,4.9,249,5.7,4823,1829,1509,2921,1820
bmw,BMW,3.0 CSi,3.0 CSi (1971),1971,1975,,3.0L 4MT (200 HP),Gasoline,6,2986,200,273,4-speed manual,Rear Wheel Drive,7.6,224,10.9,4658,1687,1361,2616,1420
bmw,BMW,3.0 CSL,3.0 CSL (1971),1971,1975,,3.0L 4MT RWD (180 HP),Gasoline,6,3003,180,255,4-speed manual,Rear Wheel Drive,7.3,212,11.2,4630,1811,1369,2624,1165
bmw,BMW,3.0 CSL,3.0 CSL (1971),1971,1975,,3.0L 4MT RWD (200 HP),Gasoline,6,3003,200,272,4-speed manual,Rear Wheel Drive,6.9,220,10.9,4630,1811,1369,2624,1165
bmw,BMW,3.0 CSL,3.0 CSL (1971),1971,1975,,3.0L 4MT RWD (205 HP),Gasoline,6,3153,205,286,4-speed manual,Rear Wheel Drive,7.1,222,10.9,4630,1811,1369,2624,1250
bmw,BMW,4 Series,4 Series Convertible (2024),2024,,,420i 8AT RWD (184 HP),Gasoline,4,1998,184,300,8-speed automatic Steptronic,Rear Wheel Drive,8.2,237,7.4,4768,1852,1384,2850,1690
bmw,BMW,4 Series,4 Series Convertible (2024),2024,,,430i xDrive 8AT AWD (245 HP),Gasoline,4,1998,245,400,8-speed automatic Steptronic,All Wheel Drive,6.3,249,8,4768,1852,1392,2850,1765
bmw,BMW,4 Series,4 Series Convertible (2024),2024,,,420d MHEV 8AT RWD (190 HP),Mild Hybrid Diesel,4,1995,190,400,8-speed automatic Steptronic,Rear Wheel Drive,7.6,237,5.8,4768,1852,1384,2850,1775
bmw,BMW,4 Series,4 Series Convertible (2024),2024,,,430d MHEV 8AT RWD (286 HP),Mild Hybrid Diesel,6,2993,286,650,8-speed automatic Steptronic,Rear Wheel Drive,5.8,249,5.8,4768,1852,1384,2850,1885
bmw,BMW,4 Series,4 Series Convertible (2024),2024,,,440i xDrive MHEV 8AT AWD (374 HP),Mild Hybrid,6,2998,374,500,8-speed automatic Steptronic,All Wheel Drive,4.9,249,8.7,4770,1852,1394,2850,1890
bmw,BMW,4 Series,4 Series Convertible (2020),2020,2024,,420i 8AT (184 HP),Gasoline,4,1998,184,300,8-speed automatic Steptronic,Rear Wheel Drive,8.2,237,6.1,4768,1852,1384,2850,1765
bmw,BMW,4 Series,4 Series Convertible (2020),2020,2024,,430i 8AT (258 HP),Gasoline,4,1998,258,400,8-speed automatic Steptronic,Rear Wheel Drive,6.2,249,6.4,4768,1852,1384,2850,1790
bmw,BMW,4 Series,4 Series Convertible (2020),2020,2024,,420d 8AT (190 HP),Mild Hybrid Diesel,4,1995,190,400,8-speed automatic Steptronic,Rear Wheel Drive,7.6,237,4.5,4768,1852,1384,2850,1850
bmw,BMW,4 Series,4 Series Convertible (2020),2020,2024,,M440i xDrive 8AT AWD (374 HP),Mild Hybrid,6,2998,374,500,8-speed automatic Steptronic,All Wheel Drive,4.9,249,7.4,4770,1852,1394,2850,1965
bmw,BMW,4 Series,4 Series Convertible (2018),2018,2020,,420i 6MT RWD (184 HP),Gasoline,4,1998,184,270,6-speed manual,Rear Wheel Drive,8.2,230,6.2,4641,1826,1400,2809,1700
bmw,BMW,4 Series,4 Series Convertible (2018),2018,2020,,420i 8AT RWD (184 HP),Gasoline,4,1998,184,270,8-speed automatic Steptronic,Rear Wheel Drive,8.4,230,5.8,4641,1826,1400,2809,1715
bmw,BMW,4 Series,4 Series Convertible (2018),2018,2020,,430i 6MT RWD (252 HP),Gasoline,4,1998,252,350,6-speed manual,Rear Wheel Drive,6.4,249,6.6,4641,1826,1400,2809,1710
bmw,BMW,4 Series,4 Series Convertible (2018),2018,2020,,430i 8AT RWD (252 HP),Gasoline,4,1998,252,350,8-speed automatic Steptronic,Rear Wheel Drive,6.3,249,5.9,4641,1826,1400,2809,1735
bmw,BMW,4 Series,4 Series Convertible (2018),2018,2020,,440i 8AT RWD (326 HP),Gasoline,6,2998,326,450,8-speed automatic Steptronic,Rear Wheel Drive,5.4,249,6.8,4641,1826,1400,2809,1770
bmw,BMW,4 Series,4 Series Convertible (2018),2018,2020,,440i xDrive 8AT AWD (326 HP),Gasoline,6,2998,326,450,8-speed automatic Steptronic,All Wheel Drive,5.4,249,7.3,4641,1826,1400,2809,1850
bmw,BMW,4 Series,4 Series Convertible (2018),2018,2020,,420d 6MT RWD (190 HP),Diesel,4,1995,190,400,6-speed manual,Rear Wheel Drive,8.1,235,4.8,4641,1826,1400,2809,1700
bmw,BMW,4 Series,4 Series Convertible (2018),2018,2020,,420d 8AT RWD (190 HP),Diesel,4,1995,190,400,8-speed automatic Steptronic,Rear Wheel Drive,8,229,4.4,4641,1826,1400,2809,1715
bmw,BMW,4 Series,4 Series Convertible (2018),2018,2020,,430d 8AT RWD (252 HP),Diesel,6,2993,252,560,8-speed automatic Steptronic,Rear Wheel Drive,5.9,249,5.3,4641,1826,1400,2809,1770
bmw,BMW,4 Series,4 Series Convertible (2018),2018,2020,,435d xDrive 8AT AWD (313 HP),Diesel,6,2993,313,630,8-speed automatic Steptronic,All Wheel Drive,5.7,249,5.7,4641,1826,1400,2809,1850
bmw,BMW,4 Series,4 Series Convertible (2014),2014,2018,,420i 6MT RWD (184 HP),Gasoline,4,1997,184,270,6-speed manual,Rear Wheel Drive,8.2,230,6.6,4630,1826,1384,2809,1650
bmw,BMW,4 Series,4 Series Convertible (2014),2014,2018,,420i 8AT RWD (184 HP),Gasoline,4,1997,184,270,8-speed automatic (Steptronic),Rear Wheel Drive,8.3,230,6.4,4630,1826,1384,2809,1675
bmw,BMW,4 Series,4 Series Convertible (2014),2014,2018,,428i 6MT RWD (245 HP),Gasoline,4,1997,245,350,6-speed manual,Rear Wheel Drive,6.5,249,7,4638,1826,1400,2809,1755
bmw,BMW,4 Series,4 Series Convertible (2014),2014,2018,,428i 8AT RWD (245 HP),Gasoline,4,1997,245,350,8-speed automatic (Steptronic),Rear Wheel Drive,6.4,249,6.8,4638,1826,1400,2809,1780
bmw,BMW,4 Series,4 Series Convertible (2014),2014,2018,,428i xDrive 8AT AWD (245 HP),Gasoline,4,1997,245,350,8-speed automatic (Steptronic),All Wheel Drive,6.5,249,7.2,4638,1826,1400,2809,1845
bmw,BMW,4 Series,4 Series Convertible (2014),2014,2018,,435i 6MT RWD (306 HP),Gasoline,6,2979,306,400,6-speed manual,Rear Wheel Drive,5.6,249,8.4,4638,1826,1400,2809,1815
bmw,BMW,4 Series,4 Series Convertible (2014),2014,2018,,435i 8AT RWD (306 HP),Gasoline,6,2979,306,400,8-speed automatic (Steptronic),Rear Wheel Drive,5.5,249,7.7,4638,1826,1400,2809,1825
bmw,BMW,4 Series,4 Series Convertible (2014),2014,2018,,435i xDrive 6MT AWD (306 HP),Gasoline,6,2979,306,400,6-speed manual,All Wheel Drive,5.6,249,8.2,4638,1826,1400,2809,1810
bmw,BMW,4 Series,4 Series Convertible (2014),2014,2018,,435i xDrive 8AT AWD (306 HP),Gasoline,6,2979,306,400,8-speed automatic (Steptronic),All Wheel Drive,5.5,249,7.9,4638,1826,1400,2809,1820
bmw,BMW,4 Series,4 Series Convertible (2014),2014,2018,,420d 6MT RWD (190 HP),Diesel,4,1995,190,400,6-speed manual,Rear Wheel Drive,8.1,235,5.1,4638,1826,1384,2809,1775
bmw,BMW,4 Series,4 Series Convertible (2014),2014,2018,,420d 8AT RWD (228 HP),Diesel,4,1995,190,400,8-speed automatic (Steptronic),Rear Wheel Drive,8,229,4.7,4638,1826,1384,2809,1790
bmw,BMW,4 Series,4 Series Convertible (2014),2014,2018,,425d 6MT RWD (218 HP),Diesel,4,1995,218,450,6-speed manual,Rear Wheel Drive,7.3,241,5.2,4638,1826,1384,2809,1715
bmw,BMW,4 Series,4 Series Convertible (2014),2014,2018,,425d 8AT RWD (218 HP),Diesel,4,1995,218,450,8-speed automatic (Steptronic),Rear Wheel Drive,7.1,241,5,4638,1826,1384,2809,1730
bmw,BMW,4 Series,4 Series Convertible (2014),2014,2018,,430d 8AT RWD (258 HP),Diesel,6,2993,257,560,8-speed automatic (Steptronic),Rear Wheel Drive,5.9,249,5.3,4638,1826,1384,2809,1770
bmw,BMW,4 Series,4 Series Convertible (2014),2014,2018,,435d xDrive 8AT AWD (313 HP),Diesel,6,2993,313,630,8-speed automatic (Steptronic),All Wheel Drive,5.2,249,5.7,4638,1826,1400,2809,1850
bmw,BMW,4 Series,4 Series Coupe (2024),2024,,,420i 8AT RWD (184 HP),Gasoline,4,1998,184,300,8-speed automatic Steptronic,Rear Wheel Drive,7.5,240,7.1,4768,1852,1382,2850,1525
bmw,BMW,4 Series,4 Series Coupe (2024),2024,,,430i xDrive 8AT AWD (245 HP),Gasoline,4,1998,245,400,8-speed automatic Steptronic,All Wheel Drive,5.7,249,7.7,4768,1852,1389,2850,1605
bmw,BMW,4 Series,4 Series Coupe (2024),2024,,,420d MHEV 8AT RWD (190 HP),Mild Hybrid Diesel,4,1995,190,400,8-speed automatic Steptronic,Rear Wheel Drive,7.1,240,5.5,4768,1852,1382,2850,1605
bmw,BMW,4 Series,4 Series Coupe (2024),2024,,,420d xDrive MHEV 8AT AWD (190 HP),Mild Hybrid Diesel,4,1995,190,400,8-speed automatic Steptronic,All Wheel Drive,7.4,238,5.9,4768,1852,1382,2850,1670
bmw,BMW,4 Series,4 Series Coupe (2024),2024,,,430d MHEV 8AT RWD (286 HP),Mild Hybrid Diesel,6,2993,286,650,8-speed automatic Steptronic,All Wheel Drive,5.1,249,6.2,4768,1852,1389,2850,1770
bmw,BMW,4 Series,4 Series Coupe (2024),2024,,,M440d xDrive MHEV 8AT AWD (340 HP),Mild Hybrid Diesel,6,2993,340,700,8-speed automatic Steptronic,All Wheel Drive,4.6,249,6.7,4770,1852,1392,2850,1820
bmw,BMW,4 Series,4 Series Coupe (2024),2024,,,M440i xDrive MHEV 8AT AWD (374 HP),Mild Hybrid,6,2998,374,500,8-speed automatic Steptronic,All Wheel Drive,4.5,249,8.5,4770,1852,1392,2850,1735
bmw,BMW,4 Series,4 Series Coupe (2020),2020,2024,,420i 8AT RWD (184 HP),Gasoline,4,1998,184,300,8-speed automatic Steptronic,Rear Wheel Drive,7.5,240,5.8,4768,1852,1382,2850,1600
bmw,BMW,4 Series,4 Series Coupe (2020),2020,2024,,430i 8AT RWD (258 HP),Gasoline,4,1998,258,400,8-speed automatic Steptronic,Rear Wheel Drive,5.8,249,6.1,4768,1852,1382,2850,1620
bmw,BMW,4 Series,4 Series Coupe (2020),2020,2024,,420d 8AT RWD (190 HP),Mild Hybrid Diesel,4,1995,190,400,8-speed automatic Steptronic,Rear Wheel Drive,7.1,240,4.2,4768,1852,1382,2850,1680
bmw,BMW,4 Series,4 Series Coupe (2020),2020,2024,,420d xDrive 8AT AWD (190 HP),Mild Hybrid Diesel,4,1995,190,400,8-speed automatic Steptronic,All Wheel Drive,7.4,238,4.6,4768,1852,1382,2850,1745
bmw,BMW,4 Series,4 Series Coupe (2020),2020,2024,,M 440i xDrive 8AT AWD (374 HP),Mild Hybrid,6,2998,374,500,8-speed automatic Steptronic,All Wheel Drive,4.5,249,7.1,4768,1852,1382,2850,1815
bmw,BMW,4 Series,4 Series Coupe (2018),2018,2020,,420i 6MT RWD (184 HP),Gasoline,4,1998,184,290,6-speed manual,Rear Wheel Drive,7.3,237,5.8,4641,1826,1377,2809,1475
bmw,BMW,4 Series,4 Series Coupe (2018),2018,2020,,420i 8AT RWD (184 HP),Gasoline,4,1998,184,290,8-speed automatic,Rear Wheel Drive,7.5,237,5.5,4641,1826,1377,2809,1495
bmw,BMW,4 Series,4 Series Coupe (2018),2018,2020,,420i xDrive 8AT AWD (184 HP),Gasoline,4,1998,184,290,8-speed automatic,All Wheel Drive,7.8,232,5.9,4641,1826,1377,2809,1570
bmw,BMW,4 Series,4 Series Coupe (2018),2018,2020,,430i 6MT RWD (252 HP),Gasoline,4,1998,252,350,6-speed manual,Rear Wheel Drive,5.9,249,6.1,4641,1826,1377,2809,1490
bmw,BMW,4 Series,4 Series Coupe (2018),2018,2020,,430i 8AT RWD (252 HP),Gasoline,4,1998,252,350,8-speed automatic Steptronic,Rear Wheel Drive,5.8,249,5.5,4641,1826,1377,2809,1510
bmw,BMW,4 Series,4 Series Coupe (2018),2018,2020,,440i 6MT RWD (326 HP),Gasoline,4,2998,326,450,6-Speed manual,Rear Wheel Drive,5.2,249,7.4,4641,1826,1377,2809,1555
bmw,BMW,4 Series,4 Series Coupe (2018),2018,2020,,440i 8AT AWD (326 HP),Gasoline,4,2998,326,450,8-speed automatic Steptronic,All Wheel Drive,5.9,249,6.6,4641,1826,1377,2809,1630
bmw,BMW,4 Series,4 Series Coupe (2018),2018,2020,,420d 6MT RWD (190 HP),Diesel,4,1995,190,400,6-speed manual,Rear Wheel Drive,7.3,240,4.2,4641,1826,1377,2809,1475
bmw,BMW,4 Series,4 Series Coupe (2018),2018,2020,,420d 8AT RWD (190 HP),Diesel,4,1995,190,400,8-speed automatic Steptronic,Rear Wheel Drive,7.1,232,4,4641,1826,1377,2809,1500
bmw,BMW,4 Series,4 Series Coupe (2018),2018,2020,,420d xDrive 6MT AWD (190 HP),Diesel,4,1995,190,400,6-speed manual,All Wheel Drive,7.4,237,4.4,4641,1826,1377,2809,1540
bmw,BMW,4 Series,4 Series Coupe (2018),2018,2020,,430d 8AT RWD (258 HP),Diesel,6,2993,258,560,8-speed automatic,Rear Wheel Drive,5.5,249,4.9,4641,1826,1377,2809,1540
bmw,BMW,4 Series,4 Series Coupe (2018),2018,2020,,430d xDrive 8AT AWD (258 HP),Diesel,6,2993,258,560,8-speed automatic,All Wheel Drive,5.2,249,5.2,4641,1826,1377,2809,1615
bmw,BMW,4 Series,4 Series Coupe (2013),2013,2018,,420i 6MT RWD (184 HP),Gasoline,4,1997,184,270,6-speed manual,Rear Wheel Drive,7.3,237,6.1,4638,1826,1361,2809,1340
bmw,BMW,4 Series,4 Series Coupe (2013),2013,2018,,420i 8AT RWD (184 HP),Gasoline,4,1997,184,270,8-speed automatic with Steptronic,Rear Wheel Drive,7.3,237,6,4638,1826,1361,2809,1450
bmw,BMW,4 Series,4 Series Coupe (2013),2013,2018,,420i xDrive 6MT AWD (184 HP),Gasoline,4,1997,184,270,"6-speed, Manual",All Wheel Drive,7.4,233,6.8,4638,1826,1361,2809,1520
bmw,BMW,4 Series,4 Series Coupe (2013),2013,2018,,420i xDrive 8AT AWD (184 HP),Gasoline,4,1997,184,270,8-speed automatic with Steptronic,All Wheel Drive,7.5,232,6.4,4638,1826,1361,2809,1530
bmw,BMW,4 Series,4 Series Coupe (2013),2013,2018,,428i 6MT RWD (245 HP),Gasoline,4,1997,245,350,"6-speed, Manual",Rear Wheel Drive,5.9,249,6.6,4638,1826,1361,2809,1450
bmw,BMW,4 Series,4 Series Coupe (2013),2013,2018,,428i 8AT RWD (245 HP),Gasoline,4,1997,245,350,8-speed automatic transmission,Rear Wheel Drive,5.8,249,6.3,4638,1826,1361,2809,1470
bmw,BMW,4 Series,4 Series Coupe (2013),2013,2018,,428i xDrive 6MT AWD (245 HP),Gasoline,4,1997,245,350,6-speed manual,All Wheel Drive,5.6,249,6.9,4638,1826,1361,2809,1605
bmw,BMW,4 Series,4 Series Coupe (2013),2013,2018,,428i xDrive 8AT AWD (245 HP),Gasoline,4,1997,245,350,8-speed automatic transmission,All Wheel Drive,5.8,249,6.7,4638,1826,1361,2809,1540
bmw,BMW,4 Series,4 Series Coupe (2013),2013,2018,,435i 6MT RWD (306 HP),Gasoline,6,2979,306,400,"6-speed, Manual",Rear Wheel Drive,5.4,249,7.9,4638,1826,1361,2809,1510
bmw,BMW,4 Series,4 Series Coupe (2013),2013,2018,,435i 8AT RWD (306 HP),Gasoline,6,2979,306,400,8-speed automatic transmission,Rear Wheel Drive,5.1,249,7.2,4638,1826,1361,2809,1525
bmw,BMW,4 Series,4 Series Coupe (2013),2013,2018,,435i xDrive 6MT AWD (306 HP),Gasoline,6,2979,310,400,6-speed manual,All Wheel Drive,5.2,249,8.4,4638,1826,1361,2809,1655
bmw,BMW,4 Series,4 Series Coupe (2013),2013,2018,,435i xDrive 8AT AWD (306 HP),Gasoline,6,2979,306,400,8-speed automatic transmission,All Wheel Drive,4.9,249,7.6,4638,1826,1361,2809,1520
bmw,BMW,4 Series,4 Series Coupe (2013),2013,2018,,420d 6MT RWD (184 HP),Diesel,4,1995,184,380,6-speed manual,Rear Wheel Drive,7.5,240,4.7,4638,1826,1361,2809,1450
bmw,BMW,4 Series,4 Series Coupe (2013),2013,2018,,420d 8AT RWD (184 HP),Diesel,4,1995,184,380,8-speed automatic transmission,Rear Wheel Drive,7.3,232,4.6,4638,1826,1361,2809,1465
bmw,BMW,4 Series,4 Series Coupe (2013),2013,2018,,420d xDrive 6MT AWD (184 HP),Diesel,4,1995,184,380,6-speed manual,All Wheel Drive,7.5,237,4.8,4638,1826,1361,2809,1530
bmw,BMW,4 Series,4 Series Coupe (2013),2013,2018,,420d xDrive 8AT AWD (184 HP),Diesel,4,1995,184,380,8-speed automatic with Steptronic,All Wheel Drive,7.3,229,4.7,4638,1826,1361,2809,1540
bmw,BMW,4 Series,4 Series Coupe (2013),2013,2018,,430d 8AT RWD (258 HP),Diesel,6,2993,258,560,8-speed automatic with Steptronic,Rear Wheel Drive,5.5,249,4.9,4638,1826,1361,2809,1540
bmw,BMW,4 Series,4 Series Coupe (2013),2013,2018,,435d xDrive 8AT AWD (313 HP),Diesel,6,2993,313,630,8-speed automatic with Steptronic,All Wheel Drive,4.7,249,5.4,4638,1826,1361,2809,1625
bmw,BMW,4 Series Gran,4 Series Gran Coupe (2024),2024,,,420i 8AT RWD (184 HP),Gasoline,4,1998,184,300,8-speed automatic Steptronic,Rear Wheel Drive,7.9,,7.3,,,,,
bmw,BMW,4 Series Gran,4 Series Gran Coupe (2024),2024,,,430i xDrive 8AT AWD (245 HP),Gasoline,4,1998,245,400,8-speed automatic Steptronic,All Wheel Drive,6.1,,7.9,,,,,
bmw,BMW,4 Series Gran,4 Series Gran Coupe (2024),2024,,,420d xDrive MHEV 8AT AWD (190 HP),Mild Hybrid Diesel,4,1995,190,400,8-speed automatic Steptronic,All Wheel Drive,7.3,,5.5,,,,,
bmw,BMW,4 Series Gran,4 Series Gran Coupe (2024),2024,,,430d xDrive MHEV 8AT RWD (286 HP),Mild Hybrid Diesel,6,2993,286,650,8-speed automatic Steptronic,All Wheel Drive,5.3,,6.3,,,,,
bmw,BMW,4 Series Gran,4 Series Gran Coupe (2024),2024,,,M440i xDrive MHEV 8AT AWD (374 HP),Mild Hybrid,6,2998,374,500,8-speed automatic Steptronic,All Wheel Drive,4.7,,8.7,,,,,
bmw,BMW,4 Series Gran,4 Series Gran Coupe (2021),2021,2024,,420i 8AT RWD (184 HP),Gasoline,4,1998,184,300,8-speed automatic Steptronic,Rear Wheel Drive,7.9,235,7.3,4783,1852,1443,2855,1695
bmw,BMW,4 Series Gran,4 Series Gran Coupe (2021),2021,2024,,430i 8AT RWD (245 HP),Gasoline,4,1998,245,400,8-speed automatic Steptronic,Rear Wheel Drive,6.2,249,7.6,4783,1852,1443,2855,1720
bmw,BMW,4 Series Gran,4 Series Gran Coupe (2021),2021,2024,,420d 48V 8AT RWD (190 HP),Mild Hybrid Diesel,4,1995,190,400,8-speed automatic Steptronic,Rear Wheel Drive,7.3,235,5.4,4783,1852,1443,2855,1780
bmw,BMW,4 Series Gran,4 Series Gran Coupe (2021),2021,2024,,420d xDrive 48V 8AT AWD (190 HP),Mild Hybrid Diesel,4,1995,190,400,8-speed automatic Steptronic,All Wheel Drive,7.6,233,5.7,4783,1852,1443,2855,1835
bmw,BMW,4 Series Gran,4 Series Gran Coupe (2021),2021,2024,,M440i xDrive 48V 8AT AWD (374 HP),Mild Hybrid,6,2998,374,500,8-speed automatic Steptronic,All Wheel Drive,4.7,249,8.5,4783,1852,1443,2855,1900
bmw,BMW,4 Series Gran,4 Series Gran Coupe (2018),2018,2021,,420i 6MT RWD (184 HP),Gasoline,4,1998,184,290,6-speed manual,,7.5,237,5.8,4641,1826,1389,2809,1540
bmw,BMW,4 Series Gran,4 Series Gran Coupe (2018),2018,2021,,420i 8AT RWD (184 HP),Gasoline,4,1998,184,290,8-speed automatic Steptronic,,7.5,237,5.5,4641,1826,1389,2809,1615
bmw,BMW,4 Series Gran,4 Series Gran Coupe (2018),2018,2021,,420i xDrive 6MT AWD (184 HP),Gasoline,4,1998,184,270,6-Speed manual,,7.8,233,6.6,4641,1826,1389,2809,1615
bmw,BMW,4 Series Gran,4 Series Gran Coupe (2018),2018,2021,,420i xDrive 8AT AWD (184 HP),Gasoline,4,1998,184,270,8-speed automatic Steptronic,,8.1,232,5.9,4641,1826,1389,2809,1690
bmw,BMW,4 Series Gran,4 Series Gran Coupe (2018),2018,2021,,430i 6MT RWD (252 HP),Gasoline,4,1998,252,350,6-speed manual,,5.9,249,6.1,4641,1826,1389,2809,1540
bmw,BMW,4 Series Gran,4 Series Gran Coupe (2018),2018,2021,,430i 8AT RWD (252 HP),Gasoline,4,1998,252,350,8-speed automatic Steptronic,,5.9,249,5.5,4641,1826,1389,2809,1615
bmw,BMW,4 Series Gran,4 Series Gran Coupe (2018),2018,2021,,418d 6MT RWD (150 HP),Diesel,4,1995,150,320,6-Speed manual,,9,212,4.1,4641,1826,1389,2809,1540
bmw,BMW,4 Series Gran,4 Series Gran Coupe (2018),2018,2021,,418d 8AT RWD (150 HP),Diesel,4,1995,150,320,8-speed automatic Steptronic,,8.9,212,4.1,4641,1826,1389,2809,1615
bmw,BMW,4 Series Gran,4 Series Gran Coupe (2018),2018,2021,,420d 6MT RWD (190 HP),Diesel,4,1995,190,400,6-Speed manual,,7.5,240,4.2,4641,1826,1389,2809,1540
bmw,BMW,4 Series Gran,4 Series Gran Coupe (2018),2018,2021,,420d 8AT RWD (190 HP),Diesel,4,1995,190,400,8-speed automatic Steptronic,,7.3,232,4.2,4641,1826,1389,2809,1595
bmw,BMW,4 Series Gran,4 Series Gran Coupe (2018),2018,2021,,420d xDrive 6MT AWD (190 HP),Diesel,4,1995,190,400,6-Speed manual,,7.6,235,4.2,4641,1826,1389,2809,1540
bmw,BMW,4 Series Gran,4 Series Gran Coupe (2018),2018,2021,,420d xDrive 8AT AWD (190 HP),Diesel,4,1995,190,400,8-speed automatic Steptronic,,7.4,230,4.2,4641,1826,1389,2809,1615
bmw,BMW,4 Series Gran,4 Series Gran Coupe (2018),2018,2021,,430d xDrive 8AT AWD (258 HP),Diesel,4,2993,258,560,8-speed automatic Steptronic,,5.3,249,5.3,4641,1826,1389,2809,1615
bmw,BMW,4 Series Gran,4 Series Gran Coupe (2014),2014,2018,,420i 6MT RWD (184 HP),Gasoline,4,1997,184,270,6-speed manual,Rear Wheel Drive,7.5,237,6.4,4638,1826,1389,2809,1480
bmw,BMW,4 Series Gran,4 Series Gran Coupe (2014),2014,2018,,420i 8AT RWD (184 HP),Gasoline,4,1997,184,270,8-speed automatic Steptronic,Rear Wheel Drive,7.6,237,6.1,4638,1826,1389,2809,1505
bmw,BMW,4 Series Gran,4 Series Gran Coupe (2014),2014,2018,,420i xDrive 6MT AWD (184 HP),Gasoline,4,1997,184,270,6 speed manual,All Wheel Drive,7.6,233,6.9,4638,1826,1389,2809,1570
bmw,BMW,4 Series Gran,4 Series Gran Coupe (2014),2014,2018,,420i xDrive 8AT AWD (184 HP),Gasoline,4,1997,184,270,8-speed automatic Steptronic,All Wheel Drive,7.9,232,6.4,4638,1826,1389,2809,1645
bmw,BMW,4 Series Gran,4 Series Gran Coupe (2014),2014,2018,,428i 6MT RWD (245 HP),Gasoline,4,1997,245,350,6-speed manual,Rear Wheel Drive,6.1,249,6.6,4638,1826,1389,2809,1510
bmw,BMW,4 Series Gran,4 Series Gran Coupe (2014),2014,2018,,428i 8AT RWD (245 HP),Gasoline,4,1997,245,350,8-speed automatic Steptronic,Rear Wheel Drive,6,249,6.3,4638,1826,1389,2809,1585
bmw,BMW,4 Series Gran,4 Series Gran Coupe (2014),2014,2018,,428i xDrive 6MT AWD (245 HP),Gasoline,4,1997,245,350,6-speed manual,All Wheel Drive,5.8,249,6.8,4638,1826,1389,2809,1580
bmw,BMW,4 Series Gran,4 Series Gran Coupe (2014),2014,2018,,428i xDrive 8AT AWD (245 HP),Gasoline,4,1997,245,350,8-speed automatic Steptronic,All Wheel Drive,6,249,6.7,4638,1826,1389,2809,1595
bmw,BMW,4 Series Gran,4 Series Gran Coupe (2014),2014,2018,,435i 6MT RWD (306 HP),Gasoline,6,2979,306,400,6-speed manual,Rear Wheel Drive,5.5,249,8.1,4638,1826,1389,2809,1575
bmw,BMW,4 Series Gran,4 Series Gran Coupe (2014),2014,2018,,435i 8AT RWD (306 HP),Gasoline,6,2979,306,400,8-speed automatic Steptronic,Rear Wheel Drive,5.2,249,7.5,4638,1826,1389,2809,1585
bmw,BMW,4 Series Gran,4 Series Gran Coupe (2014),2014,2018,,435i xDrive 6MT AWD (306 HP),Gasoline,6,2979,306,400,6-speed manual,All Wheel Drive,5.3,249,8.3,4638,1826,1389,2809,1640
bmw,BMW,4 Series Gran,4 Series Gran Coupe (2014),2014,2018,,435i xDrive 8AT AWD (306 HP),Gasoline,6,2979,306,400,8-speed automatic Steptronic,All Wheel Drive,5,249,7.8,4638,1826,1389,2809,1715
bmw,BMW,4 Series Gran,4 Series Gran Coupe (2014),2014,2018,,418d 6MT RWD (143 HP),Diesel,4,1995,143,320,6-speed manual,Rear Wheel Drive,9.2,212,4.5,4638,1826,1389,2809,1490
bmw,BMW,4 Series Gran,4 Series Gran Coupe (2014),2014,2018,,418d 8AT RWD (143 HP),Diesel,4,1995,143,320,8-speed automatic Steptronic,Rear Wheel Drive,9.1,212,4.5,4638,1826,1389,2809,1510
bmw,BMW,4 Series Gran,4 Series Gran Coupe (2014),2014,2018,,420d 6MT RWD (184 HP),Diesel,4,1995,184,380,6-speed manual,Rear Wheel Drive,7.7,237,4.7,4638,1826,1389,2809,1510
bmw,BMW,4 Series Gran,4 Series Gran Coupe (2014),2014,2018,,420d 8AT RWD (184 HP),Diesel,4,1995,184,380,8-speed automatic Steptronic,Rear Wheel Drive,7.5,232,4.6,4638,1826,1389,2809,1525
bmw,BMW,4 Series Gran,4 Series Gran Coupe (2014),2014,2018,,420d xDrive 6MT AWD (184 HP),Diesel,4,1995,184,380,6-speed manual,All Wheel Drive,7.7,233,4.9,4638,1826,1389,2809,1585
bmw,BMW,4 Series Gran,4 Series Gran Coupe (2014),2014,2018,,420d xDrive 8AT AWD (184 HP),Diesel,4,1995,184,380,8-speed automatic Steptronic,All Wheel Drive,7.5,229,4.8,4638,1826,1389,2809,1600
bmw,BMW,4 Series Gran,4 Series Gran Coupe (2014),2014,2018,,430d 8AT RWD (258 HP),Diesel,6,2993,258,560,8-speed automatic Steptronic,Rear Wheel Drive,5.6,249,5.1,4638,1826,1389,2809,1605
bmw,BMW,4 Series Gran,4 Series Gran Coupe (2014),2014,2018,,430d xDrive 8AT AWD (258 HP),Diesel,6,2993,258,560,8-speed automatic Steptronic,All Wheel Drive,5.3,249,5.3,4638,1826,1389,2809,1675
bmw,BMW,4 Series Gran,4 Series Gran Coupe (2014),2014,2018,,435d xDrive 8AT AWD (313 HP),Diesel,6,2993,313,630,8-speed automatic,All Wheel Drive,4.8,249,5.6,4638,1826,1389,2809,1685
bmw,BMW,5 Series,5 Series Touring (2024),2024,,,520d MHEV 8AT RWD (197 HP),Mild Hybrid Diesel,4,1995,197,400,8-speed automatic Steptronic,Rear Wheel Drive,7.5,220,5.9,5060,1900,1514,2995,
bmw,BMW,5 Series,5 Series Touring (2024),2024,,,520d xDrive MHEV 8AT AWD (197 HP),Mild Hybrid Diesel,4,1995,197,400,8-speed automatic Steptronic,All Wheel Drive,7.5,217,6.2,5060,1900,1514,2995,
bmw,BMW,5 Series,5 Series Touring (2020),2020,2024,,520d 8AT RWD (190 HP),Mild Hybrid Diesel,4,1995,190,400,8-speed automatic Steptronic,Rear Wheel Drive,7.6,225,4.5,4963,1867,1499,2974,1855
bmw,BMW,5 Series,5 Series Touring (2020),2020,2024,,520d xDrive 8AT AWD (190 HP),Mild Hybrid Diesel,4,1995,190,400,8-speed automatic Steptronic,All Wheel Drive,7.6,222,4.7,4963,1867,1499,2974,1915
bmw,BMW,5 Series,5 Series Touring (2020),2020,2024,,530d 8AT RWD (286 HP),Mild Hybrid Diesel,6,2993,286,650,8-speed automatic Steptronic,Rear Wheel Drive,5.7,249,4.9,4963,1867,1499,2974,1940
bmw,BMW,5 Series,5 Series Touring (2020),2020,2024,,530d xDrive 8AT AWD (286 HP),Mild Hybrid Diesel,6,2993,286,650,8-speed automatic Steptronic,All Wheel Drive,5.6,249,5.2,4963,1867,1499,2974,2000
bmw,BMW,5 Series,5 Series Touring (2020),2020,2024,,540d xDrive 8AT AWD (340 HP),Mild Hybrid Diesel,6,2993,340,700,8-speed automatic Steptronic,All Wheel Drive,4.8,249,5.4,4963,1867,1499,2974,2000
bmw,BMW,5 Series,5 Series Touring (2020),2020,2024,,520i 8AT RWD (184 HP),Mild Hybrid,4,1998,184,290,8-speed automatic Steptronic,Rear Wheel Drive,8.3,225,5.7,4963,1867,1499,2974,1790
bmw,BMW,5 Series,5 Series Touring (2020),2020,2024,,530i 8AT RWD (252 HP),Mild Hybrid,4,1998,252,350,8-speed automatic Steptronic,Rear Wheel Drive,6.5,249,5.8,4963,1867,1499,2974,1805
bmw,BMW,5 Series,5 Series Touring (2020),2020,2024,,530i xDrive 8AT AWD (252 HP),Mild Hybrid,4,1998,252,350,8-speed automatic Steptronic,All Wheel Drive,6.6,249,6.4,4963,1867,1499,2974,1865
bmw,BMW,5 Series,5 Series Touring (2020),2020,2024,,540i xDrive 8AT AWD (333 HP),Mild Hybrid,6,2998,333,450,8-speed automatic Steptronic,All Wheel Drive,6.6,249,7.1,4963,1867,1499,2974,1925
bmw,BMW,5 Series,5 Series Touring (2017),2017,2020,,530i 8AT RWD (252 HP),Gasoline,4,1998,252,350,8-speed automatic (Steptronic),Rear Wheel Drive,6.5,249,5.8,4943,1867,1499,2977,1715
bmw,BMW,5 Series,5 Series Touring (2017),2017,2020,,540i xDrive 8AT AWD (340 HP),Gasoline,6,2998,340,450,8-speed automatic (Steptronic),All Wheel Drive,5.1,249,7.3,4943,1867,1499,2977,1840
bmw,BMW,5 Series,5 Series Touring (2017),2017,2020,,520d 6MT RWD (190 HP),Diesel,4,1995,190,400,6-speed manual,Rear Wheel Drive,8,230,4.5,4943,1867,1499,2977,1730
bmw,BMW,5 Series,5 Series Touring (2017),2017,2020,,520d 8AT RWD (190 HP),Diesel,4,1995,190,400,8-speed automatic (Steptronic),Rear Wheel Drive,7.8,225,4.3,4943,1867,1499,2977,1735
bmw,BMW,5 Series,5 Series Touring (2017),2017,2020,,530d 8AT RWD (265 HP),Diesel,6,2993,265,620,8-speed automatic (Steptronic),Rear Wheel Drive,5.8,249,4.7,4943,1867,1499,2977,1825
bmw,BMW,5 Series,5 Series Touring (2017),2017,2020,,530d xDrive 8AT AWD (265 HP),Diesel,6,2993,265,620,8-speed automatic (Steptronic),All Wheel Drive,5.6,249,5.3,4943,1867,1499,2977,1875
bmw,BMW,5 Series,5 Series Touring (2013),2013,2017,,520i 6MT RWD (184 HP),Gasoline,4,1997,184,270,Six-speed manual,Rear Wheel Drive,7.9,227,6.8,4907,1859,1463,2969,1840
bmw,BMW,5 Series,5 Series Touring (2013),2013,2017,,520i 8AT RWD (184 HP),Gasoline,4,1997,184,270,Six-speed manual,Rear Wheel Drive,8,225,6.4,4907,1859,1463,2969,1670
bmw,BMW,5 Series,5 Series Touring (2013),2013,2017,,528i 6MT RWD (245 HP),Gasoline,4,1997,245,350,Six-speed manual,Rear Wheel Drive,6.2,249,6.8,4907,1859,1463,2969,1610
bmw,BMW,5 Series,5 Series Touring (2013),2013,2017,,528i 8AT RWD (245 HP),Gasoline,4,1997,245,350,Eight-speed automatic with Steptronic,Rear Wheel Drive,6.2,249,6.5,4907,1859,1463,2969,1620
bmw,BMW,5 Series,5 Series Touring (2013),2013,2017,,528i xDrive 8AT AWD (245 HP),Gasoline,4,1997,245,350,Eight-speed automatic with Steptronic,All Wheel Drive,6.7,240,7.3,4907,1859,1463,2969,1840
bmw,BMW,5 Series,5 Series Touring (2013),2013,2017,,535i 6MT RWD (306 HP),Gasoline,6,2979,306,400,"6-speed, Manual",Rear Wheel Drive,6,249,8.6,4907,1859,1462,2968,1765
bmw,BMW,5 Series,5 Series Touring (2013),2013,2017,,535i 8AT RWD (306 HP),Gasoline,6,2979,306,400,Eight-speed automatic with Steptronic,Rear Wheel Drive,6.1,249,8.5,4907,1859,1462,2968,1840
bmw,BMW,5 Series,5 Series Touring (2013),2013,2017,,535i xDrive 8AT AWD (306 HP),Gasoline,6,2979,306,400,Eight-speed automatic with Steptronic,Rear Wheel Drive,5.9,250,8.3,4907,1859,1463,2969,1840
bmw,BMW,5 Series,5 Series Touring (2013),2013,2017,,550i 8AT RWD (407 HP),Gasoline,8,4395,408,600,Eight-speed automatic with Steptronic,Rear Wheel Drive,5.1,250,10.7,4907,1859,1463,2969,1840
bmw,BMW,5 Series,5 Series Touring (2013),2013,2017,,518d 6MT RWD (143 HP),Diesel,4,1995,143,350,"6-speed, Manual",Rear Wheel Drive,10.1,206,4.8,4907,1859,1462,2968,1720
bmw,BMW,5 Series,5 Series Touring (2013),2013,2017,,518d 6MT RWD (150 HP),Diesel,4,1995,150,361,6-speed manual,Rear Wheel Drive,9.9,209,4.7,4097,1859,1425,2969,1720
bmw,BMW,5 Series,5 Series Touring (2013),2013,2017,,518d 8AT RWD (143 HP),Diesel,4,1995,143,350,8-speed automatic with Steptronic,Rear Wheel Drive,10,204,4.9,4907,1859,1462,2968,1730
bmw,BMW,5 Series,5 Series Touring (2013),2013,2017,,518d 8AT RWD (150 HP),Diesel,4,1995,150,361,8-speed automatic,Rear Wheel Drive,9.8,209,4.5,4097,1859,1425,2969,1730
bmw,BMW,5 Series,5 Series Touring (2013),2013,2017,,520d 6MT RWD (184 HP),Diesel,4,1995,184,380,"6-speed, Manual",Rear Wheel Drive,8.3,222,5.2,4907,1859,1462,2968,1785
bmw,BMW,5 Series,5 Series Touring (2013),2013,2017,,520d 6MT RWD (190 HP),Diesel,4,1995,189,400,6-speed manual,Rear Wheel Drive,8.1,229,4.6,4907,1859,1463,2969,1725
bmw,BMW,5 Series,5 Series Touring (2013),2013,2017,,520d 8AT RWD (184 HP),Diesel,4,1995,184,380,Eight-speed automatic with Steptronic,Rear Wheel Drive,8.3,222,5.3,4907,1859,1462,2968,1785
bmw,BMW,5 Series,5 Series Touring (2013),2013,2017,,520d 8AT RWD (190 HP),Diesel,4,1995,189,400,8-speed automatic,Rear Wheel Drive,8,225,4.5,4907,1859,1463,2969,1735
bmw,BMW,5 Series,5 Series Touring (2013),2013,2017,,520d EfficientDynamics RWD 6MT (184 HP),Diesel,4,1995,184,380,"6-speed, Manual",Rear Wheel Drive,8.2,232,4.5,4907,1859,1462,2968,1620
bmw,BMW,5 Series,5 Series Touring (2013),2013,2017,,520d xDrive 8AT AWD (190 HP),Diesel,4,1995,189,400,8-speed automatic,Rear Wheel Drive,8.2,220,5.1,4907,1859,1463,2969,1840
bmw,BMW,5 Series,5 Series Touring (2013),2013,2017,,525d 6MT RWD (218 HP),Diesel,4,1995,218,450,"Manual, 6 Speed",Rear Wheel Drive,7,243,5,4907,1859,1463,2969,1645
bmw,BMW,5 Series,5 Series Touring (2013),2013,2017,,525d 8AT RWD (218 HP),Diesel,4,1995,218,450,Eight-speed automatic with Steptronic,Rear Wheel Drive,7,240,4.8,4907,1859,1463,2969,1720
bmw,BMW,5 Series,5 Series Touring (2013),2013,2017,,525d xDrive 8AT AWD (218 HP),Diesel,4,1995,218,450,Eight-speed automatic with Steptronic,All Wheel Drive,7.3,228,7.9,4907,1859,1463,2969,1840
bmw,BMW,5 Series,5 Series Touring (2013),2013,2017,,530d 6MT RWD (258 HP),Diesel,6,2993,258,560,6 speed manual,Rear Wheel Drive,6.2,246,5.9,4907,1859,1463,2969,1860
bmw,BMW,5 Series,5 Series Touring (2013),2013,2017,,530d 8AT RWD (258 HP),Diesel,6,2993,258,560,"Automatic, 8 Speed",Rear Wheel Drive,6.1,248,5.5,4907,1859,1463,2969,1870
bmw,BMW,5 Series,5 Series Touring (2013),2013,2017,,530d xDrive 8AT AWD (258 HP),Diesel,6,2993,258,560,"Automatic, 8 Speed",All Wheel Drive,6.2,245,5.7,4907,1859,1463,2969,1865
bmw,BMW,5 Series,5 Series Touring (2013),2013,2017,,535d 8AT RWD (313 HP),Diesel,6,2993,313,630,"Automatic, 8 Speed",Rear Wheel Drive,5.5,249,5.6,4907,1859,1463,2969,1900
bmw,BMW,5 Series,5 Series Touring (2013),2013,2017,,535d xDrive 8AT AWD (313 HP),Diesel,6,2993,313,630,Eight-speed automatic with Steptronic,All Wheel Drive,5.5,250,5.9,4907,1859,1463,2969,1840
bmw,BMW,5 Series,5 Series Touring (2013),2013,2017,,M550d xDrive 8AT AWD (381 HP),Diesel,6,2968,381,740,8-speed automatic,All Wheel Drive,4.9,249,6.4,4910,1859,1463,2969,1990
bmw,BMW,5 Series,5 Series Touring (2010),2010,2013,,520i 6MT RWD (184 HP),Gasoline,4,1997,184,270,6-speed manual,Rear Wheel Drive,7.9,227,6.8,4907,1859,1463,2969,1840
bmw,BMW,5 Series,5 Series Touring (2010),2010,2013,,520i 8AT RWD (184 HP),Gasoline,4,1997,184,270,6-speed manual,Rear Wheel Drive,8,225,6.4,4907,1859,1463,2969,1670
bmw,BMW,5 Series,5 Series Touring (2010),2010,2013,,523i 6MT RWD (204 HP),Gasoline,6,2996,204,270,6-speed manual,Rear Wheel Drive,8.2,230,7.9,4907,1859,1462,2968,1790
bmw,BMW,5 Series,5 Series Touring (2010),2010,2013,,523i 8AT RWD (204 HP),Gasoline,6,2996,204,270,8-speed automatic Steptronic,Rear Wheel Drive,8.4,227,7.8,4907,1859,1462,2968,1730
bmw,BMW,5 Series,5 Series Touring (2010),2010,2013,,528i 6MT RWD (245 HP),Gasoline,4,1997,245,350,6-speed manual,Rear Wheel Drive,6.2,249,6.8,4907,1859,1463,2969,1610
bmw,BMW,5 Series,5 Series Touring (2010),2010,2013,,528i 8AT RWD (245 HP),Gasoline,4,1997,245,350,8-speed automatic Steptronic,Rear Wheel Drive,6.2,249,6.5,4907,1859,1463,2969,1620
bmw,BMW,5 Series,5 Series Touring (2010),2010,2013,,528i xDrive 8AT AWD (245 HP),Gasoline,4,1997,245,350,8-speed automatic Steptronic,All Wheel Drive,6.7,240,7.3,4907,1859,1463,2969,1840
bmw,BMW,5 Series,5 Series Touring (2010),2010,2013,,535i 6MT RWD (306 HP),Gasoline,6,2979,306,400,6-speed manual,Rear Wheel Drive,6,249,8.6,4907,1859,1462,2968,1765
bmw,BMW,5 Series,5 Series Touring (2010),2010,2013,,535i 8AT RWD (306 HP),Gasoline,6,2979,306,400,8-speed automatic Steptronic,Rear Wheel Drive,6.1,249,8.5,4907,1859,1462,2968,1840
bmw,BMW,5 Series,5 Series Touring (2010),2010,2013,,535i xDrive 8AT AWD (306 HP),Gasoline,6,2979,306,400,8-speed automatic Steptronic,Rear Wheel Drive,5.9,250,8.3,4907,1859,1463,2969,1840
bmw,BMW,5 Series,5 Series Touring (2010),2010,2013,,550i V8 8AT RWD (407 HP),Gasoline,8,4395,408,600,8-speed automatic Steptronic,Rear Wheel Drive,5.1,250,10.7,4907,1859,1463,2969,1840
bmw,BMW,5 Series,5 Series Touring (2010),2010,2013,,520d 6MT RWD (184 HP),Diesel,4,1995,184,380,6-speed manual,Rear Wheel Drive,8.3,222,5.2,4907,1859,1462,2968,1785
bmw,BMW,5 Series,5 Series Touring (2010),2010,2013,,520d 8AT RWD (184 HP),Diesel,4,1995,184,380,8-speed automatic Steptronic,Rear Wheel Drive,8.3,222,5.3,4907,1859,1462,2968,1785
bmw,BMW,5 Series,5 Series Touring (2010),2010,2013,,520d EfficientDynamics 6MT RWD (184 HP),Diesel,4,1995,184,380,6-speed manual,Rear Wheel Drive,8.2,232,4.5,4907,1859,1462,2968,1620
bmw,BMW,5 Series,5 Series Touring (2010),2010,2013,,525d 6MT RWD (204 HP),Diesel,6,2993,204,450,6-speed manual,Rear Wheel Drive,7.3,232,6.3,4907,1859,1463,2969,1765
bmw,BMW,5 Series,5 Series Touring (2010),2010,2013,,525d 6MT RWD (218 HP),Diesel,4,1995,218,450,6-speed manual,Rear Wheel Drive,7,243,5,4907,1859,1463,2969,1645
bmw,BMW,5 Series,5 Series Touring (2010),2010,2013,,525d 8AT RWD (218 HP),Diesel,4,1995,218,450,8-speed automatic Steptronic,Rear Wheel Drive,7,240,4.8,4907,1859,1463,2969,1720
bmw,BMW,5 Series,5 Series Touring (2010),2010,2013,,525d xDrive 8AT AWD (218 HP),Diesel,4,1995,218,450,Eight-speed automatic with Steptronic,All Wheel Drive,7.3,228,7.9,4907,1859,1463,2969,1840
bmw,BMW,5 Series,5 Series Touring (2010),2010,2013,,530d 6MT RWD (245 HP),Diesel,6,2993,245,540,"6-speed, Manual",Rear Wheel Drive,6.4,243,6.4,4907,1859,1462,2968,1875
bmw,BMW,5 Series,5 Series Touring (2010),2010,2013,,530d 6MT RWD (258 HP),Diesel,6,2993,258,560,6 speed manual,Rear Wheel Drive,6.2,246,5.9,4907,1859,1463,2969,1860
bmw,BMW,5 Series,5 Series Touring (2010),2010,2013,,530d 8AT RWD (245 HP),Diesel,6,2993,245,540,Eight-speed automatic with Steptronic,Rear Wheel Drive,6.4,241,6.3,4907,1859,1462,2968,1875
bmw,BMW,5 Series,5 Series Touring (2010),2010,2013,,530d 8AT RWD (258 HP),Diesel,6,2993,258,560,"Automatic, 8 Speed",Rear Wheel Drive,6.1,248,5.5,4907,1859,1463,2969,1870
bmw,BMW,5 Series,5 Series Touring (2010),2010,2013,,530d xDrive 8AT RWD (258 HP),Diesel,6,2993,258,560,"Automatic, 8 Speed",All Wheel Drive,6.2,245,5.7,4907,1859,1463,2969,1865
bmw,BMW,5 Series,5 Series Touring (2010),2010,2013,,535d 8AT RWD (300 HP),Diesel,6,2993,299,599,"Automatic, 8 Speed",Rear Wheel Drive,5.7,249,6.3,4907,1859,1463,2969,1840
bmw,BMW,5 Series,5 Series Touring (2010),2010,2013,,535d 8AT RWD (313 HP),Diesel,6,2993,313,630,"Automatic, 8 Speed",Rear Wheel Drive,5.5,249,5.6,4907,1859,1463,2969,1900
bmw,BMW,5 Series,5 Series Touring (2010),2010,2013,,535d xDrive 8AT AWD (313 HP),Diesel,6,2993,313,630,Eight-speed automatic with Steptronic,All Wheel Drive,5.5,250,5.9,4907,1859,1463,2969,1840
bmw,BMW,5 Series,5 Series Touring (2007),2007,2010,,520i 6AT RWD (163 HP),Gasoline,4,1995,163,210,6-speed automatic,Rear Wheel Drive,10,219,7,4839,1849,1488,2891,1565
bmw,BMW,5 Series,5 Series Touring (2007),2007,2010,,520i 6AT RWD (170 HP),Gasoline,4,1995,170,210,6-speed automatic,Rear Wheel Drive,10,219,7,4839,1849,1488,2891,1565
bmw,BMW,5 Series,5 Series Touring (2007),2007,2010,,520i 6MT RWD (163 HP),Gasoline,4,1995,163,210,6-speed manual,Rear Wheel Drive,9,220,6.9,4839,1849,1488,2891,1535
bmw,BMW,5 Series,5 Series Touring (2007),2007,2010,,520i 6MT RWD (170 HP),Gasoline,4,1995,170,210,6-speed manual,Rear Wheel Drive,9,220,6.9,4839,1849,1488,2891,1535
bmw,BMW,5 Series,5 Series Touring (2007),2007,2010,,523i 6AT RWD (190 HP),Gasoline,6,2497,190,235,6-speed automatic,Rear Wheel Drive,9.1,229,7.7,4839,1849,1488,2891,1595
bmw,BMW,5 Series,5 Series Touring (2007),2007,2010,,523i 6MT RWD (190 HP),Gasoline,6,2497,190,235,6-speed manual,Rear Wheel Drive,8.5,230,7.7,4839,1849,1488,2891,1565
bmw,BMW,5 Series,5 Series Touring (2007),2007,2010,,525i 6AT RWD (218 HP),Gasoline,6,2996,218,270,6-speed automatic,Rear Wheel Drive,7.9,241,7.7,4839,1849,1488,2891,1605
bmw,BMW,5 Series,5 Series Touring (2007),2007,2010,,525i 6MT RWD (218 HP),Gasoline,6,2996,218,270,6-speed manual,Rear Wheel Drive,7.4,243,7.7,4839,1849,1488,2891,1580
bmw,BMW,5 Series,5 Series Touring (2007),2007,2010,,525i xDrive 6AT AWD (218 HP),Gasoline,6,2996,218,270,6-speed automatic,All Wheel Drive,8.5,230,8.4,4839,1849,1488,2891,1715
bmw,BMW,5 Series,5 Series Touring (2007),2007,2010,,525i xDrive 6MT AWD (218 HP),Gasoline,6,2996,218,270,6-speed manual,All Wheel Drive,8.2,233,8.4,4839,1849,1488,2891,1695
bmw,BMW,5 Series,5 Series Touring (2007),2007,2010,,530i 6AT RWD (272 HP),Gasoline,6,2996,272,320,6-speed automatic,Rear Wheel Drive,6.8,249,7.7,4839,1849,1488,2891,1605
bmw,BMW,5 Series,5 Series Touring (2007),2007,2010,,530i 6MT RWD (272 HP),Gasoline,6,2996,272,320,6-speed manual,Rear Wheel Drive,6.5,250,7.9,4839,1849,1488,2891,1595
bmw,BMW,5 Series,5 Series Touring (2007),2007,2010,,530i xDrive 6AT AWD (272 HP),Gasoline,6,2996,272,320,6-speed automatic,All Wheel Drive,7.1,245,8.4,4839,1849,1488,2891,1710
bmw,BMW,5 Series,5 Series Touring (2007),2007,2010,,530i xDrive 6MT AWD (272 HP),Gasoline,6,2996,272,320,6-speed manual,All Wheel Drive,6.9,246,8.5,4839,1849,1488,2891,1700
bmw,BMW,5 Series,5 Series Touring (2007),2007,2010,,550i 6AT RWD (367 HP),Gasoline,8,4799,367,490,6-speed automatic,Rear Wheel Drive,5.4,250,10.7,4839,1849,1488,2891,1735
bmw,BMW,5 Series,5 Series Touring (2007),2007,2010,,550i 6MT RWD (367 HP),Gasoline,8,4799,367,490,6-speed manual,Rear Wheel Drive,5.3,250,11.2,4839,1849,1488,2891,1735
bmw,BMW,5 Series,5 Series Touring (2007),2007,2010,,520d 6AT RWD (163 HP),Diesel,4,1995,163,340,6-speed automatic,Rear Wheel Drive,8.9,217,7.1,4839,1849,1488,2891,1595
bmw,BMW,5 Series,5 Series Touring (2007),2007,2010,,520d 6AT RWD (177 HP),Diesel,4,1995,177,350,6-speed automatic,Rear Wheel Drive,8.6,224,5.8,4839,1849,1488,2891,1595
bmw,BMW,5 Series,5 Series Touring (2007),2007,2010,,520d 6MT RWD (163 HP),Diesel,4,1995,163,340,6-speed manual,Rear Wheel Drive,8.9,217,6.1,4839,1849,1488,2891,1575
bmw,BMW,5 Series,5 Series Touring (2007),2007,2010,,520d 6MT RWD (177 HP),Diesel,4,1995,177,350,6-speed manual,Rear Wheel Drive,8.5,224,5.3,4839,1849,1488,2891,1575
bmw,BMW,5 Series,5 Series Touring (2007),2007,2010,,525d 6AT RWD (197 HP),Diesel,6,2993,197,400,6-speed automatic,Rear Wheel Drive,7.9,232,6.6,4839,1849,1488,2891,1665
bmw,BMW,5 Series,5 Series Touring (2007),2007,2010,,525d 6MT RWD (197 HP),Diesel,6,2993,197,400,6-speed manual,Rear Wheel Drive,7.8,232,6.4,4839,1849,1488,2891,1635
bmw,BMW,5 Series,5 Series Touring (2007),2007,2010,,525d xDrive 6AT AWD (197 HP),Diesel,6,2993,197,400,6-speed automatic,All Wheel Drive,8.3,229,7,4839,1849,1488,2891,1755
bmw,BMW,5 Series,5 Series Touring (2007),2007,2010,,525d xDrive 6MT AWD (197 HP),Diesel,6,2993,197,400,6-speed manual,All Wheel Drive,8.1,229,6.9,4839,1849,1488,2891,1745
bmw,BMW,5 Series,5 Series Touring (2007),2007,2010,,530d 6AT RWD (235 HP),Diesel,6,2993,235,500,6-speed automatic,Rear Wheel Drive,7,243,6.8,4839,1849,1488,2891,167
bmw,BMW,5 Series,5 Series Touring (2007),2007,2010,,530d 6MT RWD (235 HP),Diesel,6,2993,235,500,6-speed manual,Rear Wheel Drive,6.9,245,6.6,4839,1849,1488,2891,1635
bmw,BMW,5 Series,5 Series Touring (2007),2007,2010,,530d xDrive 6AT AWD (235 HP),Diesel,6,2993,235,500,6-speed automatic,All Wheel Drive,7,233,7.2,4839,1849,1488,2891,1755
bmw,BMW,5 Series,5 Series Touring (2007),2007,2010,,530d xDrive 6MT AWD (235 HP),Diesel,6,2993,235,500,6-speed manual,All Wheel Drive,6.8,235,7.2,4839,1849,1488,2891,1745
bmw,BMW,5 Series,5 Series Touring (2007),2007,2010,,535d 6AT RWD (286 HP),Diesel,6,2993,286,580,6-speed automatic,Rear Wheel Drive,6.5,250,7,4839,1849,1488,2891,1735
bmw,BMW,5 Series,5 Series Touring (2004),2004,2007,,523i 6AT RWD (177 HP),Gasoline,6,2497,177,230,6-speed automatic,Rear Wheel Drive,9.5,224,9.5,4844,2029,1491,2885,1555
bmw,BMW,5 Series,5 Series Touring (2004),2004,2007,,523i 6MT RWD (177 HP),Gasoline,6,2497,177,230,6-speed manual,Rear Wheel Drive,8.8,227,8.7,4844,2029,1491,2885,1535
bmw,BMW,5 Series,5 Series Touring (2004),2004,2007,,525i 6AT RWD (192 HP),Gasoline,6,2494,192,245,6-speed automatic,Rear Wheel Drive,8.8,229,10.3,4844,1847,1491,2885,1565
bmw,BMW,5 Series,5 Series Touring (2004),2004,2007,,525i 6AT RWD (218 HP),Gasoline,6,2497,218,250,6-speed automatic,Rear Wheel Drive,8.3,237,9.5,4844,1847,1491,2885,1560
bmw,BMW,5 Series,5 Series Touring (2004),2004,2007,,525i 6MT RWD (192 HP),Gasoline,6,2494,192,245,6-speed manual,Rear Wheel Drive,8.2,232,9.9,4844,1847,1491,2885,1555
bmw,BMW,5 Series,5 Series Touring (2004),2004,2007,,525i 6MT RWD (218 HP),Gasoline,6,2497,218,250,6-speed manual,Rear Wheel Drive,7.8,240,8.9,4844,1847,1491,2885,1540
bmw,BMW,5 Series,5 Series Touring (2004),2004,2007,,525xi 6AT RWD (218 HP),Gasoline,6,2497,218,250,6-speed automatic,All Wheel Drive,8.6,229,10.4,4844,1847,1491,2885,1675
bmw,BMW,5 Series,5 Series Touring (2004),2004,2007,,525xi 6MT RWD (218 HP),Gasoline,6,2497,218,250,6-speed manual,All Wheel Drive,8.5,232,9.9,4844,1847,1491,2885,1600
bmw,BMW,5 Series,5 Series Touring (2004),2004,2007,,530i 6AT RWD (258 HP),Gasoline,6,2996,258,300,6-speed automatic,Rear Wheel Drive,6.9,250,9.5,4844,1847,1491,2885,1565
bmw,BMW,5 Series,5 Series Touring (2004),2004,2007,,530i 6MT RWD (258 HP),Gasoline,6,2996,258,300,6-speed manual,Rear Wheel Drive,6.6,250,9.2,4844,1847,1491,2885,1555
bmw,BMW,5 Series,5 Series Touring (2004),2004,2007,,530xi 6AT RWD (258 HP),Gasoline,6,2996,258,300,6-speed automatic,All Wheel Drive,7.4,24,10.5,4844,1847,1491,2885,1675
bmw,BMW,5 Series,5 Series Touring (2004),2004,2007,,530xi 6MT RWD (258 HP),Gasoline,6,2996,258,300,6-speed manual,All Wheel Drive,7,245,10.1,4844,1847,1491,2885,1560
bmw,BMW,5 Series,5 Series Touring (2004),2004,2007,,545i 6AT RWD (333 HP),Gasoline,8,4398,333,450,6-speed automatic,Rear Wheel Drive,6,250,11.3,4844,1847,1491,2885,1700
bmw,BMW,5 Series,5 Series Touring (2004),2004,2007,,545i 6MT RWD (333 HP),Gasoline,8,4398,333,450,6-speed manual,Rear Wheel Drive,5.9,250,11.3,4844,1847,1491,2885,1685
bmw,BMW,5 Series,5 Series Touring (2004),2004,2007,,550i 6AT RWD (367 HP),Gasoline,8,4799,367,490,6-speed automatic,Rear Wheel Drive,5.7,250,11.3,4844,1847,1491,2885,1725
bmw,BMW,5 Series,5 Series Touring (2004),2004,2007,,550i 6MT RWD (367 HP),Gasoline,8,4799,367,490,6-speed manual,Rear Wheel Drive,5.6,250,11.5,4844,1847,1491,2885,1725
bmw,BMW,5 Series,5 Series Touring (2004),2004,2007,,520d 6AT RWD (163 HP),Diesel,4,1995,163,340,6-speed automatic,Rear Wheel Drive,8.9,217,7.1,4844,1847,1491,2885,1585
bmw,BMW,5 Series,5 Series Touring (2004),2004,2007,,520d 6MT RWD (163 HP),Diesel,4,1995,163,340,6-speed manual,Rear Wheel Drive,8.9,218,6.1,4844,1847,1491,2885,1675
bmw,BMW,5 Series,5 Series Touring (2004),2004,2007,,525d 6AT RWD (177 HP),Diesel,6,2497,177,400,6-speed automatic,Rear Wheel Drive,8.5,222,8,4844,1847,1491,2885,1660
bmw,BMW,5 Series,5 Series Touring (2004),2004,2007,,525d 6MT RWD (177 HP),Diesel,6,2497,177,400,6-speed manual,Rear Wheel Drive,8.3,225,7,4844,1847,1491,2885,1750
bmw,BMW,5 Series,5 Series Touring (2004),2004,2007,,530d 6AT RWD (218 HP),Diesel,6,2993,218,500,6-speed automatic,Rear Wheel Drive,7.4,240,8,4844,1847,1491,2885,1675
bmw,BMW,5 Series,5 Series Touring (2004),2004,2007,,530d 6AT RWD (231 HP),Diesel,6,2993,231,500,6-speed automatic,Rear Wheel Drive,7,241,7.7,4844,1847,1491,2885,1655
bmw,BMW,5 Series,5 Series Touring (2004),2004,2007,,530d 6MT RWD (218 HP),Diesel,6,2993,218,500,6-speed manual,Rear Wheel Drive,7.2,242,7.2,4844,1847,1491,2885,1760
bmw,BMW,5 Series,5 Series Touring (2004),2004,2007,,530d 6MT RWD (231 HP),Diesel,6,2993,231,500,6-speed manual,Rear Wheel Drive,6.9,245,7,4844,1847,1491,2885,1655
bmw,BMW,5 Series,5 Series Touring (2004),2004,2007,,530xd 6AT RWD (231 HP),Diesel,6,2993,231,500,6-speed automatic,All Wheel Drive,7,233,8.5,4844,1847,1491,2885,1745
bmw,BMW,5 Series,5 Series Touring (2004),2004,2007,,530xd 6MT RWD (231 HP),Diesel,6,2993,231,500,6-speed manual,All Wheel Drive,6.8,235,7.9,4844,1847,1491,2885,1730
bmw,BMW,5 Series,5 Series Touring (2004),2004,2007,,535d 6AT RWD (272 HP),Diesel,6,2993,272,560,6-speed automatic,Rear Wheel Drive,6.6,250,8.2,4844,1847,1491,2885,1730
bmw,BMW,5 Series,5 Series Touring (1997),1997,2000,,520i 5AT RWD (150 HP),Gasoline,6,1991,150,190,5-speed automatic,Rear Wheel Drive,12.2,209,10.5,4801,1801,1440,2830,1575
bmw,BMW,5 Series,5 Series Touring (1997),1997,2000,,520i 5MT RWD (150 HP),Gasoline,6,1991,150,190,5-speed manual,Rear Wheel Drive,10.6,212,9.6,4801,1801,1440,2830,1542
bmw,BMW,5 Series,5 Series Touring (1997),1997,2000,,523i 5AT RWD (170 HP),Gasoline,6,2495,170,245,5-speed automatic,Rear Wheel Drive,10.2,222,10.7,4801,1801,1440,2830,1585
bmw,BMW,5 Series,5 Series Touring (1997),1997,2000,,523i 5MT RWD (170 HP),Gasoline,6,2495,170,245,5-speed manual,Rear Wheel Drive,8.9,224,9.8,4801,1801,1440,2830,1890
bmw,BMW,5 Series,5 Series Touring (1997),1997,2000,,528i 5AT RWD (193 HP),Gasoline,6,2793,193,280,5-speed automatic,Rear Wheel Drive,9.3,229,10.7,4801,1801,1440,2830,1620
bmw,BMW,5 Series,5 Series Touring (1997),1997,2000,,528i 5MT RWD (193 HP),Gasoline,6,2793,193,280,5-speed manual,Rear Wheel Drive,7.9,233,9.8,4801,1801,1440,2830,1587
bmw,BMW,5 Series,5 Series Touring (1997),1997,2000,,540i 5AT RWD (286 HP),Gasoline,8,4398,286,440,5-speed automatic,Rear Wheel Drive,6.7,250,12.6,4801,1801,1440,2830,1741
bmw,BMW,5 Series,5 Series Touring (1997),1997,2000,,520d 5MT RWD (136 HP),Diesel,4,1951,136,280,5-speed manual,Rear Wheel Drive,10.9,204,6.1,4801,1801,1440,2830,1567
bmw,BMW,5 Series,5 Series Touring (1997),1997,2000,,525d 5AT RWD (163 HP),Diesel,6,2497,163,350,5-speed automatic,Rear Wheel Drive,9.6,216,8.2,4801,1801,1440,2830,1670
bmw,BMW,5 Series,5 Series Touring (1997),1997,2000,,525d 5MT RWD (163 HP),Diesel,6,2497,163,350,5-speed manual,Rear Wheel Drive,9.4,215,7,4801,1801,1440,2830,1657
bmw,BMW,5 Series,5 Series Touring (1997),1997,2000,,525tds 5AT RWD (143 HP),Diesel,6,2498,143,280,5-speed automatic,Rear Wheel Drive,11.4,203,9.4,4801,1801,1440,2830,1625
bmw,BMW,5 Series,5 Series Touring (1997),1997,2000,,525tds 5MT RWD (143 HP),Diesel,6,2498,143,280,5-speed manual,Rear Wheel Drive,10.7,210,8.3,4801,1801,1440,2830,1592
bmw,BMW,5 Series,5 Series Touring (1997),1997,2000,,530d 5AT RWD (184 HP),Diesel,6,2926,184,390,5-speed automatic,Rear Wheel Drive,8.9,222,8.5,4801,1801,1440,2830,1670
bmw,BMW,5 Series,5 Series Touring (1997),1997,2000,,530d 5MT RWD (184 HP),Diesel,6,2926,184,390,5-speed manual,Rear Wheel Drive,8.3,222,7.4,4801,1801,1440,2830,1657
bmw,BMW,5 Series,5 Series Touring (1992),1992,1997,,518i 5MT RWD (113 HP),Gasoline,4,1796,113,162,5-speed manual,Rear Wheel Drive,13.4,190,8.7,4719,1750,1420,2761,1445
bmw,BMW,5 Series,5 Series Touring (1992),1992,1997,,520i 5AT RWD (150 HP),Gasoline,6,1991,150,190,5-speed automatic,Rear Wheel Drive,12.4,203,10.8,4719,1750,1417,2761,1550
bmw,BMW,5 Series,5 Series Touring (1992),1992,1997,,520i 5MT RWD (150 HP),Gasoline,6,1991,150,190,5-speed manual,Rear Wheel Drive,11.3,205,9.7,4719,1750,1417,2761,1515
bmw,BMW,5 Series,5 Series Touring (1992),1992,1997,,525i 5AT RWD (192 HP),Gasoline,6,2494,192,250,5-speed automatic,Rear Wheel Drive,9.9,217,11.2,4719,1750,1417,2761,1610
bmw,BMW,5 Series,5 Series Touring (1992),1992,1997,,525i 5MT RWD (192 HP),Gasoline,6,2494,192,250,5-speed manual,Rear Wheel Drive,9.2,221,10.2,4719,1750,1417,2761,1575
bmw,BMW,5 Series,5 Series Touring (1992),1992,1997,,530i V8 5AT RWD (218 HP),Gasoline,8,2997,218,290,5-speed automatic,Rear Wheel Drive,9,225,12.5,4719,1750,1417,2761,1650
bmw,BMW,5 Series,5 Series Touring (1992),1992,1997,,530i V8 5MT RWD (218 HP),Gasoline,8,2997,218,290,5-speed manual,Rear Wheel Drive,8.3,227,12.5,4719,1750,1417,2761,1620
bmw,BMW,5 Series,5 Series Touring (1992),1992,1997,,540i V8 5AT RWD (286 HP),Gasoline,8,3982,286,400,5-speed automatic,Rear Wheel Drive,7,250,14.5,4719,1750,1417,2761,1690
bmw,BMW,5 Series,5 Series Touring (1992),1992,1997,,525 TD 4AT RWD (116 HP),Diesel,6,2498,116,222,4-speed automatic,Rear Wheel Drive,14.7,183,9.1,4719,1750,1417,2761,1610
bmw,BMW,5 Series,5 Series Touring (1992),1992,1997,,525 TD 5MT RWD (116 HP),Diesel,6,2498,116,222,5-speed manual,Rear Wheel Drive,13.7,188,8.1,4719,1750,1417,2761,1575
bmw,BMW,5 Series,5 Series Touring (1992),1992,1997,,525 TDS 5AT RWD (143 HP),Diesel,6,2498,143,260,5-speed automatic,Rear Wheel Drive,12.2,200,9,4719,1750,1417,2761,1625
bmw,BMW,5 Series,5 Series Touring (1992),1992,1997,,525 TDS 5MT RWD (143 HP),Diesel,6,2498,143,260,5-speed manual,Rear Wheel Drive,11.6,202,8,4719,1750,1417,2761,1590
bmw,BMW,5 Series,5 Series Sedan (2023),2023,,,520d 8AT RWD (197 HP),Mild Hybrid Diesel,4,1995,197,400,8-speed automatic Steptronic,Rear Wheel Drive,7.3,233,5.6,5060,1900,1514,2995,1850
bmw,BMW,5 Series,5 Series Sedan (2023),2023,,,520d xDrive 8AT AWD (197 HP),Mild Hybrid Diesel,4,1995,197,400,8-speed automatic Steptronic,Rear Wheel Drive,7.3,233,6,5060,1900,1514,2995,1905
bmw,BMW,5 Series,5 Series Sedan (2023),2023,,,520i 8AT RWD (190 HP),Mild Hybrid,4,1998,190,310,8-speed automatic Steptronic,Rear Wheel Drive,7.5,230,6.4,5060,1900,1514,2995,1800
bmw,BMW,5 Series,5 Series Sedan (2023),2023,,,530e PHEV 8AT RWD (299 HP),Plug-in Hybrid,4,1998,190,310,8-speed automatic Steptronic,Rear Wheel Drive,6.4,230,0.6,5060,1900,1514,2995,
bmw,BMW,5 Series,5 Series Sedan (2023),2023,,,550e xDrive PHEV 8AT AWD (489 HP),Plug-in Hybrid,,,489,,8-speed automatic Steptronic,All Wheel Drive,6.4,249,1,5060,1900,1514,2995,
bmw,BMW,5 Series,5 Series Sedan (2020),2020,,,M550i xDrive 8AT AWD (530 HP),Gasoline,8,4395,530,750,8-speed automatic Steptronic,All Wheel Drive,3.8,249,10,4963,1867,1496,2974,1990
bmw,BMW,5 Series,5 Series Sedan (2020),2020,,,530e 8AT RWD (292 HP),Hybrid,4,1998,184,300,8-speed automatic Steptronic,Rear Wheel Drive,5.9,235,1.8,4963,1867,1496,2974,1910
bmw,BMW,5 Series,5 Series Sedan (2020),2020,,,530e xDrive 8AT AWD (292 HP),Hybrid,4,1998,184,300,8-speed automatic Steptronic,All Wheel Drive,5.9,230,1.8,4963,1867,1496,2974,1970
bmw,BMW,5 Series,5 Series Sedan (2020),2020,,,545e xDrive 290 KW AWD (394 HP),Hybrid,6,,394,,8-speed automatic Steptronic,All Wheel Drive,4.7,249,,4963,1867,1496,2974,
bmw,BMW,5 Series,5 Series Sedan (2020),2020,,,520d 8AT RWD (190 HP),Mild Hybrid Diesel,4,1995,190,400,8-speed automatic Steptronic,Rear Wheel Drive,7.2,235,4.3,4963,1867,1496,2974,1750
bmw,BMW,5 Series,5 Series Sedan (2020),2020,,,520d xDrive 8AT AWD (190 HP),Mild Hybrid Diesel,4,1995,190,400,8-speed automatic Steptronic,All Wheel Drive,7.2,232,4.5,4963,1867,1496,2974,1810
bmw,BMW,5 Series,5 Series Sedan (2020),2020,,,530d 8AT RWD (286 HP),Mild Hybrid Diesel,6,2993,286,650,8-speed automatic Steptronic,Rear Wheel Drive,5.6,249,4.6,4963,1867,1496,2974,1835
bmw,BMW,5 Series,5 Series Sedan (2020),2020,,,530d xDrive 8AT AWD (286 HP),Mild Hybrid Diesel,6,2993,286,650,8-speed automatic Steptronic,All Wheel Drive,5.4,249,5,4963,1867,1496,2974,1895
bmw,BMW,5 Series,5 Series Sedan (2020),2020,,,540d xDrive 8AT AWD (340 HP),Mild Hybrid Diesel,6,2993,340,700,8-speed automatic Steptronic,All Wheel Drive,4.6,249,5.1,4963,1867,1496,2974,1925
bmw,BMW,5 Series,5 Series Sedan (2020),2020,,,520i 8AT RWD (184 HP),Mild Hybrid,4,1998,184,290,8-speed automatic Steptronic,Rear Wheel Drive,7.9,235,5.5,4963,1867,1496,2974,1685
bmw,BMW,5 Series,5 Series Sedan (2020),2020,,,530i 8AT RWD (252 HP),Mild Hybrid,4,1998,252,350,8-speed automatic Steptronic,Rear Wheel Drive,6.4,249,5.5,4963,1867,1496,2974,1700
bmw,BMW,5 Series,5 Series Sedan (2020),2020,,,530i xDrive 8AT AWD (252 HP),Mild Hybrid,4,1998,252,350,8-speed automatic Steptronic,All Wheel Drive,6.3,249,6.1,4963,1867,1496,2974,1755
bmw,BMW,5 Series,5 Series Sedan (2020),2020,,,540i 8AT RWD (333 HP),Mild Hybrid,6,2998,333,450,8-speed automatic Steptronic,Rear Wheel Drive,5.2,249,6.5,4963,1867,1496,2974,1760
bmw,BMW,5 Series,5 Series Sedan (2020),2020,,,540i xDrive 8AT AWD (333 HP),Mild Hybrid,6,2998,333,450,8-speed automatic Steptronic,All Wheel Drive,4.9,249,6.8,4963,1867,1496,2974,1760
bmw,BMW,5 Series,5 Series Sedan (2016),2016,2020,,530i 8AT RWD (252 HP),Gasoline,4,1998,252,350,8-speed automatic (Steptronic),Rear Wheel Drive,6.2,249,5.9,4935,1867,1478,2974,1540
bmw,BMW,5 Series,5 Series Sedan (2016),2016,2020,,530i xDrive 8AT AWD (252 HP),Gasoline,4,1998,252,350,8-speed automatic (Steptronic),All Wheel Drive,6,249,6.4,4935,1867,1478,2974,1595
bmw,BMW,5 Series,5 Series Sedan (2016),2016,2020,,540i 8AT RWD (340 HP),Gasoline,6,2998,340,450,8-speed automatic (Steptronic),Rear Wheel Drive,5.1,249,6.9,4935,1867,1478,2974,1595
bmw,BMW,5 Series,5 Series Sedan (2016),2016,2020,,540i xDrive 8AT AWD (340 HP),Gasoline,6,2998,340,450,8-speed automatic (Steptronic),All Wheel Drive,4.8,249,7.4,4935,1867,1478,2974,1660
bmw,BMW,5 Series,5 Series Sedan (2016),2016,2020,,m550i xDrive 8AT AWD (462 HP),Gasoline,8,4395,462,650,8-speed automatic (Steptronic),All Wheel Drive,4,249,9.1,4935,1867,1478,2974,1885
bmw,BMW,5 Series,5 Series Sedan (2016),2016,2020,,520d 6MT RWD (190 HP),Diesel,4,1995,190,400,6-speed manual,Rear Wheel Drive,7.7,238,45.2,4935,1867,1478,2974,1540
bmw,BMW,5 Series,5 Series Sedan (2016),2016,2020,,520d 8AT RWD (190 HP),Diesel,4,1995,190,400,8-speed automatic (Steptronic),Rear Wheel Drive,7.5,235,4.5,4935,1867,1478,2974,1560
bmw,BMW,5 Series,5 Series Sedan (2016),2016,2020,,520d xDrive 8AT AWD (190 HP),Diesel,4,1995,190,400,8-speed automatic (Steptronic),All Wheel Drive,7.6,232,4.9,4935,1867,1478,2974,1620
bmw,BMW,5 Series,5 Series Sedan (2016),2016,2020,,530d 8AT RWD (265 HP),Diesel,6,2993,265,620,8-speed automatic (Steptronic),Rear Wheel Drive,5.7,249,4.9,4935,1867,1478,2974,1640
bmw,BMW,5 Series,5 Series Sedan (2016),2016,2020,,530d xDrive 8AT AWD (265 HP),Diesel,6,2993,265,620,8-speed automatic (Steptronic),All Wheel Drive,5.4,249,5.4,4935,1867,1478,2974,1695
bmw,BMW,5 Series,5 Series Sedan (2016),2016,2020,,530e 8AT RWD (252 HP),Hybrid,4,1998,184,290,8-speed automatic (Steptronic),Rear Wheel Drive,6.2,235,2,4935,1867,1478,2974,1770
bmw,BMW,5 Series,5 Series Sedan (2016),2016,2020,,520d 8AT RWD (190 HP),Mild Hybrid Diesel,4,1995,190,400,8-speed automatic (Steptronic),Rear Wheel Drive,7.2,235,4.1,4935,1867,1478,2974,1650
bmw,BMW,5 Series,5 Series Sedan (2016),2016,2020,,520d xDrive 8AT AWD AWD (190 HP),Mild Hybrid Diesel,4,1995,190,400,8-speed automatic (Steptronic),All Wheel Drive,7.2,232,4.5,4935,1867,1478,2974,1705
bmw,BMW,5 Series,5 Series Sedan (2013),2013,2017,,520i 6MT RWD (184 HP),Gasoline,4,1997,184,270,6-speed manual,Rear Wheel Drive,7.9,227,6.8,4841,1847,1468,2888,1595
bmw,BMW,5 Series,5 Series Sedan (2013),2013,2017,,520i 8AT RWD (184 HP),Gasoline,4,1997,184,270,8-speed automatic Steptronic,Rear Wheel Drive,8,225,6.4,4841,1847,1468,2888,1610
bmw,BMW,5 Series,5 Series Sedan (2013),2013,2017,,528i 6MT RWD (245 HP),Gasoline,4,1997,245,350,"6-speed, Manual",Rear Wheel Drive,6.2,249,6.8,4900,1859,1463,2967,1610
bmw,BMW,5 Series,5 Series Sedan (2013),2013,2017,,528i 8AT RWD (245 HP),Gasoline,4,1997,245,350,8-speed automatic Steptronic,Rear Wheel Drive,6.3,249,6.5,4900,1859,1463,2967,1685
bmw,BMW,5 Series,5 Series Sedan (2013),2013,2017,,528i xDrive 8AT AWD (245 HP),Gasoline,4,1997,245,350,Eight-speed automatic with Steptronic,All Wheel Drive,6.5,250,7,4841,1847,1468,2888,1670
bmw,BMW,5 Series,5 Series Sedan (2013),2013,2017,,535i 6MT RWD (306 HP),Gasoline,6,2979,306,400,6-speed manual,Rear Wheel Drive,6,249,8.5,4900,1859,1463,2967,1685
bmw,BMW,5 Series,5 Series Sedan (2013),2013,2017,,535i 8AT RWD (306 HP),Gasoline,6,2979,306,400,8-speed automatic Steptronic,Rear Wheel Drive,6.1,249,8.4,4900,1859,1463,2967,1700
bmw,BMW,5 Series,5 Series Sedan (2013),2013,2017,,535i xDrive 8AT AWD (306 HP),Gasoline,6,2979,306,400,"Automatic, 8 Speed",All Wheel Drive,5.9,249,8.1,4900,1859,1463,2967,1765
bmw,BMW,5 Series,5 Series Sedan (2013),2013,2017,,550i 8AT RWD (450 HP),Gasoline,8,4395,450,599,8-speed automatic Steptronic,Rear Wheel Drive,5,249,10.4,4900,1859,1463,2967,1830
bmw,BMW,5 Series,5 Series Sedan (2013),2013,2017,,550i xDrive 8AT RWD (450 HP),Gasoline,8,4395,450,599,8-speed automatic Steptronic,All Wheel Drive,4.8,250,11,4841,1847,1468,2888,1670
bmw,BMW,5 Series,5 Series Sedan (2013),2013,2017,,518d 6MT RWD (143 HP),Diesel,4,1995,143,361,6-speed manual,Rear Wheel Drive,9.7,214,5,4900,1859,1463,2967,1615
bmw,BMW,5 Series,5 Series Sedan (2013),2013,2017,,518d 6MT RWD (150 HP),Diesel,4,1995,150,361,6-speed manual,Rear Wheel Drive,9.5,217,4.3,4907,1859,1463,1969,1615
bmw,BMW,5 Series,5 Series Sedan (2013),2013,2017,,518d 8AT RWD (143 HP),Diesel,4,1995,143,361,8-speed automatic with Steptronic,Rear Wheel Drive,9.6,212,4.5,4900,1859,1463,2967,1695
bmw,BMW,5 Series,5 Series Sedan (2013),2013,2017,,518d 8AT RWD (150 HP),Diesel,4,1995,150,361,8-speed automatic,Rear Wheel Drive,9.4,216,4.2,4907,1859,1463,1969,1625
bmw,BMW,5 Series,5 Series Sedan (2013),2013,2017,,520d 6MT RWD (184 HP),Diesel,4,1995,184,380,6-speed manual,Rear Wheel Drive,8.1,227,4.8,4900,1859,1463,2967,1640
bmw,BMW,5 Series,5 Series Sedan (2013),2013,2017,,520d 6MT RWD (190 HP),Diesel,4,1995,189,400,6-speed manual,Rear Wheel Drive,7.9,237,4.3,4907,1859,1463,2969,1620
bmw,BMW,5 Series,5 Series Sedan (2013),2013,2017,,520d 8AT RWD (184 HP),Diesel,4,1995,184,380,8-speed automatic Steptronic,Rear Wheel Drive,8.1,225,4.7,4900,1859,1463,2967,1695
bmw,BMW,5 Series,5 Series Sedan (2013),2013,2017,,520d 8AT RWD (190 HP),Diesel,4,1995,189,400,8-speed automatic,Rear Wheel Drive,7.8,233,4.1,4907,1859,1463,2969,1630
bmw,BMW,5 Series,5 Series Sedan (2013),2013,2017,,520d EfficientDynamics 6MT RWD (184 HP),Diesel,4,1995,184,380,6-speed manual,Rear Wheel Drive,8.2,232,4.5,4900,1859,1463,2967,1620
bmw,BMW,5 Series,5 Series Sedan (2013),2013,2017,,520d xDrive 8AT AWD (190 HP),Diesel,4,1995,189,400,8-speed automatic,All Wheel Drive,7.9,230,4.7,4907,1859,1463,2969,1730
bmw,BMW,5 Series,5 Series Sedan (2013),2013,2017,,525d 6MT RWD (218 HP),Diesel,4,1995,218,450,Six-speed manual,Rear Wheel Drive,7,243,5,4841,1847,1468,2888,1670
bmw,BMW,5 Series,5 Series Sedan (2013),2013,2017,,525d 8AT (218 HP),Diesel,4,1995,218,450,8-speed automatic Steptronic,Rear Wheel Drive,7,240,4.8,4841,1847,1468,2888,1720
bmw,BMW,5 Series,5 Series Sedan (2013),2013,2017,,525d xDrive 8AT (218 HP),Diesel,4,1995,218,450,8-speed automatic Steptronic,All Wheel Drive,7,233,5.3,4841,1847,1468,2888,1795
bmw,BMW,5 Series,5 Series Sedan (2013),2013,2017,,530d 6MT RWD (258 HP),Diesel,6,2993,258,560,"6-speed, Manual",Rear Wheel Drive,6.1,249,5.7,4900,1859,1463,2967,1760
bmw,BMW,5 Series,5 Series Sedan (2013),2013,2017,,530d 8AT RWD (258 HP),Diesel,6,2993,258,560,8-speed automatic Steptronic,Rear Wheel Drive,6,249,5.3,4900,1859,1463,2967,1770
bmw,BMW,5 Series,5 Series Sedan (2013),2013,2017,,530d xDrive 8AT AWD (258 HP),Diesel,6,2993,258,560,8-speed automatic Steptronic,All Wheel Drive,6.1,249,5.7,4900,1859,1463,2967,1790
bmw,BMW,5 Series,5 Series Sedan (2013),2013,2017,,535d 8AT RWD (313 HP),Diesel,6,2993,313,630,Eight-speed automatic with Steptronic,Rear Wheel Drive,5.5,250,5.4,4841,1847,1468,2888,1800
bmw,BMW,5 Series,5 Series Sedan (2013),2013,2017,,535d xDrive 8AT AWD (313 HP),Diesel,6,2993,313,630,8-speed automatic Steptronic,All Wheel Drive,5.5,250,5.7,4841,1847,1468,2888,1670
bmw,BMW,5 Series,5 Series Sedan (2013),2013,2017,,M550d xDrive 8AT AWD (381 HP),Diesel,6,2993,381,740,8-speed automatic,All Wheel Drive,4.7,249,6.4,4910,1859,1453,2969,1895
bmw,BMW,5 Series,5 Series Sedan (2013),2013,2017,,5 ActiveHybrid 8AT AWD (340 HP),Hybrid Gasoline,6,2979,340,400,8-speed automatic Steptronic,All Wheel Drive,5.9,249,6.4,4841,1847,1468,2888,1850
bmw,BMW,5 Series,5 Series Sedan (2009),2009,2013,,520i 6MT RWD (184 HP),Gasoline,4,1997,184,270,6-speed manual,Rear Wheel Drive,7.9,227,6.8,4841,1847,1468,2888,1595
bmw,BMW,5 Series,5 Series Sedan (2009),2009,2013,,520i 8AT RWD (184 HP),Gasoline,4,1997,184,270,8-speed automatic (Steptronic),Rear Wheel Drive,8,225,6.4,4841,1847,1468,2888,1610
bmw,BMW,5 Series,5 Series Sedan (2009),2009,2013,,523i 6MT RWD (204 HP),Gasoline,6,2996,204,270,6-speed manual,Rear Wheel Drive,7.9,237,7.6,4900,1859,1463,2967,1625
bmw,BMW,5 Series,5 Series Sedan (2009),2009,2013,,523i 8AT RWD (204 HP),Gasoline,6,2996,204,270,8-speed automatic (Steptronic),Rear Wheel Drive,8.2,233,7.6,4900,1859,1463,2967,1750
bmw,BMW,5 Series,5 Series Sedan (2009),2009,2013,,528i 6MT RWD (245 HP),Gasoline,4,1997,245,350,6-speed manual,Rear Wheel Drive,6.2,249,6.8,4900,1859,1463,2967,1610
bmw,BMW,5 Series,5 Series Sedan (2009),2009,2013,,528i 6MT RWD (258 HP),Gasoline,4,2996,258,310,6-speed manual,Rear Wheel Drive,6.6,249,7.8,4900,1859,1463,2967,1635
bmw,BMW,5 Series,5 Series Sedan (2009),2009,2013,,528i 8AT RWD (245 HP),Gasoline,4,1997,245,350,8-speed automatic (Steptronic),Rear Wheel Drive,6.3,249,6.5,4900,1859,1463,2967,1685
bmw,BMW,5 Series,5 Series Sedan (2009),2009,2013,,528i 8AT RWD (258 HP),Gasoline,4,2996,258,310,8-speed automatic (Steptronic),Rear Wheel Drive,6.7,249,7.6,4900,1859,1463,2967,1655
bmw,BMW,5 Series,5 Series Sedan (2009),2009,2013,,528i xDrive 8AT AWD (245 HP),Gasoline,4,1997,245,350,8-speed automatic (Steptronic),All Wheel Drive,6.5,250,7,4841,1847,1468,2888,1670
bmw,BMW,5 Series,5 Series Sedan (2009),2009,2013,,530i 6MT RWD (272 HP),Gasoline,6,2996,272,310,6-speed manual,Rear Wheel Drive,6.5,250,5.7,4841,1847,1468,2888,1670
bmw,BMW,5 Series,5 Series Sedan (2009),2009,2013,,530i 8AT RWD (272 HP),Gasoline,6,2996,272,310,8-speed automatic (Steptronic),Rear Wheel Drive,6.6,249,7.4,4841,1847,1468,2888,1730
bmw,BMW,5 Series,5 Series Sedan (2009),2009,2013,,535i 6MT RWD (306 HP),Gasoline,6,2979,306,400,6-speed manual,Rear Wheel Drive,6,249,8.5,4900,1859,1463,2967,1685
bmw,BMW,5 Series,5 Series Sedan (2009),2009,2013,,535i 8AT RWD (306 HP),Gasoline,6,2979,306,400,8-speed automatic (Steptronic),Rear Wheel Drive,6.1,249,8.4,4900,1859,1463,2967,1700
bmw,BMW,5 Series,5 Series Sedan (2009),2009,2013,,535i xDrive 8AT AWD (306 HP),Gasoline,6,2979,306,400,8-speed automatic (Steptronic),All Wheel Drive,5.9,249,8.1,4900,1859,1463,2967,1765
bmw,BMW,5 Series,5 Series Sedan (2009),2009,2013,,550i 8AT RWD (407 HP),Gasoline,8,4395,408,599,8-speed automatic (Steptronic),Rear Wheel Drive,5,249,10.4,4900,1859,1463,2967,1830
bmw,BMW,5 Series,5 Series Sedan (2009),2009,2013,,550i xDrive 8AT RWD (407 HP),Gasoline,8,4395,408,599,8-speed automatic (Steptronic),All Wheel Drive,4.8,250,11,4841,1847,1468,2888,1670
bmw,BMW,5 Series,5 Series Sedan (2009),2009,2013,,520d 6MT RWD (184 HP),Diesel,4,1995,184,380,6-speed manual,Rear Wheel Drive,8.1,227,4.8,4900,1859,1463,2967,1640
bmw,BMW,5 Series,5 Series Sedan (2009),2009,2013,,520d 8AT RWD (184 HP),Diesel,4,1995,184,380,8-speed automatic (Steptronic),Rear Wheel Drive,8.1,225,4.7,4900,1859,1463,2967,1695
bmw,BMW,5 Series,5 Series Sedan (2009),2009,2013,,520d EfficientDynamics 6MT RWD (184 HP),Diesel,4,1995,184,380,6-speed manual,Rear Wheel Drive,8.2,232,4.5,4900,1859,1463,2967,1620
bmw,BMW,5 Series,5 Series Sedan (2009),2009,2013,,520d Special Edition 6MT RWD (163 HP),Diesel,4,1995,163,350,6-speed manual,Rear Wheel Drive,8.5,227,5.1,4841,1847,1468,2888,1510
bmw,BMW,5 Series,5 Series Sedan (2009),2009,2013,,525d 6MT RWD (204 HP),Diesel,6,2993,204,450,6-speed manual,Rear Wheel Drive,7.2,237,6.2,4900,1859,1463,2967,1690
bmw,BMW,5 Series,5 Series Sedan (2009),2009,2013,,525d 6MT RWD (218 HP),Diesel,4,1995,218,450,6-speed manual,Rear Wheel Drive,7,243,5,4841,1847,1468,2888,1670
bmw,BMW,5 Series,5 Series Sedan (2009),2009,2013,,525d 8AT RWD (204 HP),Diesel,6,2993,204,450,8-speed automatic (Steptronic),Rear Wheel Drive,7.2,237,6.1,4900,1859,1463,2967,1705
bmw,BMW,5 Series,5 Series Sedan (2009),2009,2013,,525d 8AT RWD (218 HP),Diesel,4,1995,218,450,8-speed automatic (Steptronic),Rear Wheel Drive,7,240,4.8,4841,1847,1468,2888,1720
bmw,BMW,5 Series,5 Series Sedan (2009),2009,2013,,525d xDrive 8AT AWD (218 HP),Diesel,4,1995,218,450,8-speed automatic (Steptronic),All Wheel Drive,7,233,5.3,4841,1847,1468,2888,1795
bmw,BMW,5 Series,5 Series Sedan (2009),2009,2013,,530d 6MT RWD (245 HP),Diesel,6,2993,245,540,6-speed manual,Rear Wheel Drive,6.3,249,6.3,4900,1859,1463,2967,1715
bmw,BMW,5 Series,5 Series Sedan (2009),2009,2013,,530d 6MT RWD (258 HP),Diesel,6,2993,258,560,6-speed manual,Rear Wheel Drive,6.1,249,5.7,4900,1859,1463,2967,1760
bmw,BMW,5 Series,5 Series Sedan (2009),2009,2013,,530d 8AT RWD (245 HP),Diesel,6,2993,245,540,8-speed automatic (Steptronic),Rear Wheel Drive,6.3,249,6.2,4900,1859,1463,2967,1720
bmw,BMW,5 Series,5 Series Sedan (2009),2009,2013,,530d 8AT RWD (258 HP),Diesel,6,2993,258,560,8-speed automatic (Steptronic),Rear Wheel Drive,6,249,5.3,4900,1859,1463,2967,1770
bmw,BMW,5 Series,5 Series Sedan (2009),2009,2013,,530d xDrive 8AT AWD (258 HP),Diesel,6,2993,258,560,8-speed automatic (Steptronic),All Wheel Drive,6.1,249,5.7,4900,1859,1463,2967,1790
bmw,BMW,5 Series,5 Series Sedan (2009),2009,2013,,535d 8AT RWD (300 HP),Diesel,6,2993,299,599,8-speed automatic (Steptronic),Rear Wheel Drive,5.7,249,6.1,4900,1859,1463,2969,1750
bmw,BMW,5 Series,5 Series Sedan (2009),2009,2013,,535d 8AT RWD (313 HP),Diesel,6,2993,313,630,8-speed automatic (Steptronic),Rear Wheel Drive,5.5,250,5.4,4841,1847,1468,2888,1800
bmw,BMW,5 Series,5 Series Sedan (2009),2009,2013,,535d xDrive 8AT AWD (313 HP),Diesel,6,2993,313,630,8-speed automatic (Steptronic),All Wheel Drive,5.5,250,5.7,4841,1847,1468,2888,1670
bmw,BMW,5 Series,5 Series Sedan (2009),2009,2013,,3.0L ActiveHybrid 8AT RWD (340 HP),Hybrid,6,2979,306,400,8-speed automatic (Steptronic),All Wheel Drive,5.9,249,6.4,4841,1847,1468,2888,1850
bmw,BMW,5 Series,5 Series Sedan (2007),2007,2009,,520i 6AT RWD (170 HP),Gasoline,4,1995,170,210,six-speed automatic with Steptronic,Rear Wheel Drive,9.6,224,6.9,4839,1849,1468,2891,1490
bmw,BMW,5 Series,5 Series Sedan (2007),2007,2009,,520i 6MT RWD (170 HP),Gasoline,4,1995,170,210,"Manual, 6 Speed",Rear Wheel Drive,8.7,224,6.7,4839,1849,1468,2891,1435
bmw,BMW,5 Series,5 Series Sedan (2007),2007,2009,,523i 6AT RWD (190 HP),Gasoline,6,2497,190,235,six-speed automatic with Steptronic,Rear Wheel Drive,8.7,237,7.7,4839,1849,1468,2891,1525
bmw,BMW,5 Series,5 Series Sedan (2007),2007,2009,,523i 6MT RWD (190 HP),Gasoline,6,2497,190,235,"Manual, 6 Speed",Rear Wheel Drive,8.2,237,7.3,4839,1849,1468,2891,1475
bmw,BMW,5 Series,5 Series Sedan (2007),2007,2009,,525i 6AT RWD (218 HP),Gasoline,6,2996,218,270,"Manual, 6 Speed",Rear Wheel Drive,7.7,246,7.7,4839,1849,1468,2891,1530
bmw,BMW,5 Series,5 Series Sedan (2007),2007,2009,,525i 6MT RWD (218 HP),Gasoline,6,2996,218,270,"Manual, 6 Speed",Rear Wheel Drive,7.1,248,7.4,4839,1849,1468,2891,1485
bmw,BMW,5 Series,5 Series Sedan (2007),2007,2009,,525i xDrive 6AT AWD (218 HP),Gasoline,6,2996,218,270,six-speed automatic with Steptronic,All Wheel Drive,8.2,233,8.3,4839,1849,1468,2891,1645
bmw,BMW,5 Series,5 Series Sedan (2007),2007,2009,,525i xDrive 6MT AWD (218 HP),Gasoline,6,2996,218,270,"Manual, 6 Speed",All Wheel Drive,7.9,240,8.3,4839,1849,1468,2891,1625
bmw,BMW,5 Series,5 Series Sedan (2007),2007,2009,,528i xDrive 6AT AWD (230 HP),Gasoline,6,2996,230,271,6 speed automatic with Steptronic,All Wheel Drive,7.9,241,,4839,1849,1468,2891,1680
bmw,BMW,5 Series,5 Series Sedan (2007),2007,2009,,528i xDrive 6MT AWD (230 HP),Gasoline,6,2996,230,271,"Manual, 6 Speed",All Wheel Drive,7.3,241,,4839,1849,1468,2891,1665
bmw,BMW,5 Series,5 Series Sedan (2007),2007,2009,,530i 6AT RWD (272 HP),Gasoline,6,2996,272,320,six-speed automatic with Steptronic,Rear Wheel Drive,6.5,250,7.7,4839,1849,1468,2891,1540
bmw,BMW,5 Series,5 Series Sedan (2007),2007,2009,,530i 6MT RWD (272 HP),Gasoline,6,2996,272,320,"Manual, 6 Speed",Rear Wheel Drive,6.3,250,7.9,4839,1849,1468,2891,1505
bmw,BMW,5 Series,5 Series Sedan (2007),2007,2009,,530i xDrive 6AT AWD (272 HP),Gasoline,6,2996,272,320,six-speed automatic with Steptronic,All Wheel Drive,6.8,249,8.3,4839,1849,1468,2891,1710
bmw,BMW,5 Series,5 Series Sedan (2007),2007,2009,,530i xDrive 6MT AWD (272 HP),Gasoline,6,2996,272,320,"Manual, 6 Speed",All Wheel Drive,6.6,249,8.4,4839,1849,1468,2891,1635
bmw,BMW,5 Series,5 Series Sedan (2007),2007,2009,,535i xDrive 6AT AWD (306 HP),Gasoline,6,2979,306,400,6 speed automatic,Rear Wheel Drive,6.1,250,8.4,4839,1849,1468,2891,1760
bmw,BMW,5 Series,5 Series Sedan (2007),2007,2009,,535i xDrive 6MT AWD (306 HP),Gasoline,6,2979,306,400,"Manual, 6 Speed",Rear Wheel Drive,6,250,8.4,4839,1849,1468,2891,1685
bmw,BMW,5 Series,5 Series Sedan (2007),2007,2009,,540i 6AT RWD (306 HP),Gasoline,8,4000,306,390,six-speed automatic with Steptronic,Rear Wheel Drive,6.2,250,9.7,4839,1849,1468,2891,1625
bmw,BMW,5 Series,5 Series Sedan (2007),2007,2009,,540i 6MT RWD (306 HP),Gasoline,8,4000,306,390,"Manual, 6 Speed",Rear Wheel Drive,6.1,250,10.5,4839,1849,1468,2891,1625
bmw,BMW,5 Series,5 Series Sedan (2007),2007,2009,,550i 6AT RWD (367 HP),Gasoline,8,4799,367,489,6 speed automatic with Steptronic,Rear Wheel Drive,5.3,250,10.3,4839,1849,1468,2891,1635
bmw,BMW,5 Series,5 Series Sedan (2007),2007,2009,,550i 6MT RWD (367 HP),Gasoline,8,4799,367,489,"Manual, 6 Speed",Rear Wheel Drive,5.2,250,10.9,4839,1849,1468,2891,1635
bmw,BMW,5 Series,5 Series Sedan (2007),2007,2009,,520d 6AT RWD (177 HP),Diesel,4,1995,177,350,six-speed automatic with Steptronic,Rear Wheel Drive,8.4,229,5.6,4839,1849,1468,2891,1520
bmw,BMW,5 Series,5 Series Sedan (2007),2007,2009,,520d 6MT RWD (177 HP),Diesel,4,1995,177,350,"Manual, 6 Speed",Rear Wheel Drive,8.3,232,5.1,4839,1849,1468,2891,1485
bmw,BMW,5 Series,5 Series Sedan (2007),2007,2009,,520d Special Edition 6AT RWD (163 HP),Diesel,4,1995,163,350,six-speed automatic with Steptronic,Rear Wheel Drive,8.6,225,5.6,4839,1849,1468,2891,1485
bmw,BMW,5 Series,5 Series Sedan (2007),2007,2009,,520d Special Edition 6MT RWD (163 HP),Diesel,4,1995,163,350,"Manual, 6 Speed",Rear Wheel Drive,8.5,227,5.1,4839,1849,1468,2891,1485
bmw,BMW,5 Series,5 Series Sedan (2007),2007,2009,,525d 6AT RWD (197 HP),Diesel,6,2993,197,400,six-speed automatic with Steptronic,Rear Wheel Drive,7.7,235,6.5,4839,1849,1468,2891,1595
bmw,BMW,5 Series,5 Series Sedan (2007),2007,2009,,525d 6MT RWD (197 HP),Diesel,6,2993,197,400,"Manual, 6 Speed",Rear Wheel Drive,7.6,237,6.2,4839,1849,1468,2891,1555
bmw,BMW,5 Series,5 Series Sedan (2007),2007,2009,,525d xDrive 6AT AWD (197 HP),Diesel,6,2993,197,400,6 speed automatic,All Wheel Drive,7.9,230,6.9,4839,1849,1468,2891,1680
bmw,BMW,5 Series,5 Series Sedan (2007),2007,2009,,525d xDrive 6MT AWD (197 HP),Diesel,6,2993,197,400,"Manual, 6 Speed",All Wheel Drive,7.8,232,6.7,4839,1849,1468,2891,1670
bmw,BMW,5 Series,5 Series Sedan (2007),2007,2009,,530d 6AT RWD (235 HP),Diesel,6,2993,235,500,6 speed automatic,Rear Wheel Drive,6.8,248,6.6,4839,1849,1468,2891,1600
bmw,BMW,5 Series,5 Series Sedan (2007),2007,2009,,530d 6MT RWD (235 HP),Diesel,6,2993,235,500,"Manual, 6 Speed",Rear Wheel Drive,6.8,250,6.4,4839,1849,1468,2891,1555
bmw,BMW,5 Series,5 Series Sedan (2007),2007,2009,,530d xDrive 6AT AWD (235 HP),Diesel,6,2993,235,500,6 speed automatic,All Wheel Drive,6.8,240,7,4839,1849,1468,2891,1705
bmw,BMW,5 Series,5 Series Sedan (2007),2007,2009,,530d xDrive 6MT AWD (235 HP),Diesel,6,2993,235,500,"Manual, 6 Speed",All Wheel Drive,6.6,241,6.9,4839,1849,1468,2891,1685
bmw,BMW,5 Series,5 Series Sedan (2007),2007,2009,,535d 6AT RWD (286 HP),Diesel,6,2993,286,580,"Automatic Transmission, 6 Speed",Rear Wheel Drive,6.4,250,6.8,4839,1849,1468,2891,1635
bmw,BMW,5 Series,5 Series Sedan (2003),2003,2007,,520i 5AT RWD (170 HP),Gasoline,6,2171,170,210,5-speed automatic (Steptronic),Rear Wheel Drive,9.9,225,9.8,4841,1847,1468,2888,1470
bmw,BMW,5 Series,5 Series Sedan (2003),2003,2007,,520i 6MT RWD (170 HP),Gasoline,6,2171,170,210,6-speed manual,Rear Wheel Drive,9,230,9,4841,1847,1468,2888,1560
bmw,BMW,5 Series,5 Series Sedan (2003),2003,2007,,523i 5AT RWD (177 HP),Gasoline,6,2497,177,230,5-speed automatic (Steptronic),Rear Wheel Drive,9.3,232,9.3,4841,2029,1468,2888,1465
bmw,BMW,5 Series,5 Series Sedan (2003),2003,2007,,523i 6MT RWD (177 HP),Gasoline,6,2497,177,230,6-speed manual,Rear Wheel Drive,8.5,235,8.5,4841,2029,1468,2888,1445
bmw,BMW,5 Series,5 Series Sedan (2003),2003,2007,,525i 6AT RWD (192 HP),Gasoline,6,2494,192,245,6-speed automatic (Steptronic),Rear Wheel Drive,8.7,233,9.9,4841,2029,1468,2888,1475
bmw,BMW,5 Series,5 Series Sedan (2003),2003,2007,,525i 6AT RWD (218 HP),Gasoline,6,2497,218,250,6-speed automatic (Steptronic),Rear Wheel Drive,7.9,241,9.4,4844,2029,1491,2888,1470
bmw,BMW,5 Series,5 Series Sedan (2003),2003,2007,,525i 6MT RWD (192 HP),Gasoline,6,2494,192,245,6-speed manual,Rear Wheel Drive,7.9,238,9.4,4841,2029,1468,2888,1465
bmw,BMW,5 Series,5 Series Sedan (2003),2003,2007,,525i 6MT RWD (218 HP),Gasoline,6,2497,218,250,6-speed manual,Rear Wheel Drive,7.5,245,8.5,4844,2029,1491,2888,1450
bmw,BMW,5 Series,5 Series Sedan (2003),2003,2007,,525xi 6AT RWD (218 HP),Gasoline,6,2497,218,250,6-speed automatic (Steptronic),All Wheel Drive,8.4,232,10.3,4844,2029,1491,2888,1580
bmw,BMW,5 Series,5 Series Sedan (2003),2003,2007,,525xi 6MT RWD (218 HP),Gasoline,6,2497,218,250,6-speed manual,All Wheel Drive,8.3,237,9.6,4844,2029,1491,2888,1565
bmw,BMW,5 Series,5 Series Sedan (2003),2003,2007,,530i 6AT RWD (231 HP),Gasoline,6,2979,231,300,6-speed automatic (Steptronic),Rear Wheel Drive,7.1,245,9.9,4841,2029,1468,2888,1480
bmw,BMW,5 Series,5 Series Sedan (2003),2003,2007,,530i 6AT RWD (258 HP),Gasoline,6,2996,258,300,6-speed automatic (Steptronic),Rear Wheel Drive,6.7,249,9.3,4844,2029,1491,2888,1475
bmw,BMW,5 Series,5 Series Sedan (2003),2003,2007,,530i 6MT RWD (231 HP),Gasoline,6,2979,231,300,6-speed manual,Rear Wheel Drive,6.9,250,9.5,4841,2029,1468,2888,1570
bmw,BMW,5 Series,5 Series Sedan (2003),2003,2007,,530i 6MT RWD (258 HP),Gasoline,6,2996,258,300,6-speed manual,Rear Wheel Drive,6.5,250,8.8,4844,2029,1491,2888,1465
bmw,BMW,5 Series,5 Series Sedan (2003),2003,2007,,530xi 6AT RWD (258 HP),Gasoline,6,2996,258,300,6-speed automatic (Steptronic),All Wheel Drive,7.1,248,10.3,4844,2029,1491,2888,1580
bmw,BMW,5 Series,5 Series Sedan (2003),2003,2007,,530xi 6MT RWD (258 HP),Gasoline,6,2996,258,300,6-speed manual,All Wheel Drive,6.8,249,9.7,4844,2029,1491,2888,1565
bmw,BMW,5 Series,5 Series Sedan (2003),2003,2007,,540i V8 6AT RWD (306 HP),Gasoline,8,4000,306,390,6-speed automatic (Steptronic),Rear Wheel Drive,6.3,250,10.4,4841,2029,1468,2888,1625
bmw,BMW,5 Series,5 Series Sedan (2003),2003,2007,,540i V8 6MT RWD (306 HP),Gasoline,8,4000,306,390,6-speed manual,Rear Wheel Drive,6.2,250,11,4841,2029,1468,2888,1725
bmw,BMW,5 Series,5 Series Sedan (2003),2003,2007,,545i V8 6AT RWD (333 HP),Gasoline,8,4398,333,450,6-speed automatic (Steptronic),Rear Wheel Drive,5.9,250,10.6,4841,2029,1468,2888,1610
bmw,BMW,5 Series,5 Series Sedan (2003),2003,2007,,545i V8 6MT RWD (333 HP),Gasoline,8,4398,333,450,6-speed manual,Rear Wheel Drive,5.8,250,10.9,4841,2029,1468,2888,1605
bmw,BMW,5 Series,5 Series Sedan (2003),2003,2007,,550i V8 6AT RWD (367 HP),Gasoline,8,4799,367,490,6-speed automatic (Steptronic),Rear Wheel Drive,5.6,250,10.8,4841,2029,1468,2888,1635
bmw,BMW,5 Series,5 Series Sedan (2003),2003,2007,,550i V8 6MT RWD (367 HP),Gasoline,8,4799,367,490,6-speed manual,Rear Wheel Drive,5.5,250,11.1,4841,2029,1468,2888,1735
bmw,BMW,5 Series,5 Series Sedan (2003),2003,2007,,520d 6AT RWD (163 HP),Diesel,4,1995,163,340,6-speed automatic (Steptronic),Rear Wheel Drive,8.7,224,6.9,4841,2029,1468,2888,1495
bmw,BMW,5 Series,5 Series Sedan (2003),2003,2007,,520d 6MT RWD (163 HP),Diesel,4,1995,163,340,6-speed manual,Rear Wheel Drive,8.6,223,5.9,4841,2029,1468,2888,1585
bmw,BMW,5 Series,5 Series Sedan (2003),2003,2007,,525d 6AT RWD (177 HP),Diesel,6,2497,177,400,6-speed automatic (Steptronic),Rear Wheel Drive,8.3,227,7.8,4841,2029,1468,2888,1570
bmw,BMW,5 Series,5 Series Sedan (2003),2003,2007,,525d 6MT RWD (177 HP),Diesel,6,2497,177,400,6-speed manual,Rear Wheel Drive,8.1,230,6.7,4841,2029,1468,2888,1660
bmw,BMW,5 Series,5 Series Sedan (2003),2003,2007,,530d 6AT RWD (218 HP),Diesel,6,2993,218,500,6-speed automatic (Steptronic),Rear Wheel Drive,8.4,232,10.3,4844,2029,1491,2888,1580
bmw,BMW,5 Series,5 Series Sedan (2003),2003,2007,,530d 6AT RWD (231 HP),Diesel,6,2993,231,500,6-speed automatic (Steptronic),Rear Wheel Drive,6.8,248,7.5,4844,2029,1491,2888,1565
bmw,BMW,5 Series,5 Series Sedan (2003),2003,2007,,530d 6MT RWD (218 HP),Diesel,6,2993,218,500,6-speed manual,Rear Wheel Drive,7.1,245,6.9,4844,2029,1491,2888,1670
bmw,BMW,5 Series,5 Series Sedan (2003),2003,2007,,530d 6MT RWD (231 HP),Diesel,6,2993,231,500,6-speed manual,Rear Wheel Drive,6.8,249,6.7,4844,2029,1491,2888,1565
bmw,BMW,5 Series,5 Series Sedan (2003),2003,2007,,530xd 6AT RWD (231 HP),Diesel,6,2993,231,500,6-speed automatic (Steptronic),All Wheel Drive,6.8,238,8.2,4844,2029,1491,2888,1650
bmw,BMW,5 Series,5 Series Sedan (2003),2003,2007,,530xd 6MT RWD (231 HP),Diesel,6,2993,231,500,6-speed manual,All Wheel Drive,6.6,241,7.6,4844,2029,1491,2888,1635
bmw,BMW,5 Series,5 Series Sedan (2003),2003,2007,,535d 6AT RWD (272 HP),Diesel,6,2993,272,560,6-speed automatic (Steptronic),Rear Wheel Drive,6.5,250,8,4841,2029,1468,2888,1635
bmw,BMW,5 Series,5 Series Sedan (2000),2000,2003,,520i 5AT RWD (170 HP),Gasoline,6,2171,170,210,5-speed automatic (Steptronic),Rear Wheel Drive,10.2,220,9.9,4775,1801,1435,2830,1525
bmw,BMW,5 Series,5 Series Sedan (2000),2000,2003,,520i 5MT RWD (170 HP),Gasoline,6,2171,170,210,5-speed manual,Rear Wheel Drive,9.1,226,9,4775,1801,1435,2830,1570
bmw,BMW,5 Series,5 Series Sedan (2000),2000,2003,,525i 5AT RWD (192 HP),Gasoline,6,2494,192,245,5-speed automatic (Steptronic),Rear Wheel Drive,8.9,232,10.3,4775,1801,1435,2830,1530
bmw,BMW,5 Series,5 Series Sedan (2000),2000,2003,,525i 5MT RWD (192 HP),Gasoline,6,2494,192,245,5-speed manual,Rear Wheel Drive,8.1,238,9.4,4775,1801,1435,2830,1575
bmw,BMW,5 Series,5 Series Sedan (2000),2000,2003,,530i 5AT RWD (231 HP),Gasoline,6,2979,231,300,5-speed automatic (Steptronic),Rear Wheel Drive,7.6,245,10.7,4775,1801,1435,2830,1560
bmw,BMW,5 Series,5 Series Sedan (2000),2000,2003,,530i 5MT RWD (231 HP),Gasoline,6,2979,231,300,5-speed manual,Rear Wheel Drive,7.1,250,9.5,4775,1801,1435,2830,1605
bmw,BMW,5 Series,5 Series Sedan (2000),2000,2003,,535i 5AT RWD (245 HP),Gasoline,8,3498,245,345,5-speed automatic (Steptronic),Rear Wheel Drive,7.6,246,11.8,4775,1801,1435,2830,1655
bmw,BMW,5 Series,5 Series Sedan (2000),2000,2003,,540i 5AT RWD (286 HP),Gasoline,8,4398,286,440,5-speed automatic (Steptronic),Rear Wheel Drive,6.4,249,12.3,4775,1801,1435,2830,1660
bmw,BMW,5 Series,5 Series Sedan (2000),2000,2003,,520d 5MT RWD (136 HP),Diesel,4,1951,136,280,5-speed manual,Rear Wheel Drive,10.6,206,5.9,4775,1801,1435,2830,1565
bmw,BMW,5 Series,5 Series Sedan (2000),2000,2003,,525d 5AT RWD (163 HP),Diesel,6,2497,163,350,5-speed automatic (Steptronic),Rear Wheel Drive,9.1,219,8.1,4775,1801,1435,2830,1605
bmw,BMW,5 Series,5 Series Sedan (2000),2000,2003,,525d 5MT RWD (163 HP),Diesel,6,2497,163,350,5-speed manual,Rear Wheel Drive,8.9,219,6.7,4775,1801,1435,2830,1670
bmw,BMW,5 Series,5 Series Sedan (2000),2000,2003,,530d 5AT RWD (193 HP),Diesel,6,2926,193,410,5-speed automatic (Steptronic),Rear Wheel Drive,8,230,8.3,4775,1801,1435,2830,1635
bmw,BMW,5 Series,5 Series Sedan (2000),2000,2003,,530d 5MT RWD (193 HP),Diesel,6,2926,193,410,5-speed manual,Rear Wheel Drive,7.8,230,7.1,4775,1801,1435,2830,1700
bmw,BMW,5 Series,5 Series Sedan (1995),1995,2000,,520i 5AT RWD (150 HP),Gasoline,6,1991,150,190,5-speed automatic (Steptronic),Rear Wheel Drive,11.5,209,9.9,4780,1801,1440,2830,1475
bmw,BMW,5 Series,5 Series Sedan (1995),1995,2000,,520i 5MT RWD (150 HP),Gasoline,6,1991,150,190,5-speed manual,Rear Wheel Drive,10.2,220,9,4780,1801,1440,2830,1445
bmw,BMW,5 Series,5 Series Sedan (1995),1995,2000,,523i 5AT RWD (170 HP),Gasoline,6,2495,170,245,5-speed automatic (Steptronic),Rear Wheel Drive,9.6,225,10.3,4780,1801,1440,2830,1480
bmw,BMW,5 Series,5 Series Sedan (1995),1995,2000,,523i 5MT RWD (170 HP),Gasoline,6,2495,170,245,5-speed manual,Rear Wheel Drive,8.5,228,9.4,4780,1801,1440,2830,1450
bmw,BMW,5 Series,5 Series Sedan (1995),1995,2000,,528i 5AT RWD (193 HP),Gasoline,6,2793,193,280,5-speed automatic (Steptronic),Rear Wheel Drive,8.8,233,10.7,4780,1801,1440,2830,1505
bmw,BMW,5 Series,5 Series Sedan (1995),1995,2000,,528i 5MT RWD (193 HP),Gasoline,6,2793,193,280,5-speed manual,Rear Wheel Drive,7.5,236,9.9,4780,1801,1440,2830,1475
bmw,BMW,5 Series,5 Series Sedan (1995),1995,2000,,535i 5AT RWD (245 HP),Gasoline,8,3498,245,345,5-speed automatic (Steptronic),Rear Wheel Drive,7.4,246,11.8,4780,1801,1440,2830,1630
bmw,BMW,5 Series,5 Series Sedan (1995),1995,2000,,540i 5AT RWD (286 HP),Gasoline,8,4398,286,440,5-speed automatic (Steptronic),Rear Wheel Drive,6.4,250,12.1,4780,1801,1440,2830,1635
bmw,BMW,5 Series,5 Series Sedan (1995),1995,2000,,520d 5MT RWD (136 HP),Diesel,4,1951,136,280,5-speed manual,Rear Wheel Drive,10.6,206,5.9,4780,1801,1440,2830,1465
bmw,BMW,5 Series,5 Series Sedan (1995),1995,2000,,525d 4AT RWD (163 HP),Diesel,6,2497,163,350,4-speed automatic,Rear Wheel Drive,9.1,219,8.1,4780,1801,1440,2830,1560
bmw,BMW,5 Series,5 Series Sedan (1995),1995,2000,,525d 5MT RWD (163 HP),Diesel,6,2497,163,350,5-speed manual,Rear Wheel Drive,8.9,219,6.7,4780,1801,1440,2830,1550
bmw,BMW,5 Series,5 Series Sedan (1995),1995,2000,,525td 5MT RWD (115 HP),Diesel,6,2498,116,230,5-speed manual,Rear Wheel Drive,11.9,198,7.9,4780,1801,1440,2830,1480
bmw,BMW,5 Series,5 Series Sedan (1995),1995,2000,,525tds 5AT RWD (143 HP),Diesel,6,2498,143,280,5-speed automatic (Steptronic),Rear Wheel Drive,11,204,9.4,4780,1801,1440,2830,1515
bmw,BMW,5 Series,5 Series Sedan (1995),1995,2000,,525tds 5MT RWD (143 HP),Diesel,6,2498,143,280,5-speed manual,Rear Wheel Drive,10.4,211,8.3,4780,1801,1440,2830,1485
bmw,BMW,5 Series,5 Series Sedan (1995),1995,2000,,530d 4AT RWD (184 HP),Diesel,6,2926,184,390,4-speed automatic,Rear Wheel Drive,8.4,225,8.3,4780,1801,1440,2830,1560
bmw,BMW,5 Series,5 Series Sedan (1995),1995,2000,,530d 5MT RWD (184 HP),Diesel,6,2926,184,390,5-speed manual,Rear Wheel Drive,8,225,7.2,4780,1801,1440,2830,1550
bmw,BMW,5 Series,5 Series Sedan (1988),1988,1995,,518i 4AT RWD (115 HP),Gasoline,4,1796,115,165,4-speed automatic,Rear Wheel Drive,14.1,192,9,4719,1750,1410,2761,1400
bmw,BMW,5 Series,5 Series Sedan (1988),1988,1995,,518i 5MT RWD (115 HP),Gasoline,4,1796,115,165,5-speed manual,Rear Wheel Drive,12.8,192,8.6,4719,1750,1410,2761,1330
bmw,BMW,5 Series,5 Series Sedan (1988),1988,1995,,520i 4AT RWD (129 HP),Gasoline,6,1991,129,174,4-speed automatic,Rear Wheel Drive,13.9,198,10.3,4719,1750,1410,2761,1420
bmw,BMW,5 Series,5 Series Sedan (1988),1988,1995,,520i 5AT RWD (150 HP),Gasoline,6,1991,150,190,5-speed automatic,Rear Wheel Drive,12,208,9.7,4719,1750,1410,2761,1480
bmw,BMW,5 Series,5 Series Sedan (1988),1988,1995,,520i 5MT RWD (129 HP),Gasoline,6,1991,129,174,5-speed manual,Rear Wheel Drive,11.8,203,10.1,4719,1750,1410,2761,1400
bmw,BMW,5 Series,5 Series Sedan (1988),1988,1995,,520i 5MT RWD (150 HP),Gasoline,6,1991,150,190,5-speed manual,Rear Wheel Drive,10,211,9.8,4719,1750,1410,2761,1425
bmw,BMW,5 Series,5 Series Sedan (1988),1988,1995,,525i 4AT RWD (192 HP),Gasoline,6,2494,192,245,4-speed automatic,Rear Wheel Drive,9.9,225,9.8,4719,1750,1410,2761,1495
bmw,BMW,5 Series,5 Series Sedan (1988),1988,1995,,525i 4AT RWD (170 HP),Gasoline,6,2494,170,222,4-speed automatic,Rear Wheel Drive,11.3,217,9.8,4719,1750,1410,2761,1470
bmw,BMW,5 Series,5 Series Sedan (1988),1988,1995,,525i 5MT RWD (170 HP),Gasoline,6,2494,170,222,5-speed manual,Rear Wheel Drive,9.5,221,9.5,4719,1750,1410,2761,1450
bmw,BMW,5 Series,5 Series Sedan (1988),1988,1995,,525i 5MT RWD (192 HP),Gasoline,6,2494,192,245,5-speed manual,Rear Wheel Drive,8.6,230,9.7,4719,1750,1410,2761,1480
bmw,BMW,5 Series,5 Series Sedan (1988),1988,1995,,525ix 5AT RWD (192 HP),Gasoline,6,2494,192,245,5-speed automatic,All Wheel Drive,10.8,217,10.2,4719,1750,1410,2761,1605
bmw,BMW,5 Series,5 Series Sedan (1988),1988,1995,,525ix 5MT RWD (192 HP),Gasoline,6,2494,192,245,5-speed manual,All Wheel Drive,9.5,220,10.3,4719,1750,1410,2761,1570
bmw,BMW,5 Series,5 Series Sedan (1988),1988,1995,,530i 4AT RWD (188 HP),Gasoline,6,2986,188,260,4-speed automatic,Rear Wheel Drive,10.8,224,11.1,4719,1750,1410,2761,1530
bmw,BMW,5 Series,5 Series Sedan (1988),1988,1995,,530i 5AT RWD (218 HP),Gasoline,8,2997,218,290,5-speed automatic,Rear Wheel Drive,8.8,232,10.5,4719,1750,1410,2761,1595
bmw,BMW,5 Series,5 Series Sedan (1988),1988,1995,,530i 5MT RWD (188 HP),Gasoline,6,2986,188,260,5-speed manual,Rear Wheel Drive,8.6,227,10.8,4719,1750,1410,2761,1510
bmw,BMW,5 Series,5 Series Sedan (1988),1988,1995,,530i 5MT RWD (218 HP),Gasoline,8,2997,218,290,5-speed manual,Rear Wheel Drive,7.7,235,10.8,4719,1750,1410,2761,1565
bmw,BMW,5 Series,5 Series Sedan (1988),1988,1995,,535i 4AT RWD (211 HP),Gasoline,6,3430,211,249,4-speed automatic,Rear Wheel Drive,9.1,232,11.5,4719,1750,1412,2761,1545
bmw,BMW,5 Series,5 Series Sedan (1988),1988,1995,,535i 5MT RWD (211 HP),Gasoline,6,3430,211,249,5-speed manual,Rear Wheel Drive,7.7,235,11,4719,1750,1412,2761,1525
bmw,BMW,5 Series,5 Series Sedan (1988),1988,1995,,540i 5AT RWD (286 HP),Gasoline,8,3982,286,400,5-speed automatic,Rear Wheel Drive,6.8,249,11.5,4719,1750,1412,2761,1650
bmw,BMW,5 Series,5 Series Sedan (1988),1988,1995,,540i 6MT RWD (286 HP),Gasoline,8,3982,286,400,6-speed manual,Rear Wheel Drive,6.3,249,11.4,4719,1750,1412,2761,1605
bmw,BMW,5 Series,5 Series Sedan (1988),1988,1995,,524 TD 4AT RWD (115 HP),Diesel,6,2443,116,220,4-speed automatic,Rear Wheel Drive,13.9,190,7.3,4719,1750,1410,2761,1500
bmw,BMW,5 Series,5 Series Sedan (1988),1988,1995,,524 TD 5MT RWD (115 HP),Diesel,6,2443,116,220,5-speed manual,Rear Wheel Drive,12.9,192,7.1,4719,1750,1410,2761,1480
bmw,BMW,5 Series,5 Series Sedan (1988),1988,1995,,525 TD 4AT RWD (115 HP),Diesel,6,2498,115,222,4-speed automatic,Rear Wheel Drive,13.9,190,7.3,4719,1750,1410,2761,1500
bmw,BMW,5 Series,5 Series Sedan (1988),1988,1995,,525 TD 5MT RWD (115 HP),Diesel,6,2498,115,222,5-speed manual,Rear Wheel Drive,12.9,194,7.1,4719,1750,1410,2761,1498
bmw,BMW,5 Series,5 Series Sedan (1988),1988,1995,,525 TDS 4AT RWD (143 HP),Diesel,6,2498,143,260,4-speed automatic,Rear Wheel Drive,11.6,204,7.2,4719,1750,1410,2761,1515
bmw,BMW,5 Series,5 Series Sedan (1988),1988,1995,,525 TDS 5MT RWD (143 HP),Diesel,6,2498,143,260,5-speed manual,Rear Wheel Drive,11,208,7,4719,1750,1410,2761,1513
bmw,BMW,5 Series,5 Series Sedan (1981),1981,1988,,518 4MT RWD (90 HP),Gasoline,4,1766,90,140,4-speed manual,Rear Wheel Drive,14,164,9.2,4620,1699,1415,2624,1160
bmw,BMW,5 Series,5 Series Sedan (1981),1981,1988,,518 5MT RWD (90 HP),Gasoline,4,1766,90,140,5-speed manual,Rear Wheel Drive,14,164,8.7,4620,1699,1415,2624,1160
bmw,BMW,5 Series,5 Series Sedan (1981),1981,1988,,518i 5MT RWD (102 HP),Gasoline,4,1766,102,135,5-speed manual,Rear Wheel Drive,13.7,172,9.3,4620,1699,1415,2624,1160
bmw,BMW,5 Series,5 Series Sedan (1981),1981,1988,,520i 3AT RWD (125 HP),Gasoline,6,1990,125,165,3-speed automatic,Rear Wheel Drive,14.4,179,9.9,4620,1699,1415,2624,1230
bmw,BMW,5 Series,5 Series Sedan (1981),1981,1988,,520i 4MT RWD (125 HP),Gasoline,6,1990,125,165,4-speed manual,Rear Wheel Drive,11.8,185,9.8,4620,1699,1415,2624,1220
bmw,BMW,5 Series,5 Series Sedan (1981),1981,1988,,520i 5MT RWD (125 HP),Gasoline,6,1990,125,165,5-speed manual,Rear Wheel Drive,11.8,185,9.2,4620,1699,1415,2624,1220
bmw,BMW,5 Series,5 Series Sedan (1981),1981,1988,,525e 4AT RWD (125 HP),Gasoline,6,2693,125,240,4-speed automatic,Rear Wheel Drive,12.3,180,8.3,4620,1699,1415,2624,1270
bmw,BMW,5 Series,5 Series Sedan (1981),1981,1988,,525e 4AT RWD (129 HP),Gasoline,6,2693,129,240,4-speed automatic,Rear Wheel Drive,12.3,183,8.1,4620,1699,1415,2624,1290
bmw,BMW,5 Series,5 Series Sedan (1981),1981,1988,,525e 5MT RWD (125 HP),Gasoline,6,2693,125,240,5-speed manual,Rear Wheel Drive,10.7,185,8.3,4620,1699,1415,2624,1250
bmw,BMW,5 Series,5 Series Sedan (1981),1981,1988,,525e 5MT RWD (129 HP),Gasoline,6,2693,129,240,5-speed manual,Rear Wheel Drive,10.7,188,8.1,4620,1699,1415,2624,1270
bmw,BMW,5 Series,5 Series Sedan (1981),1981,1988,,525i 3AT RWD (150 HP),Gasoline,6,2494,150,215,3-speed automatic,Rear Wheel Drive,12.5,190,11.1,4620,1699,1415,2624,1300
bmw,BMW,5 Series,5 Series Sedan (1981),1981,1988,,525i 4MT RWD (150 HP),Gasoline,6,2494,150,215,4-speed manual,Rear Wheel Drive,9.9,196,10.7,4620,1699,1415,2624,1290
bmw,BMW,5 Series,5 Series Sedan (1981),1981,1988,,525i 5MT RWD (150 HP),Gasoline,6,2494,150,215,5-speed manual,Rear Wheel Drive,9.9,196,10.1,4620,1699,1415,2624,1290
bmw,BMW,5 Series,5 Series Sedan (1981),1981,1988,,528e 3AT RWD (122 HP),Gasoline,6,2693,122,231,3-speed automatic,Rear Wheel Drive,13,180,10.2,4620,1699,1415,2624,1363
bmw,BMW,5 Series,5 Series Sedan (1981),1981,1988,,528e 5MT RWD (122 HP),Gasoline,6,2693,122,231,5-speed manual,Rear Wheel Drive,11.5,183,9.4,4620,1699,1415,2624,1343
bmw,BMW,5 Series,5 Series Sedan (1981),1981,1988,,528i 3AT RWD (184 HP),Gasoline,6,2788,184,240,3-speed automatic,Rear Wheel Drive,11,203,11.4,4620,1699,1415,2624,1320
bmw,BMW,5 Series,5 Series Sedan (1981),1981,1988,,528i 5MT RWD (184 HP),Gasoline,6,2788,184,240,5-speed manual,Rear Wheel Drive,8.9,209,10.1,4620,1699,1415,2624,1320
bmw,BMW,5 Series,5 Series Sedan (1981),1981,1988,,535i 4AT RWD (218 HP),Gasoline,6,3430,218,310,4-speed automatic,Rear Wheel Drive,8.9,219,10.3,4620,1699,1415,2624,1390
bmw,BMW,5 Series,5 Series Sedan (1981),1981,1988,,535i 5MT RWD (218 HP),Gasoline,6,3430,218,310,5-speed manual,Rear Wheel Drive,7.2,225,10.4,4620,1699,1415,2624,1370
bmw,BMW,5 Series,5 Series Sedan (1981),1981,1988,,524td 4AT RWD (115 HP),Diesel,6,2443,115,210,4-speed automatic,Rear Wheel Drive,13.6,175,7.2,4620,1699,1415,2624,1320
bmw,BMW,5 Series,5 Series Sedan (1981),1981,1988,,524td 5MT RWD (115 HP),Diesel,6,2443,115,210,5-speed manual,Rear Wheel Drive,12.9,180,7.1,4620,1699,1415,2624,1300
bmw,BMW,5 Series,5 Series Sedan (1972),1972,1981,,518 3AT RWD (90 HP),Gasoline,4,1776,90,142,3-speed automatic,Rear Wheel Drive,16,154,12,4618,1689,1420,2639,1240
bmw,BMW,5 Series,5 Series Sedan (1972),1972,1981,,518 4MT RWD (90 HP),Gasoline,4,1776,90,142,4-speed manual,Rear Wheel Drive,14,160,9.5,4618,1689,1420,2639,1240
bmw,BMW,5 Series,5 Series Sedan (1972),1972,1981,,520 3AT RWD (115 HP),Gasoline,6,1990,115,162,3-speed automatic,Rear Wheel Drive,13,171,14,4618,1689,1420,2639,1260
bmw,BMW,5 Series,5 Series Sedan (1972),1972,1981,,520 4MT RWD (115 HP),Gasoline,6,1990,115,162,4-speed manual,Rear Wheel Drive,11.8,175,10.7,4618,1689,1420,2639,1310
bmw,BMW,5 Series,5 Series Sedan (1972),1972,1981,,520i 3AT RWD (130 HP),Gasoline,4,1990,130,178,3-speed automatic,Rear Wheel Drive,12.3,180,11.5,4618,1689,1420,2639,1260
bmw,BMW,5 Series,5 Series Sedan (1972),1972,1981,,520i 4MT RWD (130 HP),Gasoline,4,1990,130,178,4-speed manual,Rear Wheel Drive,11.1,183,9.9,4618,1689,1420,2639,1250
bmw,BMW,5 Series,5 Series Sedan (1972),1972,1981,,525 3AT RWD (145 HP),Gasoline,6,2494,145,208,3-speed automatic,Rear Wheel Drive,11.8,185,12,4618,1689,1420,2639,1370
bmw,BMW,5 Series,5 Series Sedan (1972),1972,1981,,525 4MT RWD (145 HP),Gasoline,6,2494,145,208,4-speed manual,Rear Wheel Drive,10.1,193,10.5,4618,1689,1420,2639,1350
bmw,BMW,5 Series,5 Series Sedan (1972),1972,1981,,528 3AT RWD (165 HP),Gasoline,6,2788,165,233,3-speed automatic,Rear Wheel Drive,10.7,190,13,4618,1689,1420,2639,1405
bmw,BMW,5 Series,5 Series Sedan (1972),1972,1981,,528 4MT RWD (165 HP),Gasoline,6,2788,165,233,4-speed manual,Rear Wheel Drive,9.5,198,10.8,4618,1689,1420,2639,1385
bmw,BMW,5 Series,5 Series Sedan (1972),1972,1981,,528i 3AT RWD (177 HP),Gasoline,6,2788,177,235,3-speed automatic,Rear Wheel Drive,11.7,200,12.2,4618,1689,1420,2639,1430
bmw,BMW,5 Series,5 Series Sedan (1972),1972,1981,,528i 4MT RWD (177 HP),Gasoline,6,2788,177,235,4-speed manual,Rear Wheel Drive,9.3,208,10.6,4618,1689,1420,2639,1410
bmw,BMW,5 Series,5 Series Sedan (1972),1972,1981,,530i 3AT RWD (178 HP),Gasoline,6,2986,178,251,3-speed automatic,Rear Wheel Drive,11,180,14.7,4618,1689,1420,2639,1425
bmw,BMW,5 Series,5 Series Sedan (1972),1972,1981,,530i 4MT RWD (178 HP),Gasoline,6,2986,178,251,4-speed manual,Rear Wheel Drive,9.3,200,13.8,4618,1689,1420,2639,1560
bmw,BMW,5 Series Gran Turismo,5 Series Gran Turismo (2013),2013,2017,,535i 8AT RWD (306 HP),Gasoline,6,2979,306,400,"8-speed, Automatic",Rear Wheel Drive,6.3,249,8.9,4996,1900,1557,3068,2015
bmw,BMW,5 Series Gran Turismo,5 Series Gran Turismo (2013),2013,2017,,535i xDrive 8AT AWD (306 HP),Gasoline,6,2979,306,400,"Automatic, 8 Speed",All Wheel Drive,6.3,249,9.3,4999,1900,1560,3071,1995
bmw,BMW,5 Series Gran Turismo,5 Series Gran Turismo (2013),2013,2017,,550i 8AT RWD (450 HP),Gasoline,8,4395,449,649,Eight-speed automatic transmission with Steptronic function,Rear Wheel Drive,5,249,9,4996,1900,1557,3068,2015
bmw,BMW,5 Series Gran Turismo,5 Series Gran Turismo (2013),2013,2017,,550i xDrive 8AT AWD (450 HP),Gasoline,8,4395,449,649,Eight-speed automatic transmission with Steptronic function,All Wheel Drive,4.8,249,9.4,4999,1900,1560,3071,2130
bmw,BMW,5 Series Gran Turismo,5 Series Gran Turismo (2013),2013,2017,,520d 8AT RWD (184 HP),Diesel,4,1995,184,380,Eight-speed automatic transmission with Steptronic function,Rear Wheel Drive,8.9,212,5.3,4996,1900,1557,3068,1875
bmw,BMW,5 Series Gran Turismo,5 Series Gran Turismo (2013),2013,2017,,530d 8AT RWD (258 HP),Diesel,6,2993,258,560,"8-speed, Automatic",Rear Wheel Drive,6.2,245,5.7,4996,1900,1557,3068,2035
bmw,BMW,5 Series Gran Turismo,5 Series Gran Turismo (2013),2013,2017,,530d xDrive 8AT AWD (258 HP),Diesel,6,2993,258,560,"8-speed, Automatic",Rear Wheel Drive,6.2,241,6.2,4996,1900,1557,3068,2035
bmw,BMW,5 Series Gran Turismo,5 Series Gran Turismo (2013),2013,2017,,535d 8AT RWD (313 HP),Diesel,6,2993,313,630,"8-speed, Automatic",Rear Wheel Drive,5.7,249,5.7,4996,1900,1557,3068,2035
bmw,BMW,5 Series Gran Turismo,5 Series Gran Turismo (2013),2013,2017,,535d xDrive 8AT AWD (313 HP),Diesel,6,2993,313,630,Eight-speed automatic transmission with Steptronic function,All Wheel Drive,5.6,249,6.4,4999,1900,1560,3071,2035
bmw,BMW,5 Series Gran Turismo,5 Series Gran Turismo (2009),2009,2013,,535i 8AT RWD (306 HP),Gasoline,6,2979,306,400,8-speed automatic (Steptronic),Rear Wheel Drive,6.3,249,8.9,4996,1900,1557,3068,2015
bmw,BMW,5 Series Gran Turismo,5 Series Gran Turismo (2009),2009,2013,,535i 8AT RWD (315 HP),Gasoline,6,2979,320,400,8-speed automatic (Steptronic),Rear Wheel Drive,6.3,249,8.1,4996,1900,1557,3068,2015
bmw,BMW,5 Series Gran Turismo,5 Series Gran Turismo (2009),2009,2013,,535i xDrive 8AT AWD (306 HP),Gasoline,6,2979,306,400,8-speed automatic (Steptronic),All Wheel Drive,6.3,249,9.3,4999,1900,1560,3071,1995
bmw,BMW,5 Series Gran Turismo,5 Series Gran Turismo (2009),2009,2013,,535i xDrive 8AT AWD (315 HP),Gasoline,6,2979,320,400,8-speed automatic (Steptronic),All Wheel Drive,6.3,249,8.4,4999,1900,1560,3071,1995
bmw,BMW,5 Series Gran Turismo,5 Series Gran Turismo (2009),2009,2013,,550i 8AT RWD (408 HP),Gasoline,8,4395,408,601,8-speed automatic (Steptronic),Rear Wheel Drive,5.5,249,11.2,4996,1900,1557,3068,2015
bmw,BMW,5 Series Gran Turismo,5 Series Gran Turismo (2009),2009,2013,,550i 8AT RWD (450 HP),Gasoline,8,4395,450,649,8-speed automatic (Steptronic),Rear Wheel Drive,5,249,9,4996,1900,1557,3068,2015
bmw,BMW,5 Series Gran Turismo,5 Series Gran Turismo (2009),2009,2013,,550i xDrive 8AT AWD (408 HP),Gasoline,8,4395,408,599,8-speed automatic (Steptronic),All Wheel Drive,5.4,249,11.8,4999,1900,1560,3071,2130
bmw,BMW,5 Series Gran Turismo,5 Series Gran Turismo (2009),2009,2013,,550i xDrive 8AT AWD (450 HP),Gasoline,8,4395,450,649,8-speed automatic (Steptronic),All Wheel Drive,4.8,249,9.4,4999,1900,1560,3071,2130
bmw,BMW,5 Series Gran Turismo,5 Series Gran Turismo (2009),2009,2013,,520d 8AT RWD (184 HP),Diesel,4,1995,184,380,8-speed automatic (Steptronic),Rear Wheel Drive,8.9,212,5.3,4996,1900,1557,3068,1875
bmw,BMW,5 Series Gran Turismo,5 Series Gran Turismo (2009),2009,2013,,530d 8AT RWD (245 HP),Diesel,6,2993,245,540,8-speed automatic (Steptronic),Rear Wheel Drive,6.9,240,6.5,4996,1900,1557,3068,2035
bmw,BMW,5 Series Gran Turismo,5 Series Gran Turismo (2009),2009,2013,,530d 8AT RWD (258 HP),Diesel,6,2993,258,560,8-speed automatic (Steptronic),Rear Wheel Drive,6.2,245,5.7,4996,1900,1557,3068,2035
bmw,BMW,5 Series Gran Turismo,5 Series Gran Turismo (2009),2009,2013,,530d xDrive 8AT AWD (245 HP),Diesel,6,2993,245,540,8-speed automatic (Steptronic),All Wheel Drive,6.9,235,6.9,4999,1900,1560,3071,2015
bmw,BMW,5 Series Gran Turismo,5 Series Gran Turismo (2009),2009,2013,,530d xDrive 8AT AWD (258 HP),Diesel,6,2993,258,560,8-speed automatic (Steptronic),Rear Wheel Drive,6.2,241,6.2,4996,1900,1557,3068,2035
bmw,BMW,5 Series Gran Turismo,5 Series Gran Turismo (2009),2009,2013,,535d 8AT RWD (300 HP),Diesel,6,2993,300,599,8-speed automatic (Steptronic),Rear Wheel Drive,6.1,249,6.7,4999,1900,1557,3071,1970
bmw,BMW,5 Series Gran Turismo,5 Series Gran Turismo (2009),2009,2013,,535d 8AT RWD (313 HP),Diesel,6,2993,313,630,8-speed automatic (Steptronic),Rear Wheel Drive,5.7,249,5.7,4996,1900,1557,3068,2035
bmw,BMW,5 Series Gran Turismo,5 Series Gran Turismo (2009),2009,2013,,535d xDrive 8AT AWD (300 HP),Diesel,6,2993,299,599,8-speed automatic (Steptronic),All Wheel Drive,6,249,7.1,4999,1900,1560,3071,2035
bmw,BMW,5 Series Gran Turismo,5 Series Gran Turismo (2009),2009,2013,,535d xDrive 8AT AWD (313 HP),Diesel,6,2993,313,630,8-speed automatic (Steptronic),All Wheel Drive,5.6,249,6.4,4999,1900,1560,3071,2035
bmw,BMW,6 Series,6 Series Convertible (2015),2015,2018,,640i 8AT RWD (320 HP),Gasoline,6,2979,320,450,8-speed automatic (Steptronic),Rear Wheel Drive,5.5,249,7.6,4895,1895,1364,2855,1820
bmw,BMW,6 Series,6 Series Convertible (2015),2015,2018,,640i xDrive 8AT AWD (320 HP),Gasoline,6,2979,320,450,8-speed automatic (Steptronic),All Wheel Drive,5.4,249,8,4895,1895,1364,2855,1890
bmw,BMW,6 Series,6 Series Convertible (2015),2015,2018,,650i 8AT RWD (450 HP),Gasoline,8,4395,450,649,8-speed automatic (Steptronic),Rear Wheel Drive,4.6,249,8.9,4895,1895,1364,2855,1930
bmw,BMW,6 Series,6 Series Convertible (2015),2015,2018,,650i xDrive 8AT AWD (450 HP),Gasoline,8,4395,450,649,8-speed automatic (Steptronic),All Wheel Drive,4.5,249,9.3,4895,1895,1364,2855,1980
bmw,BMW,6 Series,6 Series Convertible (2015),2015,2018,,640d 8AT RWD (313 HP),Diesel,6,2993,313,630,8-speed automatic (Steptronic),Rear Wheel Drive,5.5,249,5.4,4895,1895,1364,2855,1860
bmw,BMW,6 Series,6 Series Convertible (2015),2015,2018,,640d xDrive 8AT AWD (313 HP),Diesel,6,2993,313,630,8-speed automatic (Steptronic),All Wheel Drive,5.3,249,5.6,4895,1895,1364,2855,1930
bmw,BMW,6 Series,6 Series Convertible (2012),2012,2015,,640i 8AT RWD (320 HP),Gasoline,6,2979,320,450,8-speed automatic (Steptronic),Rear Wheel Drive,5.7,249,7.9,4895,1895,1364,2855,1840
bmw,BMW,6 Series,6 Series Convertible (2012),2012,2015,,640i xDrive 8AT AWD (320 HP),Gasoline,6,2979,320,450,8-speed automatic (Steptronic),All Wheel Drive,5.2,249,8.1,4895,1895,1364,2855,1765
bmw,BMW,6 Series,6 Series Convertible (2012),2012,2015,,650i 8AT RWD (407 HP),Gasoline,8,4395,408,601,"Automatic, 8 Speed",Rear Wheel Drive,5,249,10.6,4895,1895,1364,2855,1940
bmw,BMW,6 Series,6 Series Convertible (2012),2012,2015,,650i 8AT RWD (450 HP),Gasoline,8,4395,449,649,8-speed automatic (Steptronic),Rear Wheel Drive,4.6,249,8.6,4895,1895,1364,2855,1795
bmw,BMW,6 Series,6 Series Convertible (2012),2012,2015,,650i xDrive 8AT AWD (407 HP),Gasoline,8,4395,408,601,8-speed automatic (Steptronic),All Wheel Drive,4.9,249,11.4,4895,1895,1364,2855,1985
bmw,BMW,6 Series,6 Series Convertible (2012),2012,2015,,650i xDrive 8AT AWD (450 HP),Gasoline,8,4395,449,649,8-speed automatic (Steptronic),All Wheel Drive,4.4,249,9.2,4895,1895,1364,2855,1855
bmw,BMW,6 Series,6 Series Convertible (2012),2012,2015,,640d 8AT RWD (313 HP),Diesel,6,2993,313,630,8-speed automatic (Steptronic),Rear Wheel Drive,5.6,249,5.6,4895,1895,1364,2855,1860
bmw,BMW,6 Series,6 Series Convertible (2012),2012,2015,,640d xDrive 8AT AWD (313 HP),Diesel,6,2993,313,630,8-speed automatic (Steptronic),All Wheel Drive,5.4,249,5.9,4895,1895,1364,2855,1930
bmw,BMW,6 Series,6 Series Convertible (2007),2007,2010,,630i 6AT RWD (272 HP),Gasoline,6,2996,272,320,6-speed automatic Steptronic,Rear Wheel Drive,7,249,8.1,4818,1859,1369,2779,1750
bmw,BMW,6 Series,6 Series Convertible (2007),2007,2010,,630i 6MT RWD (272 HP),Gasoline,6,2996,272,320,6-Speed manual,Rear Wheel Drive,6.9,250,9.6,4818,1859,1369,2779,1685
bmw,BMW,6 Series,6 Series Convertible (2007),2007,2010,,650i 6MT RWD (367 HP),Gasoline,8,4799,367,490,6-Speed manual,Rear Wheel Drive,5.7,250,12.9,4818,1859,1369,2779,1825
bmw,BMW,6 Series,6 Series Convertible (2007),2007,2010,,650i V8 6AT RWD (367 HP),Gasoline,8,4799,367,490,6-speed automatic,Rear Wheel Drive,5.6,250,10.9,4818,1859,1369,2779,1860
bmw,BMW,6 Series,6 Series Convertible (2007),2007,2010,,635d 6AT RWD (286 HP),Diesel,6,2993,286,580,6-Speed automatic,Rear Wheel Drive,6.6,250,7.2,4818,1859,1369,2779,1835
bmw,BMW,6 Series,6 Series Convertible (2004),2004,2007,,630Ci 6MT RWD (258 HP),Gasoline,6,2996,258,300,6-Speed manual,Rear Wheel Drive,6.9,250,9.6,4821,1854,1374,2779,1890
bmw,BMW,6 Series,6 Series Convertible (2004),2004,2007,,645Ci 6MT RWD (333 HP),Gasoline,8,4398,333,450,6-Speed manual,Rear Wheel Drive,6.1,250,12.8,4821,1854,1374,2779,1790
bmw,BMW,6 Series,6 Series Convertible (2004),2004,2007,,650Ci 6MT RWD (367 HP),Gasoline,8,4799,367,490,6-Speed manual,Rear Wheel Drive,5.7,250,12.9,4821,1854,1374,2779,1925
bmw,BMW,6 Series,6 Series Coupe (2015),2015,2018,,640i 8AT RWD (320 HP),Gasoline,6,2979,321,450,8-speed automatic (Steptronic),Rear Wheel Drive,5.3,249,7.7,4895,4895,1369,2855,1685
bmw,BMW,6 Series,6 Series Coupe (2015),2015,2018,,640i xDrive 8AT AWD (320 HP),Gasoline,6,2979,321,450,8-speed automatic (Steptronic),All Wheel Drive,5.2,249,8,4895,4895,1369,2855,1765
bmw,BMW,6 Series,6 Series Coupe (2015),2015,2018,,650i 8AT RWD (450 HP),Gasoline,8,4395,450,649,8-speed automatic (Steptronic),Rear Wheel Drive,4.6,249,8.6,4895,4895,1369,2855,1795
bmw,BMW,6 Series,6 Series Coupe (2015),2015,2018,,650i xDrive 8AT AWD (450 HP),Gasoline,8,4395,450,649,8-speed automatic (Steptronic),All Wheel Drive,4.4,249,9.1,4895,4895,1369,2855,1855
bmw,BMW,6 Series,6 Series Coupe (2015),2015,2018,,640d 8AT RWD (313 HP),Diesel,6,2993,313,630,8-speed automatic (Steptronic),Rear Wheel Drive,5.3,249,5.2,4895,4895,1369,2855,1740
bmw,BMW,6 Series,6 Series Coupe (2015),2015,2018,,640d xDrive 8AT AWD (313 HP),Diesel,6,2993,313,630,8-speed automatic (Steptronic),All Wheel Drive,5.1,249,5.5,4895,4895,1369,2855,1795
bmw,BMW,6 Series,6 Series Coupe (2011),2011,2015,,640i 8AT RWD (320 HP),Gasoline,6,2979,320,450,8-speed automatic (Steptronic),Rear Wheel Drive,5.4,249,7.6,4895,1895,1369,2855,1735
bmw,BMW,6 Series,6 Series Coupe (2011),2011,2015,,640i xDrive 8AT AWD (320 HP),Gasoline,6,2979,320,450,8-speed automatic (Steptronic),All Wheel Drive,5.2,249,8.1,4895,1895,1369,2855,1765
bmw,BMW,6 Series,6 Series Coupe (2011),2011,2015,,650i 8AT RWD (407 HP),Gasoline,8,4395,408,601,8-speed automatic (Steptronic),Rear Wheel Drive,4.9,249,10.5,4895,1895,1369,2855,1770
bmw,BMW,6 Series,6 Series Coupe (2011),2011,2015,,650i 8AT RWD (450 HP),Gasoline,8,4395,449,649,8-speed automatic (Steptronic),Rear Wheel Drive,4.6,249,8.6,4895,1895,1369,2855,1795
bmw,BMW,6 Series,6 Series Coupe (2011),2011,2015,,650i xDrive 8AT AWD (407 HP),Gasoline,8,4395,408,601,8-speed automatic (Steptronic),All Wheel Drive,4.8,249,11.3,4895,1895,1369,2855,1845
bmw,BMW,6 Series,6 Series Coupe (2011),2011,2015,,650i xDrive 8AT AWD (450 HP),Gasoline,8,4395,408,599,8-speed automatic (Steptronic),All Wheel Drive,4.4,249,5.9,4895,1895,1369,2855,1855
bmw,BMW,6 Series,6 Series Coupe (2011),2011,2015,,640d 8AT RWD (313 HP),Diesel,6,2993,313,630,8-speed automatic (Steptronic),Rear Wheel Drive,5.5,250,5.4,4895,1895,1369,2855,1715
bmw,BMW,6 Series,6 Series Coupe (2011),2011,2015,,640d xDrive 8AT AWD (313 HP),Diesel,6,2993,313,630,8-speed automatic (Steptronic),Rear Wheel Drive,5.2,249,5.7,4895,1895,1369,2855,1795
bmw,BMW,6 Series,6 Series Coupe (2007),2007,2011,,630i 6AT RWD (272 HP),Gasoline,6,2996,272,320,6-speed automatic,Rear Wheel Drive,6.6,249,9.5,4818,1859,1369,2779,1495
bmw,BMW,6 Series,6 Series Coupe (2007),2007,2011,,630i 6MT RWD (272 HP),Gasoline,6,2996,272,320,6-speed manual,Rear Wheel Drive,6.2,250,7.9,4818,1859,1369,2779,1505
bmw,BMW,6 Series,6 Series Coupe (2007),2007,2011,,650i 6AT RWD (367 HP),Gasoline,8,4799,367,489,6-speed automatic,Rear Wheel Drive,5.5,250,12.3,4818,1859,1369,2779,1645
bmw,BMW,6 Series,6 Series Coupe (2007),2007,2011,,650i 6MT RWD (367 HP),Gasoline,8,4799,367,489,6-speed manual,Rear Wheel Drive,5.4,250,11.7,4818,1859,1369,2779,1625
bmw,BMW,6 Series,6 Series Coupe (2007),2007,2011,,635d 6AT RWD (286 HP),Diesel,6,2993,286,580,6-speed automatic,Rear Wheel Drive,6.3,250,6.9,4818,1859,1369,2779,1625
bmw,BMW,6 Series,6 Series Coupe (2003),2003,2007,,630 Ci 6MT RWD (258 HP),Gasoline,6,2996,258,300,6-speed manual,Rear Wheel Drive,6.5,250,9,4821,1854,1374,2779,1690
bmw,BMW,6 Series,6 Series Coupe (2003),2003,2007,,645 Ci V8 6MT RWD (333 HP),Gasoline,8,4398,333,450,6-speed manual,Rear Wheel Drive,5.6,250,11.7,4821,1854,1374,2779,1690
bmw,BMW,6 Series,6 Series Coupe (2003),2003,2007,,650 Ci V8 6MT RWD (367 HP),Gasoline,8,4799,367,490,6-speed manual,Rear Wheel Drive,5.4,250,11.9,4821,1854,1374,2779,1715
bmw,BMW,6 Series,6 Series Coupe (1978),1978,1989,,3.5L 5MT (218 HP),Gasoline,6,3453,218,304,5-Speed manual,Rear Wheel Drive,7.5,225,,4755,1753,1384,2624,1501
bmw,BMW,6 Series,6 Series Coupe (1976),1976,1979,,3.0L 4MT (185 HP),Gasoline,6,2986,185,255,4-Speed manual,Rear Wheel Drive,,211,,4755,1753,1384,2624,1450
bmw,BMW,6 Series Gran,6 Series Gran Coupe (2015),2015,2018,,640i 8AT RWD (320 HP),Gasoline,6,2979,321,450,8-speed automatic (Steptronic),Rear Wheel Drive,5.4,249,7.5,5006,1895,1392,2969,1750
bmw,BMW,6 Series Gran,6 Series Gran Coupe (2015),2015,2018,,640i xDrive 8AT AWD (320 HP),Gasoline,6,2979,321,450,8-speed automatic (Steptronic),All Wheel Drive,5.3,249,7.9,5006,1895,1392,2969,1825
bmw,BMW,6 Series Gran,6 Series Gran Coupe (2015),2015,2018,,650i 8AT RWD (450 HP),Gasoline,8,4395,450,649,8-speed automatic (Steptronic),Rear Wheel Drive,4.6,249,8.8,5006,1895,1392,2969,1865
bmw,BMW,6 Series Gran,6 Series Gran Coupe (2015),2015,2018,,650i xDrive 8AT AWD (450 HP),Gasoline,8,4395,450,649,8-speed automatic (Steptronic),All Wheel Drive,4.4,249,9.2,5006,1895,1392,2969,1940
bmw,BMW,6 Series Gran,6 Series Gran Coupe (2015),2015,2018,,640d 8AT RWD (313 HP),Diesel,6,2993,313,630,8-speed automatic (Steptronic),Rear Wheel Drive,5.4,249,5.4,5006,1895,1392,2969,1810
bmw,BMW,6 Series Gran,6 Series Gran Coupe (2015),2015,2018,,640d xDrive 8AT AWD (313 HP),Diesel,6,2993,313,630,8-speed automatic (Steptronic),All Wheel Drive,5.2,249,5.6,5006,1895,1392,2969,1870
bmw,BMW,6 Series Gran,6 Series Gran Coupe (2012),2012,2015,,640i 8AT RWD (320 HP),Gasoline,6,2979,320,450,8-speed automatic (Steptronic),Rear Wheel Drive,5.4,249,7.6,5006,1895,1392,2969,1750
bmw,BMW,6 Series Gran,6 Series Gran Coupe (2012),2012,2015,,640i xDrive 8AT AWD (320 HP),Gasoline,6,2979,320,450,8-speed automatic (Steptronic),All Wheel Drive,5.3,249,8.1,5006,1895,1392,2969,1825
bmw,BMW,6 Series Gran,6 Series Gran Coupe (2012),2012,2015,,650i 8AT RWD (450 HP),Gasoline,8,4395,449,450,8-speed automatic (Steptronic),Rear Wheel Drive,4.6,249,8.7,5006,1895,1392,2969,1865
bmw,BMW,6 Series Gran,6 Series Gran Coupe (2012),2012,2015,,650i xDrive 8AT AWD (450 HP),Gasoline,8,4395,449,450,8-speed automatic (Steptronic),All Wheel Drive,4.5,249,9,5006,1895,1392,2969,1940
bmw,BMW,6 Series Gran,6 Series Gran Coupe (2012),2012,2015,,640d 8AT RWD (313 HP),Diesel,6,2993,313,630,8-speed automatic (Steptronic),Rear Wheel Drive,5.4,249,5.5,5006,1895,1392,2969,1790
bmw,BMW,6 Series Gran,6 Series Gran Coupe (2012),2012,2015,,640d xDrive 8AT AWD (313 HP),Diesel,6,2993,313,630,8-speed automatic (Steptronic),All Wheel Drive,5.3,249,5.8,5006,1895,1392,2969,1870
bmw,BMW,6 Series Gran Turismo,6 Series Gran Turismo (2020),2020,,,620d 8AT RWD (190 HP),Mild Hybrid Diesel,4,1995,190,400,8-speed automatic,Rear Wheel Drive,7.9,220,4.6,5090,1902,1539,3071,1910
bmw,BMW,6 Series Gran Turismo,6 Series Gran Turismo (2020),2020,,,630d 8AT RWD (286 HP),Mild Hybrid Diesel,6,2993,286,650,8-speed automatic,Rear Wheel Drive,6.1,249,5,5090,1902,1539,3071,2005
bmw,BMW,6 Series Gran Turismo,6 Series Gran Turismo (2020),2020,,,630d xDrive 8AT AWD (286 HP),Mild Hybrid Diesel,6,2993,286,650,8-speed automatic,All Wheel Drive,5.9,249,5.3,5090,1902,1539,3071,2065
bmw,BMW,6 Series Gran Turismo,6 Series Gran Turismo (2020),2020,,,640d xDrive 8AT AWD (340 HP),Mild Hybrid Diesel,6,2993,340,700,8-speed automatic,All Wheel Drive,5.3,249,5.6,5090,1902,1539,3071,2085
bmw,BMW,6 Series Gran Turismo,6 Series Gran Turismo (2020),2020,,,630i 8AT RWD (258 HP),Mild Hybrid,4,1998,258,400,8-speed automatic,Rear Wheel Drive,6.5,249,6.1,5090,1902,1539,3071,1860
bmw,BMW,6 Series Gran Turismo,6 Series Gran Turismo (2020),2020,,,640i 8AT RWD (333 HP),Mild Hybrid,6,2998,333,450,8-speed automatic,Rear Wheel Drive,5.5,249,7,5090,1902,1539,3071,1930
bmw,BMW,6 Series Gran Turismo,6 Series Gran Turismo (2020),2020,,,640i xDrive 8AT AWD (333 HP),Mild Hybrid,6,2998,333,450,8-speed automatic,All Wheel Drive,5.4,249,7.4,5090,1902,1539,3071,1985
bmw,BMW,6 Series Gran Turismo,6 Series Gran Turismo (2017),2017,2020,,630i 8AT RWD (258 HP),Gasoline,4,1998,258,400,8-speed automatic (Steptronic),Rear Wheel Drive,6.3,249,6.2,5090,1902,1539,3071,1795
bmw,BMW,6 Series Gran Turismo,6 Series Gran Turismo (2017),2017,2020,,640i 8AT RWD (340 HP),Gasoline,6,2998,340,450,8-speed automatic (Steptronic),Rear Wheel Drive,5.4,249,7,5090,1902,1539,3071,1845
bmw,BMW,6 Series Gran Turismo,6 Series Gran Turismo (2017),2017,2020,,640i xDrive 8AT AWD (340 HP),Gasoline,6,2998,340,450,8-speed automatic (Steptronic),All Wheel Drive,5.3,249,7.7,5090,1902,1539,3071,1910
bmw,BMW,6 Series Gran Turismo,6 Series Gran Turismo (2017),2017,2020,,620d 8AT RWD (190 HP),Diesel,4,1995,190,400,8-speed automatic (Steptronic),All Wheel Drive,7.9,249,4.9,5090,1902,1539,3071,1955
bmw,BMW,6 Series Gran Turismo,6 Series Gran Turismo (2017),2017,2020,,630d 8AT RWD (265 HP),Diesel,6,2993,265,620,8-speed automatic (Steptronic),Rear Wheel Drive,6.1,249,4.9,5090,1902,1539,3071,1900
bmw,BMW,6 Series Gran Turismo,6 Series Gran Turismo (2017),2017,2020,,630d xDrive 8AT AWD (265 HP),Diesel,6,2993,265,620,8-speed automatic (Steptronic),All Wheel Drive,6,249,5.5,5090,1902,1539,3071,1955
bmw,BMW,6 Series Gran Turismo,6 Series Gran Turismo (2017),2017,2020,,640d xDrive 8AT AWD (320 HP),Diesel,6,2993,320,680,8-speed automatic (Steptronic),All Wheel Drive,5.3,249,6.1,5090,1902,1539,3071,2010
bmw,BMW,7 Series,7 Series (2026),2026,,,740 xDrive MHEV 87AT AWD (400 HP),Mild Hybrid,6,2998,400,540,8-automatic speed Steptronic,All Wheel Drive,5.1,249,,5395,1951,1549,3216,2160
bmw,BMW,7 Series,7 Series (2026),2026,,,740d xDrive MHEV 8AT AWD (313 HP),Mild Hybrid Diesel,6,2993,286,650,8-automatic speed Steptronic,All Wheel Drive,5.7,249,,5395,1951,1549,3216,2230
bmw,BMW,7 Series,7 Series (2026),2026,,,750e PHEV 8AT (489 HP),Plug-in Hybrid,6,2998,313,450,8-automatic speed Steptronic,Rear Wheel Drive,4.8,249,,5395,1951,1549,3216,2435
bmw,BMW,7 Series,7 Series (2026),2026,,,M70e xDrive PHEV 8AT AWD (612 HP),Plug-in Hybrid,6,2998,426,540,8-automatic speed Steptronic,Rear Wheel Drive,4.2,249,,5395,1951,1549,3216,2495
bmw,BMW,7 Series,7 Series (2022),2022,,,760i xDrivre60 AWD 107 KWh,Electric,,,544,,1-Speed automatic,All Wheel Drive,4.7,240,,5390,1951,1544,3216,2640
bmw,BMW,7 Series,7 Series (2022),2022,,,735i 8AT RWD (286 HP),Mild Hybrid,6,2998,272,400,8-speed automatic Steptronic,Rear Wheel Drive,6.7,249,,5390,1951,1544,3216,2075
bmw,BMW,7 Series,7 Series (2022),2022,,,740i 8AT RWD (380 HP),Mild Hybrid,6,2998,380,520,8-speed automatic Steptronic,Rear Wheel Drive,5.4,249,7.8,5390,1951,1544,3216,
bmw,BMW,7 Series,7 Series (2022),2022,,,740d xDrive 8AT AWD (300 HP),Mild Hybrid Diesel,6,2993,286,650,8-speed automatic Steptronic,All Wheel Drive,5.8,249,6.1,5390,1951,1544,3216,2180
bmw,BMW,7 Series,7 Series (2019),2019,2022,,750i xDrive 8AT AWD (530 HP),Gasoline,8,4395,530,750,8-Speed automatic Steptronic,Rear Wheel Drive,4,249,9.5,5121,1902,1468,3071,1965
bmw,BMW,7 Series,7 Series (2019),2019,2022,,750Li xDrive 8AT AWD (530 HP),Gasoline,8,4395,530,750,8-Speed automatic Steptronic,Rear Wheel Drive,4.1,249,9.6,5260,1902,1478,3071,2000
bmw,BMW,7 Series,7 Series (2019),2019,2022,,M760Li xDrive 8AT AWD (585 HP),Gasoline,12,6592,585,850,8-Speed automatic Steptronic,Rear Wheel Drive,3.8,249,12.5,5260,1902,1478,3211,2220
bmw,BMW,7 Series,7 Series (2019),2019,2022,,730d 8AT RWD (265 HP),Diesel,6,2993,265,620,8-Speed automatic Steptronic,Rear Wheel Drive,6.1,249,5.5,5260,1902,1478,3211,2085
bmw,BMW,7 Series,7 Series (2019),2019,2022,,730d xDrive 8AT AWD (265 HP),Diesel,6,2993,265,620,8-Speed automatic Steptronic,Rear Wheel Drive,5.8,249,5.7,5121,1902,1468,3211,1880
bmw,BMW,7 Series,7 Series (2019),2019,2022,,730Ld 8AT RWD (265 HP),Diesel,6,2993,265,620,8-Speed automatic Steptronic,Rear Wheel Drive,6.2,249,5.5,5260,1902,1468,3211,1870
bmw,BMW,7 Series,7 Series (2019),2019,2022,,730Ld xDrive 8AT AWD (265 HP),Diesel,6,2993,265,620,8-Speed automatic Steptronic,Rear Wheel Drive,5.9,249,5.8,5260,1902,1468,3211,1930
bmw,BMW,7 Series,7 Series (2019),2019,2022,,740d xDrive 8AT AWD (320 HP),Diesel,6,2993,320,680,8-Speed automatic Steptronic,Rear Wheel Drive,5.3,249,6,5121,1902,1468,3211,1915
bmw,BMW,7 Series,7 Series (2019),2019,2022,,740Ld xDrive 8AT AWD (320 HP),Diesel,6,2993,320,680,8-Speed automatic Steptronic,Rear Wheel Drive,5.4,249,6,5260,1902,1478,3211,1950
bmw,BMW,7 Series,7 Series (2019),2019,2022,,750d xDrive 8AT AWD (400 HP),Diesel,6,2993,400,760,8-Speed automatic Steptronic,Rear Wheel Drive,4.6,249,6,5121,1902,1468,3071,1950
bmw,BMW,7 Series,7 Series (2019),2019,2022,,745e 8AT RWD (394 HP),Hybrid,6,2998,394,600,8-Speed automatic Steptronic,Rear Wheel Drive,5.2,249,2.2,5121,1902,1468,3071,1995
bmw,BMW,7 Series,7 Series (2019),2019,2022,,745Le 8AT RWD (394 HP),Hybrid,6,2998,394,600,8-Speed automatic Steptronic,Rear Wheel Drive,5.3,249,2.3,5121,1902,1478,3071,2035
bmw,BMW,7 Series,7 Series (2019),2019,2022,,745Le xDrive 8AT AWD (394 HP),Hybrid,6,2998,394,600,8-Speed automatic Steptronic,Rear Wheel Drive,5.1,249,2.6,5260,1902,1478,3211,2085
bmw,BMW,7 Series,7 Series (2019),2019,2022,,740d xDrive 8AT AWD (340 HP),Mild Hybrid Diesel,6,2993,340,700,8-Speed automatic Steptronic,Rear Wheel Drive,5,249,5.4,5121,1902,1468,3211,1915
bmw,BMW,7 Series,7 Series (2019),2019,2022,,740Ld xDrive 8AT AWD (340 HP),Mild Hybrid Diesel,6,2993,340,700,8-Speed automatic Steptronic,Rear Wheel Drive,5,249,5.4,5121,1902,1468,3211,1915
bmw,BMW,7 Series,7 Series (2016),2016,2019,,740i 8AT RWD (326 HP),Gasoline,6,2998,326,450,8-speed automatic (Steptronic),Rear Wheel Drive,5.5,249,6.6,5098,1902,1478,3071,1725
bmw,BMW,7 Series,7 Series (2016),2016,2019,,740Li 8AT RWD (326 HP),Gasoline,6,2998,326,450,8-speed automatic (Steptronic),Rear Wheel Drive,5.6,249,6.6,5237,1902,1478,3071,1770
bmw,BMW,7 Series,7 Series (2016),2016,2019,,750i xDrive 8AT AWD (450 HP),Gasoline,8,4395,450,649,8-speed automatic (Steptronic),All Wheel Drive,4.4,249,8.1,5098,1902,1478,3071,1870
bmw,BMW,7 Series,7 Series (2016),2016,2019,,750Li xDrive 8AT AWD (450 HP),Gasoline,8,4395,450,649,8-speed automatic (Steptronic),All Wheel Drive,4.5,249,8.3,5237,1902,1478,3071,1915
bmw,BMW,7 Series,7 Series (2016),2016,2019,,M760Li xDrive 8AT AWD (610 HP),Gasoline,12,6592,610,800,8-speed automatic (Steptronic),All Wheel Drive,3.7,249,12.8,5237,1902,1478,3211,2255
bmw,BMW,7 Series,7 Series (2016),2016,2019,,730d 8AT RWD (265 HP),Diesel,6,2993,265,620,8-speed automatic (Steptronic),Rear Wheel Drive,6.1,249,4.5,5098,1902,1478,3071,1755
bmw,BMW,7 Series,7 Series (2016),2016,2019,,730d xDrive 8AT AWD (265 HP),Diesel,6,2993,265,620,8-speed automatic (Steptronic),Rear Wheel Drive,5.8,249,4.8,5098,1902,1478,3071,1825
bmw,BMW,7 Series,7 Series (2016),2016,2019,,730Ld 8AT RWD (265 HP),Diesel,6,2993,265,620,8-speed automatic (Steptronic),Rear Wheel Drive,6.2,249,4.6,5237,1902,1478,3071,1795
bmw,BMW,7 Series,7 Series (2016),2016,2019,,730Ld xDrive 8AT AWD (265 HP),Diesel,6,2993,265,620,8-speed automatic (Steptronic),All Wheel Drive,5.9,249,4.8,5237,1902,1478,3071,1870
bmw,BMW,7 Series,7 Series (2016),2016,2019,,740d xDrive 8AT AWD (320 HP),Diesel,6,2993,320,680,8-speed automatic (Steptronic),All Wheel Drive,5.2,249,5.3,5098,1902,1478,3071,1935
bmw,BMW,7 Series,7 Series (2016),2016,2019,,740Ld xDrive 8AT AWD (320 HP),Diesel,6,2993,320,680,8-speed automatic (Steptronic),All Wheel Drive,5.3,249,5.4,5237,1902,1478,3071,1975
bmw,BMW,7 Series,7 Series (2016),2016,2019,,750d xDrive 8AT AWD (400 HP),Diesel,6,2993,400,760,8-speed automatic (Steptronic),All Wheel Drive,4.6,249,5.9,5098,1902,1478,3071,2015
bmw,BMW,7 Series,7 Series (2016),2016,2019,,750Ld xDrive 8AT AWD (400 HP),Diesel,6,2993,400,760,8-speed automatic (Steptronic),All Wheel Drive,4.7,249,5.9,5237,1902,1478,3071,2055
bmw,BMW,7 Series,7 Series (2016),2016,2019,,740e 8AT RWD (326 HP),Hybrid Gasoline,4,1998,258,400,8-speed automatic (Steptronic),Rear Wheel Drive,5.6,240,2.1,5098,1902,1478,3071,1980
bmw,BMW,7 Series,7 Series (2016),2016,2019,,740Le 8AT RWD (326 HP),Hybrid Gasoline,4,1998,258,400,8-speed automatic (Steptronic),Rear Wheel Drive,5.7,240,2.1,5237,1902,1478,3071,2015
bmw,BMW,7 Series,7 Series (2016),2016,2019,,740Le xDrive 8AT AWD (326 HP),Hybrid Gasoline,4,1998,258,400,8-speed automatic (Steptronic),All Wheel Drive,5.5,240,2.3,5237,1902,1478,3071,2070
bmw,BMW,7 Series,7 Series (2012),2012,2016,,730i 8AT RWD (258 HP),Gasoline,6,2996,258,310,8-speed automatic (Steptronic),Rear Wheel Drive,7.4,249,8.7,5080,1902,1471,3071,1765
bmw,BMW,7 Series,7 Series (2012),2012,2016,,730Li 8AT RWD (258 HP),Gasoline,6,2996,258,310,8-speed automatic (Steptronic),Rear Wheel Drive,7.5,249,8.7,5080,1902,1471,3071,1790
bmw,BMW,7 Series,7 Series (2012),2012,2016,,740 Li 8AT RWD (320 HP),Gasoline,6,2979,320,450,8-speed automatic (Steptronic),Rear Wheel Drive,5.7,249,7.8,5220,1902,1481,3211,1895
bmw,BMW,7 Series,7 Series (2012),2012,2016,,740i 8AT RWD (320 HP),Gasoline,6,2979,320,450,8-speed automatic (Steptronic),Rear Wheel Drive,5.7,249,7.8,5080,1902,1471,3071,1825
bmw,BMW,7 Series,7 Series (2012),2012,2016,,750 Li 8AT RWD (449 HP),Gasoline,8,4395,449,649,8-speed automatic (Steptronic),Rear Wheel Drive,4.8,249,9,5220,1902,1481,3211,1960
bmw,BMW,7 Series,7 Series (2012),2012,2016,,750i 8AT RWD (449 HP),Gasoline,8,4395,449,649,8-speed automatic (Steptronic),Rear Wheel Drive,4.8,249,8.7,5080,1902,1471,3071,1940
bmw,BMW,7 Series,7 Series (2012),2012,2016,,750i xDrive 8AT AWD (449 HP),Gasoline,8,4395,449,649,8-speed automatic (Steptronic),All Wheel Drive,4.6,249,9.4,5080,1902,1471,3071,2000
bmw,BMW,7 Series,7 Series (2012),2012,2016,,750Li xDrive 8AT AWD (449 HP),Gasoline,8,4395,449,649,8-speed automatic (Steptronic),All Wheel Drive,4.6,249,9.4,5220,1902,1481,3211,2035
bmw,BMW,7 Series,7 Series (2012),2012,2016,,760i 8AT RWD (544 HP),Gasoline,12,5972,552,750,8-speed automatic (Steptronic),Rear Wheel Drive,4.6,249,13.1,5080,1902,1471,3071,2105
bmw,BMW,7 Series,7 Series (2012),2012,2016,,760Li 8AT RWD (544 HP),Gasoline,12,5972,552,750,8-speed automatic (Steptronic),Rear Wheel Drive,4.6,249,13.1,5220,1902,1481,3071,2105
bmw,BMW,7 Series,7 Series (2012),2012,2016,,730d 8AT RWD (258 HP),Diesel,6,2993,258,560,8-speed automatic (Steptronic),Rear Wheel Drive,6.1,249,5.6,5080,1902,1471,3071,1910
bmw,BMW,7 Series,7 Series (2012),2012,2016,,730d xDrive 8AT AWD (258 HP),Diesel,6,2993,258,560,8-speed automatic (Steptronic),All Wheel Drive,6,249,6,5080,1902,1471,3071,1910
bmw,BMW,7 Series,7 Series (2012),2012,2016,,730Ld 8AT RWD (258 HP),Diesel,6,2993,258,560,8-speed automatic (Steptronic),Rear Wheel Drive,6.2,249,5.6,5220,1902,1481,3211,1910
bmw,BMW,7 Series,7 Series (2012),2012,2016,,740d 8AT RWD (313 HP),Diesel,6,2993,313,649,8-speed automatic (Steptronic),Rear Wheel Drive,5.5,249,5.7,5080,1902,1471,3071,1865
bmw,BMW,7 Series,7 Series (2012),2012,2016,,740d xDrive 8AT AWD (313 HP),Diesel,6,2993,313,649,8-speed automatic (Steptronic),All Wheel Drive,5.4,249,6,5080,1902,1471,3071,1940
bmw,BMW,7 Series,7 Series (2012),2012,2016,,750d xDrive 8AT AWD (381 HP),Diesel,6,2993,386,740,8-speed automatic (Steptronic),All Wheel Drive,4.9,249,6.4,5080,1902,1471,3071,1995
bmw,BMW,7 Series,7 Series (2012),2012,2016,,750Ld xDrive 8AT AWD (381 HP),Diesel,6,2993,386,740,8-speed automatic (Steptronic),All Wheel Drive,4.9,249,6.4,5220,1902,1481,3211,2020
bmw,BMW,7 Series,7 Series (2012),2012,2016,,ActiveHybrid 7 8AT (354 HP),Mild Hybrid,6,2979,320,450,8-speed automatic (Steptronic),Rear Wheel Drive,5.7,249,6.7,5220,1902,1481,3211,1970
bmw,BMW,7 Series,7 Series (2012),2012,2016,,ActiveHybrid 7L 8AT (354 HP),Hybrid Gasoline,6,2979,320,450,8-speed automatic (Steptronic),Rear Wheel Drive,5.7,249,6.7,5220,1902,1481,3211,1995
bmw,BMW,7 Series,7 Series (2008),2008,2012,,730i 8AT RWD (258 HP),Gasoline,6,2996,258,310,8-speed automatic (Steptronic),Rear Wheel Drive,7.4,249,8.7,5072,1902,1478,3071,1765
bmw,BMW,7 Series,7 Series (2008),2008,2012,,740i 6AT RWD (320 HP),Gasoline,6,2979,320,450,6-speed automatic (Steptronic),Rear Wheel Drive,5.9,250,9.9,5072,1902,1478,3071,1860
bmw,BMW,7 Series,7 Series (2008),2008,2012,,740Li 6AT RWD (320 HP),Gasoline,6,2979,320,450,6-speed automatic (Steptronic),Rear Wheel Drive,6,250,10,5212,1902,1478,3211,1870
bmw,BMW,7 Series,7 Series (2008),2008,2012,,750i 6AT RWD (407 HP),Gasoline,8,4395,407,601,6-speed automatic (Steptronic),Rear Wheel Drive,5.2,250,11.4,5072,1902,1478,3071,1920
bmw,BMW,7 Series,7 Series (2008),2008,2012,,750i xDrive 6AT RWD (407 HP),Gasoline,8,4395,408,599,6-speed automatic (Steptronic),All Wheel Drive,5.1,249,11.9,5072,1902,1478,3068,2030
bmw,BMW,7 Series,7 Series (2008),2008,2012,,750Li 6AT RWD (408 HP),Gasoline,8,4395,408,600,6-speed automatic (Steptronic),Rear Wheel Drive,5.3,250,11.4,5212,1902,1478,3211,1955
bmw,BMW,7 Series,7 Series (2008),2008,2012,,750Li xDrive 6AT RWD (407 HP),Gasoline,8,4395,408,599,6-speed automatic (Steptronic),All Wheel Drive,5.1,249,11.9,5212,1902,1478,3211,2035
bmw,BMW,7 Series,7 Series (2008),2008,2012,,760i 8AT RWD (544 HP),Gasoline,12,5972,544,750,8-speed automatic (Steptronic),Rear Wheel Drive,4.6,249,12.9,5072,1902,1473,3068,2105
bmw,BMW,7 Series,7 Series (2008),2008,2012,,760Li 8AT RWD (544 HP),Gasoline,12,5972,544,750,8-speed automatic (Steptronic),Rear Wheel Drive,4.6,249,13.1,5212,1902,1483,3208,2150
bmw,BMW,7 Series,7 Series (2008),2008,2012,,730d 6AT RWD (245 HP),Diesel,6,2993,245,540,6-speed automatic (Steptronic),Rear Wheel Drive,7.2,245,7.2,5072,1902,1478,3071,1840
bmw,BMW,7 Series,7 Series (2008),2008,2012,,730Ld 6AT RWD (245 HP),Diesel,6,2993,245,540,6-speed automatic (Steptronic),Rear Wheel Drive,7.3,245,6.9,5212,1902,1478,3211,1900
bmw,BMW,7 Series,7 Series (2008),2008,2012,,740d 6AT RWD (306 HP),Diesel,6,2993,306,599,6-speed automatic (Steptronic),Rear Wheel Drive,6.3,249,6.9,5072,1902,1478,3068,1875
bmw,BMW,7 Series,7 Series (2008),2008,2012,,740d xDrive 8AT RWD (306 HP),Diesel,6,2993,306,599,8-speed automatic (Steptronic),All Wheel Drive,6,249,7,5072,1902,1478,3071,1950
bmw,BMW,7 Series,7 Series (2008),2008,2012,,ActiveHybrid 7 8AT RWD (465 HP),Hybrid,8,4395,449,650,8-speed automatic (Steptronic),Rear Wheel Drive,4.9,249,9.4,5072,1902,1486,3071,2045
bmw,BMW,7 Series,7 Series (2008),2008,2012,,ActiveHybrid 7L 8AT RWD (465 HP),Hybrid,8,4395,449,650,8-speed automatic (Steptronic),Rear Wheel Drive,4.9,249,9.4,5212,1902,1486,3211,2070
bmw,BMW,7 Series,7 Series (2005),2005,2007,,730i 6AT RWD (258 HP),Gasoline,6,2996,258,300,6-speed automatic (Steptronic),Rear Wheel Drive,7.8,243,10.1,5039,1902,1491,2990,1805
bmw,BMW,7 Series,7 Series (2005),2005,2007,,730Li 6AT RWD (258 HP),Gasoline,6,2996,258,300,6-speed automatic (Steptronic),Rear Wheel Drive,7.9,245,10.1,5179,1902,1491,3129,1810
bmw,BMW,7 Series,7 Series (2005),2005,2007,,740i 6AT RWD (306 HP),Gasoline,8,4000,306,390,6-speed automatic (Steptronic),Rear Wheel Drive,6.8,250,11.2,5039,1902,1491,2990,1895
bmw,BMW,7 Series,7 Series (2005),2005,2007,,740Li 6AT RWD (306 HP),Gasoline,8,4000,306,390,6-speed automatic (Steptronic),Rear Wheel Drive,7.5,249,10.9,5179,1902,1491,3129,1910
bmw,BMW,7 Series,7 Series (2005),2005,2007,,750i 6AT RWD (362 HP),Gasoline,8,4799,367,490,6-speed automatic (Steptronic),Rear Wheel Drive,5.9,250,11.4,5039,1902,1491,2990,1910
bmw,BMW,7 Series,7 Series (2005),2005,2007,,750Li 6AT RWD (362 HP),Gasoline,8,4799,367,490,6-speed automatic (Steptronic),Rear Wheel Drive,6,250,11.5,5179,1902,1491,3129,1925
bmw,BMW,7 Series,7 Series (2005),2005,2007,,760i 6AT RWD (445 HP),Gasoline,12,5972,445,600,6-speed automatic (Steptronic),Rear Wheel Drive,5.5,250,13.4,5039,1902,1491,2990,2105
bmw,BMW,7 Series,7 Series (2005),2005,2007,,760Li 6AT RWD (445 HP),Gasoline,12,5972,445,600,6-speed automatic (Steptronic),Rear Wheel Drive,5.6,250,13.6,5179,1902,1491,3129,2155
bmw,BMW,7 Series,7 Series (2005),2005,2007,,730d 6AT RWD (231 HP),Diesel,6,2993,231,520,6-speed automatic (Steptronic),Rear Wheel Drive,7.8,238,8.2,5039,1902,1491,2990,1900
bmw,BMW,7 Series,7 Series (2005),2005,2007,,730Ld 6AT RWD (231 HP),Diesel,6,2993,231,520,6-speed automatic (Steptronic),Rear Wheel Drive,7.9,238,8.2,5179,1902,1491,3129,1915
bmw,BMW,7 Series,7 Series (2005),2005,2007,,745d 6AT RWD (299 HP),Diesel,8,4423,299,700,6-speed automatic (Steptronic),Rear Wheel Drive,6.8,250,9.5,5039,1902,1491,2990,2040
bmw,BMW,7 Series,7 Series (2001),2001,2005,,730i 6AT RWD (231 HP),Gasoline,6,2979,231,300,6-speed automatic (Steptronic),Rear Wheel Drive,8.1,237,10.6,5029,1902,1491,2990,1790
bmw,BMW,7 Series,7 Series (2001),2001,2005,,730Li 6AT RWD (231 HP),Gasoline,6,2979,231,300,6-speed automatic (Steptronic),Rear Wheel Drive,8.3,237,10.8,5169,1902,1491,3129,1745
bmw,BMW,7 Series,7 Series (2001),2001,2005,,735i 6AT RWD (272 HP),Gasoline,8,3600,272,360,6-speed automatic (Steptronic),Rear Wheel Drive,7.5,250,10.7,5029,1902,1491,2990,1835
bmw,BMW,7 Series,7 Series (2001),2001,2005,,735Li 6AT RWD (272 HP),Gasoline,8,3600,272,360,6-speed automatic (Steptronic),Rear Wheel Drive,7.5,250,11.2,5169,1902,1491,3129,1900
bmw,BMW,7 Series,7 Series (2001),2001,2005,,745i 6AT RWD (333 HP),Gasoline,8,4398,333,450,6-speed automatic (Steptronic),Rear Wheel Drive,6.3,250,10.9,5029,1902,1491,2990,1845
bmw,BMW,7 Series,7 Series (2001),2001,2005,,745Li 6AT RWD (333 HP),Gasoline,8,4398,333,450,6-speed automatic (Steptronic),Rear Wheel Drive,6.3,250,11.6,5169,1902,1491,3129,1910
bmw,BMW,7 Series,7 Series (2001),2001,2005,,760i 6AT RWD (445 HP),Gasoline,12,5972,445,600,6-speed automatic (Steptronic),Rear Wheel Drive,5.5,250,13.4,5029,1902,1491,2990,2090
bmw,BMW,7 Series,7 Series (2001),2001,2005,,760Li 6AT RWD (445 HP),Gasoline,12,5972,445,600,6-speed automatic (Steptronic),Rear Wheel Drive,5.6,250,13.6,5169,1902,1491,3129,2075
bmw,BMW,7 Series,7 Series (2001),2001,2005,,730d 6AT RWD (218 HP),Diesel,6,2993,218,500,6-speed automatic (Steptronic),Rear Wheel Drive,8,235,8.5,5029,1902,1491,2990,1900
bmw,BMW,7 Series,7 Series (2001),2001,2005,,740d 6AT RWD (259 HP),Diesel,8,3901,258,600,6-speed automatic (Steptronic),Rear Wheel Drive,7.4,250,9.7,5029,1902,1491,2990,2015
bmw,BMW,7 Series,7 Series (1998),1998,2001,,728i 5AT RWD (193 HP),Gasoline,6,2793,193,280,5-speed automatic (Steptronic),Rear Wheel Drive,9.6,225,11.1,4983,1862,1435,2931,1740
bmw,BMW,7 Series,7 Series (1998),1998,2001,,728i 5MT RWD (193 HP),Gasoline,6,2793,193,280,5-speed manual,Rear Wheel Drive,8.6,225,10,4983,1862,1435,2931,1710
bmw,BMW,7 Series,7 Series (1998),1998,2001,,728iL 5AT RWD (193 HP),Gasoline,6,2793,193,280,5-speed automatic (Steptronic),Rear Wheel Drive,9.6,225,11.1,5123,1862,1435,3071,1765
bmw,BMW,7 Series,7 Series (1998),1998,2001,,735i 5AT RWD (238 HP),Gasoline,8,3498,238,345,5-speed automatic (Steptronic),Rear Wheel Drive,8.2,243,12.1,4983,1862,1435,2931,1810
bmw,BMW,7 Series,7 Series (1998),1998,2001,,735iL 5AT RWD (238 HP),Gasoline,8,3498,238,345,5-speed automatic (Steptronic),Rear Wheel Drive,8.2,243,12.1,5123,1862,1435,3071,1845
bmw,BMW,7 Series,7 Series (1998),1998,2001,,740i 5AT RWD (286 HP),Gasoline,8,4398,286,400,5-speed automatic (Steptronic),Rear Wheel Drive,7,250,12.5,4983,1862,1435,2931,1965
bmw,BMW,7 Series,7 Series (1998),1998,2001,,740iL 5AT RWD (286 HP),Gasoline,8,4398,286,400,5-speed automatic (Steptronic),Rear Wheel Drive,7,250,12.5,5123,1862,1435,3071,1890
bmw,BMW,7 Series,7 Series (1998),1998,2001,,750i 5AT RWD (326 HP),Gasoline,12,5379,326,490,5-speed automatic (Steptronic),Rear Wheel Drive,6.6,250,13.6,4983,1862,1435,2931,1960
bmw,BMW,7 Series,7 Series (1998),1998,2001,,750iL 5AT RWD (326 HP),Gasoline,12,5379,326,490,5-speed automatic (Steptronic),Rear Wheel Drive,6.6,250,13.6,5123,1862,1435,3071,1995
bmw,BMW,7 Series,7 Series (1998),1998,2001,,725 tds 5AT RWD (143 HP),Diesel,6,2498,143,280,5-speed automatic (Steptronic),Rear Wheel Drive,12.2,203,9,4983,1862,1435,2931,1730
bmw,BMW,7 Series,7 Series (1998),1998,2001,,725tds 5MT RWD (143 HP),Diesel,6,2498,143,280,5-speed manual,Rear Wheel Drive,11.5,206,8.2,4983,1862,1435,2931,1720
bmw,BMW,7 Series,7 Series (1998),1998,2001,,730d 5AT RWD (184 HP),Diesel,6,2926,184,410,5-speed automatic,Rear Wheel Drive,9.2,220,8.7,4983,1862,1435,2931,1805
bmw,BMW,7 Series,7 Series (1998),1998,2001,,730d 5AT RWD (193 HP),Diesel,6,2926,193,410,5-speed automatic,Rear Wheel Drive,9.2,220,8.7,4983,1862,1435,2931,1805
bmw,BMW,7 Series,7 Series (1998),1998,2001,,740d 5AT RWD (238 HP),Diesel,8,3901,238,560,5-speed automatic,Rear Wheel Drive,8.4,242,9.8,4983,1862,1435,2931,1935
bmw,BMW,7 Series,7 Series (1997),1997,2001,,5.4L V12 5AT RWD (326 HP),Gasoline,12,5379,326,490,5-speed automatic,Rear Wheel Drive,6.8,250,15.1,5370,1859,1420,3320,2120
bmw,BMW,7 Series,7 Series (1994),1994,1998,,728i 5AT RWD (193 HP),Gasoline,6,2793,193,280,5-speed automatic (Steptronic),Rear Wheel Drive,9.6,225,11.1,4981,1859,1420,2931,1700
bmw,BMW,7 Series,7 Series (1994),1994,1998,,728i 5MT RWD (193 HP),Gasoline,6,2793,193,280,5-speed manual,Rear Wheel Drive,8.6,227,10.3,4981,1859,1420,2931,1670
bmw,BMW,7 Series,7 Series (1994),1994,1998,,728iL 5AT RWD (193 HP),Gasoline,6,2793,193,280,5-speed automatic (Steptronic),Rear Wheel Drive,9.6,225,11.1,5123,1859,1420,3071,1725
bmw,BMW,7 Series,7 Series (1994),1994,1998,,730i 5AT RWD (218 HP),Gasoline,8,2997,218,290,5-speed automatic (Steptronic),Rear Wheel Drive,9.7,233,10.5,4981,1859,1420,2931,1755
bmw,BMW,7 Series,7 Series (1994),1994,1998,,730i 5MT RWD (218 HP),Gasoline,8,2997,218,290,5-speed manual,Rear Wheel Drive,8.3,235,10.8,4981,1859,1420,2931,1725
bmw,BMW,7 Series,7 Series (1994),1994,1998,,730iL 5AT RWD (218 HP),Gasoline,8,2997,218,290,5-speed automatic (Steptronic),Rear Wheel Drive,9.7,233,10.5,5123,1859,1420,3071,1780
bmw,BMW,7 Series,7 Series (1994),1994,1998,,730iL 5MT RWD (218 HP),Gasoline,8,2997,218,290,5-speed manual,Rear Wheel Drive,8.3,235,10.8,5123,1859,1420,3071,1750
bmw,BMW,7 Series,7 Series (1994),1994,1998,,735i 5AT RWD (235 HP),Gasoline,8,3498,235,320,5-speed automatic (Steptronic),Rear Wheel Drive,8.4,240,12.6,4981,1859,1420,2931,1790
bmw,BMW,7 Series,7 Series (1994),1994,1998,,735i 5MT RWD (235 HP),Gasoline,8,3498,235,320,5-speed manual,Rear Wheel Drive,7.6,244,12.3,4981,1859,1420,2931,1745
bmw,BMW,7 Series,7 Series (1994),1994,1998,,735iL 5AT RWD (235 HP),Gasoline,8,3498,235,320,5-speed automatic (Steptronic),Rear Wheel Drive,8.4,240,12.6,5123,1859,1420,3071,1825
bmw,BMW,7 Series,7 Series (1994),1994,1998,,740i 5AT RWD (286 HP),Gasoline,8,3982,286,400,5-speed automatic (Steptronic),Rear Wheel Drive,7.4,250,11.5,4981,1859,1420,2931,1780
bmw,BMW,7 Series,7 Series (1994),1994,1998,,740i 5MT RWD (286 HP),Gasoline,8,3982,286,400,5-speed manual,Rear Wheel Drive,6.9,250,11.8,4981,1859,1420,2931,1790
bmw,BMW,7 Series,7 Series (1994),1994,1998,,740iL 5AT RWD (286 HP),Gasoline,8,3982,286,400,5-speed automatic (Steptronic),Rear Wheel Drive,7.4,250,11.5,5123,1859,1420,3071,1865
bmw,BMW,7 Series,7 Series (1994),1994,1998,,750i 4AT RWD (326 HP),Gasoline,12,5379,326,490,4-speed automatic,Rear Wheel Drive,6.6,250,11.9,4981,1859,1420,2931,1960
bmw,BMW,7 Series,7 Series (1994),1994,1998,,750i 5AT RWD (326 HP),Gasoline,12,5379,326,490,5-speed automatic (Steptronic),Rear Wheel Drive,6.6,250,11.9,4981,1859,1420,2931,1960
bmw,BMW,7 Series,7 Series (1994),1994,1998,,750iL 5AT RWD (326 HP),Gasoline,12,5379,326,490,5-speed automatic (Steptronic),Rear Wheel Drive,6.6,250,11.9,5123,1859,1420,3071,1995
bmw,BMW,7 Series,7 Series (1994),1994,1998,,725 tds 5AT RWD (143 HP),Diesel,6,2498,143,280,5-speed automatic (Steptronic),Rear Wheel Drive,12.2,203,9,4981,1859,1420,2931,1730
bmw,BMW,7 Series,7 Series (1994),1994,1998,,725 tds 5MT RWD (143 HP),Diesel,6,2498,143,280,5-speed manual,Rear Wheel Drive,11.4,206,7.9,4981,1859,1420,2931,1710
bmw,BMW,7 Series,7 Series (1986),1986,1994,,730i 4AT RWD (188 HP),Gasoline,6,2996,188,260,4-speed automatic,Rear Wheel Drive,11.3,212,11.2,4910,1844,1412,2832,1600
bmw,BMW,7 Series,7 Series (1986),1986,1994,,730i 5MT RWD (188 HP),Gasoline,6,2996,188,260,5-speed manual,Rear Wheel Drive,9.4,220,11.1,4910,1844,1412,2832,1600
bmw,BMW,7 Series,7 Series (1986),1986,1994,,730i V8 5AT RWD (218 HP),Gasoline,8,2997,218,290,5-speed automatic,Rear Wheel Drive,9.3,230,10.9,4910,1844,1412,2832,1730
bmw,BMW,7 Series,7 Series (1986),1986,1994,,730i V8 5MT RWD (218 HP),Gasoline,8,2997,218,290,5-speed manual,Rear Wheel Drive,8.5,233,11.1,4910,1844,1412,2832,1700
bmw,BMW,7 Series,7 Series (1986),1986,1994,,735i 4AT RWD (211 HP),Gasoline,6,3430,211,305,4-speed automatic,Rear Wheel Drive,9.8,222,11.6,4910,1844,1412,2832,1630
bmw,BMW,7 Series,7 Series (1986),1986,1994,,735i 5MT RWD (211 HP),Gasoline,6,3430,211,305,5-speed manual,Rear Wheel Drive,8.3,230,11.4,4910,1844,1412,2832,1600
bmw,BMW,7 Series,7 Series (1986),1986,1994,,735iL 4AT RWD (211 HP),Gasoline,6,3430,211,305,4-speed automatic,Rear Wheel Drive,9.1,230,12.1,5024,1844,1412,2946,1680
bmw,BMW,7 Series,7 Series (1986),1986,1994,,735iL 5MT RWD (211 HP),Gasoline,6,3430,211,305,5-speed manual,Rear Wheel Drive,8.3,230,11.4,5024,1844,1412,2946,1650
bmw,BMW,7 Series,7 Series (1986),1986,1994,,740i 5AT RWD (286 HP),Gasoline,8,3982,286,400,5-speed automatic,Rear Wheel Drive,7.4,240,11.9,4910,1844,1412,2832,1790
bmw,BMW,7 Series,7 Series (1986),1986,1994,,740iL 5AT FWD (286 HP),Gasoline,8,3982,286,400,5-speed automatic,Rear Wheel Drive,7.4,240,11.9,5024,1844,1412,2946,1830
bmw,BMW,7 Series,7 Series (1986),1986,1994,,750i 4AT RWD (300 HP),Gasoline,12,4988,299,450,4-speed automatic,Rear Wheel Drive,7.4,250,13.2,4910,1844,1412,2832,1830
bmw,BMW,7 Series,7 Series (1986),1986,1994,,750iL 4AT RWD (300 HP),Gasoline,12,4988,300,450,4-speed automatic,Rear Wheel Drive,7.4,249,13.5,5024,1844,1412,2946,1860
bmw,BMW,7 Series,7 Series (1977),1977,1986,,725 3AT RWD (150 HP),Gasoline,6,2494,150,211,3-speed automatic,Rear Wheel Drive,13,183,15,4859,1798,1430,2799,1550
bmw,BMW,7 Series,7 Series (1977),1977,1986,,725 4MT RWD (150 HP),Gasoline,6,2494,150,211,4-speed manual,Rear Wheel Drive,11,187,13.5,4859,1798,1430,2799,1530
bmw,BMW,7 Series,7 Series (1977),1977,1986,,728 3AT RWD (170 HP),Gasoline,6,2788,170,233,3-speed automatic,Rear Wheel Drive,11.9,187,12.5,4859,1798,1430,2799,1550
bmw,BMW,7 Series,7 Series (1977),1977,1986,,728 4MT RWD (170 HP),Gasoline,6,2788,170,233,4-speed manual,Rear Wheel Drive,10.1,192,11.5,4859,1798,1430,2799,1530
bmw,BMW,7 Series,7 Series (1977),1977,1986,,728i 4MT RWD (184 HP),Gasoline,6,2788,184,240,4-speed manual,Rear Wheel Drive,9.5,196,12.6,4859,1798,1430,2799,1480
bmw,BMW,7 Series,7 Series (1977),1977,1986,,728i 5MT RWD (184 HP),Gasoline,6,2788,184,240,5-speed manual,Rear Wheel Drive,8.6,196,12,4859,1798,1430,2799,1490
bmw,BMW,7 Series,7 Series (1977),1977,1986,,730 3AT RWD (184 HP),Gasoline,6,2986,184,255,3-speed automatic,Rear Wheel Drive,11.3,195,12.9,4859,1798,1430,2799,1600
bmw,BMW,7 Series,7 Series (1977),1977,1986,,730 4MT RWD (184 HP),Gasoline,6,2986,184,255,4-speed manual,Rear Wheel Drive,9.6,200,11.9,4859,1798,1430,2799,1580
bmw,BMW,7 Series,7 Series (1977),1977,1986,,732i 4MT RWD (197 HP),Gasoline,6,3210,197,285,4-speed manual,Rear Wheel Drive,8.7,205,12.7,4859,1798,1430,2799,1510
bmw,BMW,7 Series,7 Series (1977),1977,1986,,732i 5MT RWD (197 HP),Gasoline,6,3210,197,285,5-speed manual,Rear Wheel Drive,8,204,12,4859,1798,1430,2799,1520
bmw,BMW,7 Series,7 Series (1977),1977,1986,,733i 3MT RWD (177 HP),Gasoline,6,3210,177,255,3-speed automatic,Rear Wheel Drive,12.5,187,12.4,4859,1798,1430,2799,1645
bmw,BMW,7 Series,7 Series (1977),1977,1986,,733i 5MT RWD (177 HP),Gasoline,6,3210,177,255,5-speed manual,Rear Wheel Drive,10,190,12.4,4859,1798,1430,2799,1625
bmw,BMW,7 Series,7 Series (1977),1977,1986,,735i 3AT RWD (218 HP),Gasoline,6,3453,218,310,3-speed automatic,Rear Wheel Drive,9.8,206,13.8,4859,1798,1430,2799,1540
bmw,BMW,7 Series,7 Series (1977),1977,1986,,735i 5MT RWD (218 HP),Gasoline,6,3453,218,310,5-speed manual,Rear Wheel Drive,8,212,13.1,4859,1798,1430,2799,1520
bmw,BMW,7 Series,7 Series (1977),1977,1986,,745i 3AT RWD (252 HP),Gasoline,6,3430,252,380,3-Speed automatic,Rear Wheel Drive,7.8,222,13,4859,1798,1430,2799,1610
bmw,BMW,7 Series,7 Series (1977),1977,1986,,745i 5MT RWD (252 HP),Gasoline,6,3430,252,380,5-speed manual,Rear Wheel Drive,7.5,220,14,4859,1798,1430,2799,1600
bmw,BMW,8 Series,8 Series Convertible (2022),2022,,,840i xDrive,Gasoline,,,,,,,,,,,,,,
bmw,BMW,8 Series,8 Series Convertible (2022),2022,,,840d xDrive,Diesel,,,,,,,,,,,,,,
bmw,BMW,8 Series,8 Series Convertible (2018),2018,2022,,840i 8AT RWD (340 HP),Gasoline,6,2998,340,500,8-speed automatic Steptronic,Rear Wheel Drive,5.3,249,7.3,4844,1902,1339,2822,1830
bmw,BMW,8 Series,8 Series Convertible (2018),2018,2022,,840i xDrive 8AT AWD (340 HP),Gasoline,6,2998,340,500,8-speed automatic Steptronic,All Wheel Drive,4.9,249,7.6,4844,1902,1339,2822,1880
bmw,BMW,8 Series,8 Series Convertible (2018),2018,2022,,M850i xDrive 8AT AWD (530 HP),Gasoline,8,4395,530,750,8-speed automatic Steptronic,Rear Wheel Drive,3.9,249,,4851,1902,1346,2822,2015
bmw,BMW,8 Series,8 Series Convertible (2018),2018,2022,,840d xDrive 8AT AWD (320 HP),Diesel,6,2993,320,680,8-speed automatic Steptronic,Rear Wheel Drive,5.2,249,6.3,4844,1902,1339,2822,2015
bmw,BMW,8 Series,8 Series Coupe (2022),2022,,,840i xDrive AWD (333 HP),Gasoline,6,,333,,,,,,,,,,,
bmw,BMW,8 Series,8 Series Coupe (2018),2018,2022,,840i 8AT AWD (340 HP),Gasoline,6,2993,340,500,8-speed automatic Steptronic,All Wheel Drive,5,249,7.1,4844,1902,1341,2822,1710
bmw,BMW,8 Series,8 Series Coupe (2018),2018,2022,,840i xDrive 8AT AWD (340 HP),Gasoline,6,2993,340,500,8-speed automatic Steptronic,All Wheel Drive,4.7,249,7.4,4844,1902,1341,2822,1770
bmw,BMW,8 Series,8 Series Coupe (2018),2018,2022,,M850i xDrive 8AT AWD (530 HP),Gasoline,8,4395,530,750,8-speed automatic Steptronic,All Wheel Drive,3.7,249,10.5,4851,1902,1346,2822,1965
bmw,BMW,8 Series,8 Series Coupe (2018),2018,2022,,840d xDrive 8AT AWD (320 HP),Diesel,6,2993,320,680,8-speed automatic Steptronic,All Wheel Drive,4.9,249,10.5,4844,1902,1341,2822,1905
bmw,BMW,8 Series,8 Series (1989),1989,1999,,840Ci 5AT RWD (286 HP),Gasoline,8,3982,286,400,5-Speed Automatic,Rear Wheel Drive,7.4,250,11.4,4780,1854,1341,2685,1830
bmw,BMW,8 Series,8 Series (1989),1989,1999,,840Ci 6MT RWD (286 HP),Gasoline,8,3982,286,400,6-Speed manual,Rear Wheel Drive,7.4,250,11.4,4780,1854,1341,2685,1830
bmw,BMW,8 Series,8 Series (1989),1989,1999,,850Ci 5AT RWD (326 HP),Gasoline,12,5379,326,490,5-Speed Automatic,Rear Wheel Drive,6.5,250,13,4780,1854,1341,2685,1880
bmw,BMW,8 Series,8 Series (1989),1989,1999,,850Ci 6MT RWD (326 HP),Gasoline,12,5379,326,490,6-Speed manual,Rear Wheel Drive,6.5,250,13,4780,1854,1341,2685,1792
bmw,BMW,8 Series,8 Series (1989),1989,1999,,850CSi 6MT RWD (380 HP),Gasoline,12,5576,381,550,6-Speed manual,Rear Wheel Drive,6,250,18,4780,1854,1341,2685,1865
bmw,BMW,8 Series,8 Series (1989),1989,1999,,850i 4AT RWD (300 HP),Gasoline,12,4988,300,450,4-Speed Automatic,Rear Wheel Drive,7.4,250,12.9,4780,1854,1341,2685,1790
bmw,BMW,8 Series,8 Series (1989),1989,1999,,850i 6MT RWD (300 HP),Gasoline,12,4988,300,450,6-Speed manual,Rear Wheel Drive,6.8,250,13,4780,1854,1341,2685,1790
bmw,BMW,8 Series Gran,8 Series Gran Coupe (2019),2019,2022,,840i 8AT RWD (340 HP),Gasoline,6,2998,340,500,8-speed automatic Steptronic,Rear Wheel Drive,5.2,249,7.5,5083,1933,1407,3023,1875
bmw,BMW,8 Series Gran,8 Series Gran Coupe (2019),2019,2022,,840i xDrive 8AT AWD (340 HP),Gasoline,6,2998,340,500,8-speed automatic Steptronic,All Wheel Drive,4.9,249,7.8,5083,1933,1407,3023,1930
bmw,BMW,8 Series Gran,8 Series Gran Coupe (2019),2019,2022,,M850i xDrive V8 8AT AWD (530 HP),Gasoline,8,4395,530,750,8-speed automatic Steptronic,All Wheel Drive,3.9,249,10,5083,1933,1407,3023,2070
bmw,BMW,8 Series Gran,8 Series Gran Coupe (2019),2019,2022,,840d xDrive 8AT AWD (320 HP),Diesel,6,2993,320,680,8-speed automatic Steptronic,All Wheel Drive,5.1,249,6.3,5083,1933,1407,3023,2000
bmw,BMW,i3,i3 Sedan (2026),2026,,,50 xDrive 108.7 KWh AWD (463 HP),Electric,,,463,,,All Wheel Drive,,,,4760,1864,1481,2898,
bmw,BMW,i3,i3 (2017),2017,2022,,27 kWh with range extender (170 HP),Hybrid,2,647,38,56,single gear,Front Wheel Drive,8.1,150,0.6,4011,1775,1598,2570,1365
bmw,BMW,i3,i3 (2017),2017,2022,,27 kWh (170 HP),Electric,,,170,250,single gear,Front Wheel Drive,7.3,150,,4011,1775,1598,2570,1245
bmw,BMW,i3,i3 (2017),2017,2022,,27 kWh with range extender (184 HP),Hybrid,2,647,38,56,single gear,Front Wheel Drive,7.7,159,0.7,4006,1791,1590,2570,1385
bmw,BMW,i3,i3 (2017),2017,2022,,42 KWh (184 HP),Hybrid,,,184,,single gear,Rear Wheel Drive,6.9,159,0.7,4006,1791,1590,2570,1290
bmw,BMW,i3,i3 (2017),2017,2022,,27 kWh (184 HP),Electric,,,184,270,Single gear,Front Wheel Drive,6.9,159,,4006,1791,1590,2570,1265
bmw,BMW,i3,i3 (2013),2013,2017,,22 kWh (170 HP),Electric,,,170,,"Automatic, single-speed with fixed ratio",Rear Wheel Drive,7.2,150,,3998,1775,1577,2570,1195
bmw,BMW,i3,i3 (2013),2013,2017,,22 kWh with Range Extender (170 HP),Electric,,,102,,"Automatic, single-speed with fixed ratio",Rear Wheel Drive,7.9,150,0.6,3998,1775,1577,2570,1315
bmw,BMW,i3,i3 (2013),2013,2017,,33 kWh (170 HP),Electric,,,170,,"Automatic, single-speed with fixed ratio",Rear Wheel Drive,7.2,150,,3998,1775,1577,2570,1195
bmw,BMW,i4,i4 (2024),2024,,,eDrive35 RWD (286 HP),Electric,,,286,,,Rear Wheel Drive,6,,,,,,,
bmw,BMW,i4,i4 (2024),2024,,,eDrive40 RWD (340 HP),Electric,,,340,,,Rear Wheel Drive,5.6,,,,,,,
bmw,BMW,i4,i4 (2024),2024,,,M50 xDrive AWD (544 HP),Electric,,,544,,,All Wheel Drive,3.9,,,,,,,
bmw,BMW,i4,i4 (2024),2024,,,xDrive40 AWD (401 HP),Electric,,,401,,,All Wheel Drive,5.1,,,,,,,
bmw,BMW,i4,i4 (2021),2021,2024,,eDrive 40 84 KWh RWD (340 HP),Electric,,,340,,1-Speed automatic,Rear Wheel Drive,5.7,190,,4783,1852,1448,2855,2050
bmw,BMW,i4,i4 (2021),2021,2024,,M50 84 KWh AWD (544 HP),Electric,,,544,,1-Speed automatic,All Wheel Drive,3.9,225,,4783,1852,1448,2855,2215
bmw,BMW,i5,i5 Touring (2024),2024,,,eDrive40 81.2 KWh (340 HP),Electric,,,313,,,,6.1,193,,5060,1900,1514,2995,
bmw,BMW,i5,i5 Touring (2024),2024,,,M60 xDrive 1A AWD 81.2 kWh (601 HP),Electric,,,601,,1-speed automatic,All Wheel Drive,3.9,230,,5060,1900,1514,2995,2350
bmw,BMW,i5,i5 (2023),2023,,,eDrive 40 1AT RWD 81.2 KWh (340 HP),Electric,,,340,,1-speed automatic,Rear Wheel Drive,6,193,,5060,1900,1514,2995,2130
bmw,BMW,i5,i5 (2023),2023,,,M60 xDrive 1A AWD 81.2 kWh (601 HP),Electric,,,601,,1-speed automatic,All Wheel Drive,3.8,230,,5060,1900,1514,2995,2305
bmw,BMW,i7,i7 (2026),2026,,,50 xDrive 112.5 KWh AWD (455 HP),Electric,,,455,,,All Wheel Drive,5.5,209,,5395,1951,1549,3216,2695
bmw,BMW,i7,i7 (2026),2026,,,60 xDrive 112.5 KWh AWD (544 HP),Electric,,,544,,,All Wheel Drive,4.8,240,,5395,1951,1549,3216,2695
bmw,BMW,i7,i7 (2026),2026,,,M70 xDrive 112.4 KWh AWD (680 HP),Electric,,,680,,,All Wheel Drive,3.8,249,,5395,1951,1549,3216,2770
bmw,BMW,i7,i7 (2022),2022,,,xDrive 60,Electric,,,544,,,All Wheel Drive,4.7,240,,5390,1951,1544,3216,
bmw,BMW,i8,i8 (2018),2018,2020,,1.5L 6AT (374 HP),Hybrid,3,1499,231,320,6-speed automatic,All Wheel Drive,4.4,249,1.9,4689,1943,1293,2799,1610
bmw,BMW,i8,i8 (2014),2014,2018,,1.5L 6AT (362 HP),Hybrid,3,1499,362,569,6-speed automatic (Steptronic),All Wheel Drive,4.4,249,2.1,4689,1943,1293,2799,1560
bmw,BMW,i8,i8 Roadster (2018),2018,2020,,1.5L 6AT (374 HP),Hybrid,3,1499,231,320,6-speed automatic,All Wheel Drive,4.6,249,2.1,4689,1943,1290,2799,1670
bmw,BMW,iX,iX (2025),2025,,,M70 xDrive 108.9 KWh AWD (659 HP),Electric,,,659,,1-speed automatic,All Wheel Drive,3.8,249,,4966,1971,1694,3000,2580
bmw,BMW,iX,iX (2025),2025,,,xDrive45 94.8 KWh AWD (408 HP),Electric,,,408,,1-speed automatic,All Wheel Drive,5.1,200,,4966,1971,1694,3000,2450
bmw,BMW,iX,iX (2025),2025,,,xDrive60 109.1 KWh AWD (544 HP),Electric,,,544,,1-speed automatic,All Wheel Drive,4.6,200,,4966,1971,1694,3000,2505
bmw,BMW,iX,iX (2021),2021,2025,,M60 AWD 111.5 KWh (619 HP),Electric,,,619,,1-Speed automatic,All Wheel Drive,3.8,249,,4953,1966,1694,3000,2584
bmw,BMW,iX,iX (2021),2021,2025,,xDrive40 AWD 76.6 KWh (326 HP),Electric,,,326,,1-Speed automatic,All Wheel Drive,6.1,200,,4953,1966,1694,3000,2365
bmw,BMW,iX,iX (2021),2021,2025,,xDrive50 AWD 111.5 KWh (523 HP),Electric,,,523,,1-Speed automatic,All Wheel Drive,4.6,200,,4953,1966,1694,3000,2510
bmw,BMW,iX M,iX M (2022),2022,2025,,111.5 KWh (619 HP),Electric,,,619,,,,3.8,249,,,,,,
bmw,BMW,iX1,iX1 (2022),2022,,,30 xDrive 64.7 kWh AWD (313 Hp),Electric,,,313,,1-Speed automatic,All Wheel Drive,5.6,180,,4501,1844,1615,2692,2010
bmw,BMW,iX1,iX1 (2022),2022,,,eDrive20 64.78 KWh (204 HP),Electric,,,204,,1-Speed automatic,All Wheel Drive,8.6,171,,4501,1844,1615,2692,
bmw,BMW,iX2,iX2 (2023),2023,,,eDrive20 66.5 KWh FWD (204 HP),Electric,,,204,,1-speed automatic,Front Wheel Drive,8.6,171,,4554,1844,1560,2692,1885
bmw,BMW,iX2,iX2 (2023),2023,,,xDrive30 66.5 KWh AWD (313 HP),Electric,,,313,,1-speed automatic,All Wheel Drive,5.6,180,,4554,1844,1560,2692,2095
bmw,BMW,iX3,iX3 (2025),2025,,,50 xDrive AWD (469 HP),Electric,,,469,,1-speed automatic,All Wheel Drive,4.9,209,,4783,1895,1636,2898,
bmw,BMW,iX3,iX3 (2020),2020,2025,,80 KWh (286 HP),Electric,,,286,400,"Automatic transmission, single-speed",Rear Wheel Drive,6.8,180,,4735,1890,1669,2865,2260
bmw,BMW,iX5,iX5 (2026),2026,,,60 xDrive 141 kWh AWD (578 HP),Electric,,,578,,1-speed automatic,All Wheel Drive,4.6,209,,4994,1999,1748,3035,2825
bmw,BMW,M1,M1 (1978),1978,1981,,3.5,Gasoline,6,3453,277,330,"Manual, 5 Speed",Rear Wheel Drive,5.9,262,16.3,4359,1824,1138,2560,1300
bmw,BMW,M2,M2 (2024),2024,,,3.0L 6MT RWD (480 HP),Gasoline,6,2993,480,600,6-manual speed,Rear Wheel Drive,4.2,249,10.2,4580,1887,1402,2746,
bmw,BMW,M2,M2 (2024),2024,,,3.0L 8AT RWD (480 HP),Gasoline,6,2993,480,600,8-speed automatic M Steptronic with Drivelogic,Rear Wheel Drive,4,249,9.8,4580,1887,1402,2746,
bmw,BMW,M2,M2 (2024),2024,,,3.0L M xDrive 8AT AWD (480 HP),Gasoline,6,2993,480,600,8-speed automatic M Steptronic with Drivelogic,All Wheel Drive,3.7,249,10.4,4580,1887,1405,2746,
bmw,BMW,M2,M2 (2022),2022,2024,,3.0L 6MT RWD (460 HP),Gasoline,6,2993,460,550,6-speed manual,Rear Wheel Drive,4.3,249,10,4580,1887,1402,2746,1700
bmw,BMW,M2,M2 (2022),2022,2024,,3.0L 8AT RWD (460 HP),Gasoline,6,2993,460,550,8-speed automatic M Steptronic with Drivelogic,Rear Wheel Drive,4.1,249,9.8,4580,1887,1402,2746,1725
bmw,BMW,M2,M2 (2018),2018,2021,,3.0L 6MT (410 HP),Gasoline,6,2979,410,550,6-Speed manual,Rear Wheel Drive,4.4,249,10,4460,1854,1410,2692,1575
bmw,BMW,M2,M2 (2018),2018,2021,,3.0L 7AT (410 HP),Gasoline,6,2979,410,550,"7-speed automatic, M Double Clutch Transmission with Drivelogic",Rear Wheel Drive,4.2,280,9.2,4460,1854,1410,2692,1650
bmw,BMW,M2,M2 (2015),2015,2018,,3.0L 6MT RWD (370 HP),Gasoline,6,2979,370,465,6-speed manual,Rear Wheel Drive,4.5,249,8.5,4468,1854,1410,2692,1495
bmw,BMW,M2,M2 (2015),2015,2018,,3.0L 7AT RWD (370 HP),Gasoline,6,2979,370,465,7-speed automatic (DCT),Rear Wheel Drive,4.3,270,7.9,4468,1854,1410,2692,1570
bmw,BMW,M2 CS,M2 CS (2025),2025,,,3.0L 8AT RWD (530 HP),Gasoline,6,2993,530,650,8-speed automatic M Steptronic with Drivelogic,Rear Wheel Drive,3.8,303,10,4587,1887,1394,2746,1700
bmw,BMW,M2 CS,M2 CS (2019),2019,2020,,3.0L 6MT RWD (450 HP),Gasoline,6,2979,450,550,6-Speed manual,Rear Wheel Drive,4.2,280,10.4,4460,1872,1415,2692,1625
bmw,BMW,M2 CS,M2 CS (2019),2019,2020,,3.0L 7AT RWD (450 HP),Gasoline,6,2979,450,550,7-speed automatic,Rear Wheel Drive,4,280,9.6,4460,1872,1415,2692,1650
bmw,BMW,M3,M3 Sedan (2024),2024,,,3.0L 6MT RWD (480 HP),Gasoline,6,2993,480,550,6-manual speed,Rear Wheel Drive,4.2,249,10.1,4793,1902,1438,2858,
bmw,BMW,M3,M3 Sedan (2023),2023,,,3.0L 8AT AWD (550 HP),Gasoline,6,2993,550,650,8-speed automatic M Steptronic with Drivelogic,All Wheel Drive,3.4,303,10.4,4796,1918,1438,2875,1840
bmw,BMW,M3,M3 Sedan (2020),2020,2024,,3.0L 6MT RWD (480 HP),Gasoline,6,2993,480,550,6-speed manual,Rear Wheel Drive,4.2,249,10.8,4793,1902,1433,2858,1780
bmw,BMW,M3,M3 Sedan (2020),2020,2024,,Competition 3.0L 8AT RWD (510 HP),Gasoline,6,2993,510,650,8-speed automatic M Steptronic with Drivelogic,Rear Wheel Drive,3.9,249,10.2,4793,1902,1433,2858,1805
bmw,BMW,M3,M3 Sedan (2017),2017,2018,,3.0 7AT (460 HP),Gasoline,6,2979,460,600,7-speed automatic,Rear Wheel Drive,3.9,280,8.3,4671,1877,1430,2812,1660
bmw,BMW,M3,M3 Sedan (2014),2014,2018,,3.0L 6MT (431 HP),Gasoline,6,2979,431,550,6-Speed manual,Rear Wheel Drive,4.3,249,8.8,4681,1877,1425,2812,1520
bmw,BMW,M3,M3 Sedan (2014),2014,2018,,3.0L 7AT (431 HP),Gasoline,6,2979,431,550,7-speed Double Clutch Transmission,Rear Wheel Drive,4.1,249,8.3,4681,1877,1425,2812,1560
bmw,BMW,M3,M3 Sedan (2008),2008,2011,,4.0L V8 6MT RWD (420 HP),Gasoline,8,3999,420,400,6-manual speed,Rear Wheel Drive,4.9,249,12.4,4580,1798,1448,2758,1605
bmw,BMW,M3,M3 Sedan (2008),2008,2011,,4.0L V8 7AT RWD (420 HP),Gasoline,8,3999,420,400,7- automatic speed M DCT,Rear Wheel Drive,4.7,249,11.2,4580,1798,1448,2758,1625
bmw,BMW,M3,M3 Sedan (1994),1994,1998,,3.0L 5MT RWD (286 HP),Gasoline,6,2990,286,320,5-Speed manual,Rear Wheel Drive,6,250,9.1,4430,1709,1359,2710,1460
bmw,BMW,M3,M3 Sedan (1994),1994,1998,,3.2L 5MT RWD (321 HP),Gasoline,6,3201,321,350,5-Speed manual,Rear Wheel Drive,5.5,250,11,4430,1709,1359,2710,1460
bmw,BMW,M3,M3 Touring (2024),2024,,,Competition M xDrive 8AT AWD (530 HP),Gasoline,6,2993,530,650,8-speed automatic M Steptronic with Drivelogic,All Wheel Drive,3.6,249,10.4,4801,1902,1445,2858,1865
bmw,BMW,M3,M3 Touring (2022),2022,2024,,Competition M xDrive 8AT AWD (510 HP),Gasoline,6,2993,510,650,8-speed automatic M Steptronic with Drivelogic,All Wheel Drive,3.6,249,10.4,4793,1902,1435,2875,1865
bmw,BMW,M3,M3 Cabriolet (2008),2008,2013,,4.0L V8 6MT RWD (420 HP),Gasoline,8,3999,420,400,6-manual speed,Rear Wheel Drive,5.3,249,12.7,4580,1778,1379,2758,1810
bmw,BMW,M3,M3 Cabriolet (2008),2008,2013,,4.0L V8 7AT RWD (420 HP),Gasoline,8,3999,420,400,7-speed automatic M DCT,Rear Wheel Drive,5.1,249,12.3,4580,1778,1379,2758,1830
bmw,BMW,M3,M3 Cabriolet (2001),2001,2007,,3.2L 6MT (343 HP),Gasoline,6,3246,343,365,6-Speed manual,Rear Wheel Drive,5.5,250,12.1,4493,1781,1369,2731,1630
bmw,BMW,M3,M3 Cabriolet (1994),1994,1999,,3.0L 5MT RWD (276 HP),Gasoline,6,2990,286,320,5-Speed manual,Rear Wheel Drive,6.2,250,9.1,4430,1709,1339,2710,1540
bmw,BMW,M3,M3 Cabriolet (1994),1994,1999,,3.2L 5MT RWD (321 HP),Gasoline,6,3201,321,350,5-Speed manual,Rear Wheel Drive,5.6,250,11.1,4430,1709,1339,2710,1560
bmw,BMW,M3,M3 Coupe (2010),2010,2013,,4.0L V8 6MT RWD (420 HP),Gasoline,8,3999,420,400,6-manual speed,Rear Wheel Drive,4.8,249,12.4,4615,1803,1425,2761,1580
bmw,BMW,M3,M3 Coupe (2010),2010,2013,,4.0L V8 7AT RWD (420 HP),Gasoline,8,3999,420,400,seven-speed M Double-Clutch Gearbox with Drivelogic,Rear Wheel Drive,4.6,249,11.2,4615,1803,1425,2761,1600
bmw,BMW,M3,M3 Coupe (2010),2010,2011,,4.4L V8 7AT RWD (450 HP),Gasoline,8,4361,450,439,7-speed automatic (M DKG Drivelogic),Rear Wheel Drive,4.4,305,12.7,4646,1803,1387,2761,1530
bmw,BMW,M3,M3 Coupe (2007),2007,2011,,4.0L V8 6MT RWD (420 HP),Gasoline,8,3999,420,400,6-speed manual,Rear Wheel Drive,4.8,249,12.4,4615,1816,1417,2761,1580
bmw,BMW,M3,M3 Coupe (2007),2007,2011,,4.0L V8 7AT RWD (420 HP),Gasoline,8,3999,420,400,7-automatic speed dual clutch,Rear Wheel Drive,4.6,249,11.2,4615,1816,1417,2761,1600
bmw,BMW,M3,M3 Coupe (2007),2007,2011,,GTS 4.4L V8 7AT RWD (450 HP),Gasoline,8,4361,450,440,7-automatic speed dual clutch,Rear Wheel Drive,4.4,306,12.7,4615,1816,1417,2761,1530
bmw,BMW,M3,M3 Coupe (2000),2000,2006,,3.2L 6MT RWD (343 HP),Gasoline,6,3246,343,365,6-Speed manual,Rear Wheel Drive,5.2,250,11.9,4493,1781,1372,2731,1470
bmw,BMW,M3,M3 Coupe (2000),2000,2006,,CSL 3.2i 24V 6MT RWD (360 HP),Gasoline,6,3246,360,370,6-Speed manual,Rear Wheel Drive,4.9,249,11.9,4493,1781,1372,2731,1310
bmw,BMW,M3,M3 Coupe (1992),1992,1998,,3.0L 5MT RWD (286 HP),Gasoline,6,2990,286,320,5-Speed manual,Rear Wheel Drive,6,250,9.1,4432,1796,1336,2700,1420
bmw,BMW,M3,M3 Coupe (1992),1992,1998,,3.2L 5MT RWD (321 HP),Gasoline,6,3201,321,350,5-Speed manual,Rear Wheel Drive,5.4,250,11,4432,1796,1336,2700,1460
bmw,BMW,M3,M3 Coupe (1986),1986,1992,,2.3L 5MT RWD (195 HP),Gasoline,4,2302,195,230,5-Speed manual,Rear Wheel Drive,6.8,230,8.8,4346,1679,1364,2563,1200
bmw,BMW,M3,M3 Coupe (1986),1986,1992,,2.3L 5MT RWD (200 HP),Gasoline,4,2302,200,240,5-Speed manual,Rear Wheel Drive,6.7,235,,4346,1679,1364,2563,1240
bmw,BMW,M3,M3 Coupe (1986),1986,1992,,2.3L 5MT RWD (215 HP),Gasoline,4,2302,215,230,5-Speed manual,Rear Wheel Drive,6.7,241,7.8,4346,1679,1364,2563,1200
bmw,BMW,M3,M3 Coupe (1986),1986,1992,,Evolution 2.3L 5MT RWD (220 HP),Gasoline,4,2302,220,240,5-Speed manual,Rear Wheel Drive,6.7,243,8,4346,1679,1364,2563,1200
bmw,BMW,M3,M3 Coupe (1986),1986,1992,,Sport Evolution 2.5L 5MT RWD (238 HP),Gasoline,4,2467,238,240,5-Speed manual,Rear Wheel Drive,6.5,248,8.8,4346,1679,1364,2563,1200
bmw,BMW,M3 CS,M3 CS Touring (2025),2025,,,3.0L 8AT AWD (550 HP),Gasoline,6,2993,550,650,8-speed automatic M Steptronic with Drivelogic,All Wheel Drive,3.5,299,10.5,4796,1918,1448,2858,1850
bmw,BMW,M4,M4 Convertible (2024),2024,,,Competition 3.0L M xDrive 8AT AWD (530 HP),Gasoline,6,2993,530,650,8-speed automatic M Steptronic with Drivelogic,All Wheel Drive,3.7,249,10.3,4801,1887,1400,2858,1925
bmw,BMW,M4,M4 Convertible (2021),2021,2024,,3.0L 8AT AWD (510 HP),Gasoline,6,2993,510,650,8-speed automatic M Steptronic with Drivelogic,All Wheel Drive,3.7,249,,4793,1887,1394,2875,1995
bmw,BMW,M4,M4 Convertible (2014),2014,2020,,3.0L 6MT RWD (431 HP),Gasoline,6,2979,431,550,6-speed manual,Rear Wheel Drive,4.6,249,10.2,4671,1869,1387,2812,1750
bmw,BMW,M4,M4 Convertible (2014),2014,2020,,3.0L 6MT RWD (450 HP),Gasoline,6,2979,450,550,6-Speed manual,Rear Wheel Drive,4.5,249,10.2,4671,1869,1387,2812,1865
bmw,BMW,M4,M4 Convertible (2014),2014,2020,,3.0L 7AT RWD (431 HP),Gasoline,6,2979,431,550,7-speed automatic,Rear Wheel Drive,4.4,249,8.7,4671,1869,1387,2812,1790
bmw,BMW,M4,M4 Convertible (2014),2014,2020,,3.0L 7AT RWD (450 HP),Gasoline,6,2979,450,550,7-speed automatic,Rear Wheel Drive,4.3,280,9.6,4671,1869,1387,2812,1890
bmw,BMW,M4,M4 (2024),2024,,,3.0L 6MT RWD (480 HP),Gasoline,6,2993,480,550,6-manual speed,Rear Wheel Drive,4.2,249,10.1,4801,1887,1397,2858,1700
bmw,BMW,M4,M4 (2024),2024,,,Competition 3.0L 8AT RWD (510 HP),Gasoline,6,2993,510,650,8-speed automatic M Steptronic with Drivelogic,Rear Wheel Drive,3.9,249,9.9,4801,1887,1397,2858,1725
bmw,BMW,M4,M4 (2024),2024,,,Competition 3.0L xDrive 8AT AWD (530 HP),Gasoline,6,2993,530,650,8-speed automatic M Steptronic with Drivelogic,All Wheel Drive,3.5,249,10.1,4801,1887,1397,2858,1775
bmw,BMW,M4,M4 (2022),2022,,,3.0L 8AT RWD (550 HP),Gasoline,6,2993,550,650,8-speed automatic M Steptronic with Drivelogic,Rear Wheel Drive,3.7,307,10.1,4793,1920,1387,2858,1700
bmw,BMW,M4,M4 (2020),2020,2024,,3.0L 6MT RWD (480 HP),Gasoline,6,2993,480,550,6-speed manual,Rear Wheel Drive,4.2,249,10.8,4793,1887,1392,2858,1775
bmw,BMW,M4,M4 (2020),2020,2024,,Competition 3.0L 8AT RWD (510 HP),Gasoline,6,2993,510,650,8-speed automatic M Steptronic with Drivelogic,Rear Wheel Drive,3.9,249,10.2,4793,1887,1392,2858,1800
bmw,BMW,M4,M4 (2014),2014,2020,,3.0L 6MT RWD (431 HP),Gasoline,6,2979,431,550,6-Speed manual,Rear Wheel Drive,4.3,249,8.8,4681,1869,1382,2812,1497
bmw,BMW,M4,M4 (2014),2014,2020,,3.0L 7AT RWD (431 HP),Gasoline,6,2979,431,550,7-speed Double Clutch Transmission,Rear Wheel Drive,4.1,249,8.3,4681,1869,1382,2812,1537
bmw,BMW,M4,M4 (2014),2014,2020,,Competition 3.0L 6MT RWD (431 HP),Gasoline,6,2979,450,550,6-Speed manual,Rear Wheel Drive,4.3,249,8.8,4681,1869,1382,2812,1515
bmw,BMW,M4,M4 (2014),2014,2020,,Competition 3.0L 7AT RWD (431 HP),Gasoline,6,2979,450,550,7-speed Double Clutch Transmission,Rear Wheel Drive,4,249,8.3,4681,1869,1382,2812,1540
bmw,BMW,M4 CS,M4 CS (2024),2024,,,3.0L 8AT RWD (550 HP),Gasoline,6,2993,550,650,8-speed automatic M Steptronic with Drivelogic,Rear Wheel Drive,3.4,303,10.2,4801,1918,1400,2875,1760
bmw,BMW,M4 CS,M4 CS (2017),2017,2024,,3.0L 7AT RWD (460 HP),Gasoline,6,2979,460,600,7-speed automatic (DCT),Rear Wheel Drive,3.9,280,8.4,4671,1869,1389,2812,1580
bmw,BMW,M4 GTS,M4 GTS (2015),2015,2016,,3.0L 7AT (500 HP),Gasoline,6,2979,500,600,7-speed automatic,Rear Wheel Drive,3.8,306,8.5,4689,1869,1379,2812,1510
bmw,BMW,M5,M5 (2024),2024,,,4.4L xDrive V8 8AT AWD (727 HP),Hybrid Gasoline,8,4395,585,750,8-speed automatic M Steptronic with Drivelogic,All Wheel Drive,3.5,249,1.7,5095,1971,1509,3005,
bmw,BMW,M5,M5 (2021),2021,,,4.4L V8 8AT (635 HP),Gasoline,8,4395,635,750,8-speed automatic M Steptronic with Drivelogic,All Wheel Drive,3,306,11.3,5001,1902,1468,2982,190
bmw,BMW,M5,M5 (2020),2020,2023,,4.4L V8 8AT AWD (625 HP),Gasoline,8,4395,625,750,8-speed automatic M Steptronic,All Wheel Drive,3.3,249,10.6,4983,1902,1468,2982,1970
bmw,BMW,M5,M5 (2018),2018,2020,,4.4L V8 8AT (625 HP),Gasoline,8,4395,625,750,8-speed automatic Steptronic,All Wheel Drive,3.4,249,10.8,4966,1902,1468,2982,1865
bmw,BMW,M5,M5 (2017),2017,2020,,4.4L V8 8AT xDrive AWD (600 HP),Gasoline,8,4395,600,750,8-speed automatic (Steptronic),All Wheel Drive,3.4,249,10.5,4966,1902,1473,2982,1855
bmw,BMW,M5,M5 (2013),2013,2017,,4.4L V8 7AT RWD (560 HP),Gasoline,8,4395,560,678,7-speed automatic,Rear Wheel Drive,4.4,249,9.9,4910,1890,1455,2946,1870
bmw,BMW,M5,M5 (2011),2011,2013,,4.4L V8 7AT RWD (560 HP),Gasoline,8,4395,560,678,Seven-speed M double-clutch transmission with Drivelogic,Rear Wheel Drive,4.4,249,9.9,4910,1891,1456,2964,1870
bmw,BMW,M5,M5 (2005),2005,2010,,5.0L V10 7AT RWD (507 HP),Gasoline,10,4999,507,520,7-speed automatic,Rear Wheel Drive,4.7,250,14.8,4854,1847,1468,2888,1830
bmw,BMW,M5,M5 (1998),1998,2004,,4.9L V8 6MT RWD (400 HP),Gasoline,8,4941,400,500,6-Speed manual,Rear Wheel Drive,4.6,250,13.9,4783,1801,1438,2830,1695
bmw,BMW,M5,M5 (1988),1988,1995,,3.5L 5MT RWD (316 HP),Gasoline,6,3535,315,360,5-Speed manual,Rear Wheel Drive,6.3,250,11.9,4719,1750,1412,2761,1670
bmw,BMW,M5,M5 (1988),1988,1995,,3.8L 6MT RWD (340 HP),Gasoline,6,3795,340,400,6-Speed manual,Rear Wheel Drive,5.9,250,12.5,4719,1750,1412,2761,1645
bmw,BMW,M5,M5 (1985),1985,1988,,3.5L 5MT RWD (286 HP),Gasoline,6,3453,286,340,5-Speed manual,Rear Wheel Drive,6.5,245,11.3,4620,1699,1400,2624,1445
bmw,BMW,M5,M5 (1979),1979,1981,,3.5L 5MT RWD (218 HP),Gasoline,6,3453,218,310,5-Speed manual,Rear Wheel Drive,7.6,229,,4618,1689,1422,2637,1390
bmw,BMW,M5,M5 Touring (2024),2024,,,4.4L xDrive 8AT AWD (727 HP),Plug-in Hybrid,8,4395,585,750,8-speed automatic M Steptronic with Drivelogic,All Wheel Drive,3.6,249,,5095,1971,1516,3005,
bmw,BMW,M5,M5 Touring (2007),2007,2010,,5.0L V10 7AT RWD (507 HP),Gasoline,10,4999,507,520,7-speed automatic Sequential,Rear Wheel Drive,4.8,250,15,4854,1847,1511,2880,1955
bmw,BMW,M5,M5 Touring (1992),1992,1996,,3.8L 6MT RWD (340 HP),Gasoline,6,3795,340,400,6-manual speed,Rear Wheel Drive,5.9,250,12.5,4719,1750,1400,2761,1785
bmw,BMW,M6,M6 Coupe (2014),2014,2018,,4.4L V8 7AT RWD (560 HP),Gasoline,8,4395,560,681,7-speed automatic,Rear Wheel Drive,4.2,249,9.9,4897,1900,1374,2850,1850
bmw,BMW,M6,M6 Coupe (2014),2014,2018,,Competition 4.4L V8 7AT RWD (600 HP),Gasoline,8,4395,600,700,7-speed automatic,Rear Wheel Drive,3.9,249,9.9,4897,1900,1374,2850,1850
bmw,BMW,M6,M6 Coupe (2012),2012,2014,,4.4L V8 7AT (560 HP),Gasoline,8,4395,560,681,Seven-speed M Double Clutch Transmission with Drivelogic,Rear Wheel Drive,4.3,306,9.8,4897,1900,1369,2850,1980
bmw,BMW,M6,M6 Coupe (2005),2005,2010,,5.0L V10 6MT RWD (507 HP),Gasoline,10,4999,507,520,6-Speed manual,Rear Wheel Drive,4.4,250,14.8,4872,1854,1372,2781,1710
bmw,BMW,M6,M6 Coupe (2005),2005,2010,,5.0L V10 7AT RWD (507 HP),Gasoline,10,4999,507,520,7-speed automatic,Rear Wheel Drive,4.6,250,14.8,4872,1854,1372,2781,1785
bmw,BMW,M6,M6 Coupe (1984),1984,1989,,3.5L 5MT (286 HP),Gasoline,6,3453,286,340,5-Speed manual,Rear Wheel Drive,6.4,254,11.6,4755,1725,1354,2624,1505
bmw,BMW,M6 Cabrio,M6 Cabrio (2014),2014,2018,,4.4L V8 7AT (560 HP),Gasoline,8,4395,560,681,7-speed automatic,Rear Wheel Drive,4.3,249,10.3,4897,1900,1369,2850,1980
bmw,BMW,M6 Cabrio,M6 Cabrio (2012),2012,2014,,4.4l v8,Gasoline,8,4395,560,681,Seven-speed M Double Clutch Transmission with Drivelogic,Rear Wheel Drive,4.3,306,10.2,4897,1900,1369,2850,1980
bmw,BMW,M6 Cabrio,M6 Cabrio (2006),2006,2010,,5.0L V10 6MT RWD (507 HP),Gasoline,10,4999,507,520,7-speed automatic,Rear Wheel Drive,4.6,250,15.2,4872,1854,1372,2779,1905
bmw,BMW,M6 Cabrio,M6 Cabrio (2006),2006,2010,,5.0L V10 7AT RWD (507 HP),Gasoline,10,4999,507,520,7-speed automatic,Rear Wheel Drive,4.8,250,15.2,4872,1854,1372,2779,1905
bmw,BMW,M6 Gran,M6 Gran Coupe (2013),2013,2018,,4.4L V8 (560 HP),Gasoline,8,4395,560,681,7-speed M Double Clutch Transmission with Drivelogic,Rear Wheel Drive,4.2,306,9.8,5011,1900,1392,2964,1875
bmw,BMW,M8,M8 Coupe (2022),2022,,,Competition 4.4L V8 xDrive AWD 8AT (625 HP),Gasoline,8,4395,625,750,8-speed automatic M Steptronic,All Wheel Drive,3.2,249,11.2,4877,1908,1361,2827,1900
bmw,BMW,M8,M8 Coupe (2019),2019,2022,,4.4L V8 TwinTurbo 8AT AWD (600 HP),Gasoline,8,4395,600,750,8-speed automatic Steptronic,All Wheel Drive,3.3,249,10.6,4867,1908,1361,2827,1960
bmw,BMW,M8,M8 Coupe (2019),2019,2022,,Competition 4.4L V8 8AT AWD (625 HP),Gasoline,8,4395,325,750,8-speed automatic Steptronic,All Wheel Drive,3.3,349,10.6,4867,1908,1361,2827,1960
bmw,BMW,M8,M8 Convertible (2022),2022,,,V8 xDrive AWD 8AT (625 HP),Gasoline,8,4395,625,750,8-speed automatic M Steptronic,All Wheel Drive,3.3,249,11.6,4867,1908,1354,2827,2025
bmw,BMW,M8,M8 Convertible (2019),2019,2022,,4.4L V8 TwinTurbo 8AT AWD (600 HP),Gasoline,8,4395,600,750,8-speed automatic Steptronic,All Wheel Drive,3.4,249,10.8,4867,1908,1354,2827,2085
bmw,BMW,M8,M8 Convertible (2019),2019,2022,,Competition 4.4L V8 8AT AWD (625 HP),Gasoline,8,4395,625,750,8-speed automatic Steptronic,All Wheel Drive,3.3,306,10.8,4867,1908,1354,2827,2085
bmw,BMW,M8 Gran,M8 Gran Coupe (2022),2022,,,V8 AWD 8AT (625 HP),Gasoline,8,4395,625,750,8-speed automatic M Steptronic with Drivelogic,All Wheel Drive,3.2,249,11.3,5098,1943,1420,3028,1995
bmw,BMW,X1,X1 (2022),2022,,,M35i xDrive 7AT AWD (300 HP),Gasoline,4,1998,300,400,7-speed automatic DCT,All Wheel Drive,5.4,249,8.5,4506,1844,1623,2692,1665
bmw,BMW,X1,X1 (2022),2022,,,sDrive 18i 7AT FWD (136 HP),Gasoline,3,1499,136,230,7-speed automatic DCT,Front Wheel Drive,9.2,208,7,4501,1844,1641,2692,1500
bmw,BMW,X1,X1 (2022),2022,,,sDrive 18d 7AT FWD (150 HP),Diesel,4,1995,150,360,7-speed automatic DCT,Front Wheel Drive,8.9,209,5.5,4501,1844,1641,2692,1575
bmw,BMW,X1,X1 (2022),2022,,,xDrive 23i 7AT AWD (218 HP),Mild Hybrid,4,1998,204,320,7-speed automatic DCT,All Wheel Drive,7.1,233,7.2,4501,1844,1641,2692,1655
bmw,BMW,X1,X1 (2022),2022,,,xDrive23d 7AT AWD (211 HP),Mild Hybrid Diesel,4,1995,197,400,7-speed automatic DCT,All Wheel Drive,7.4,225,5.3,4501,1844,1641,2692,1690
bmw,BMW,X1,X1 (2019),2019,2022,,xDrive 20i 8AT AWD (192 HP),Gasoline,4,1998,192,280,8-automatic speed Steptronic,All Wheel Drive,7.9,224,6.7,4448,1821,1598,2670,1645
bmw,BMW,X1,X1 (2019),2019,2022,,xDrive 25i 8AT AWD (231 HP),Gasoline,4,1998,231,350,8-automatic speed Steptronic,All Wheel Drive,6.6,235,6.8,4448,1821,1598,2670,1655
bmw,BMW,X1,X1 (2019),2019,2022,,1.8d 6MT FWD (150 HP),Diesel,4,1995,150,350,6-speed manual,Front Wheel Drive,9.3,204,4.3,4448,1821,1598,2670,1505
bmw,BMW,X1,X1 (2019),2019,2022,,1.8d 8AT FWD (150 HP),Diesel,4,1995,150,350,8-speed automatic Steptronic,Front Wheel Drive,9.4,204,4.4,4448,1821,1598,2670,1540
bmw,BMW,X1,X1 (2019),2019,2022,,1.8d xDrive 6MT AWD (150 HP),Diesel,4,1995,150,350,6-speed manual,All Wheel Drive,9.3,204,4.8,4448,1821,1598,2670,1580
bmw,BMW,X1,X1 (2019),2019,2022,,1.8d xDrive 8AT AWD (150 HP),Diesel,4,1995,150,350,8-speed automatic Steptronic,All Wheel Drive,9.4,204,4.7,4448,1821,1598,2670,1605
bmw,BMW,X1,X1 (2019),2019,2022,,sDrive 16d 6MT FWD (116 HP),Diesel,3,1496,116,270,6-manua speed,Front Wheel Drive,11.5,190,4.4,4448,1821,1598,2670,1555
bmw,BMW,X1,X1 (2019),2019,2022,,sDrive 16d 7AT FWD (116 HP),Diesel,4,1496,116,270,7-automatic speed Steptronic,Front Wheel Drive,11.5,190,4.4,4448,1821,1598,2670,1575
bmw,BMW,X1,X1 (2019),2019,2022,,xDrive 25d 8AT AWD (231 HP),Diesel,4,1995,231,450,8-automatic speed Steptronic,Front Wheel Drive,6.6,235,5.2,4448,1821,1598,2670,1650
bmw,BMW,X1,X1 (2019),2019,2022,,xDrive 25e 6AT AWD (125 HP),Hybrid,3,1449,125,220,6-speed automatic,All Wheel Drive,7,192,6.7,4448,1821,1598,2670,1745
bmw,BMW,X1,X1 (2016),2016,2019,,sDrive20i 8AT FWD (192 HP),Gasoline,4,1998,192,281,8-speed automatic (Steptronic),Front Wheel Drive,7.7,225,5.9,4440,1821,1598,2670,1485
bmw,BMW,X1,X1 (2016),2016,2019,,xDrive20i 8AT AWD (192 HP),Gasoline,4,1998,192,281,8-speed automatic (Steptronic),All Wheel Drive,7.4,224,6.3,4440,1821,1598,2670,1540
bmw,BMW,X1,X1 (2016),2016,2019,,xDrive25i 8AT AWD (231 HP),Gasoline,4,1998,231,350,8-speed automatic (Steptronic),All Wheel Drive,6.5,235,6.4,4440,1821,1598,2670,1540
bmw,BMW,X1,X1 (2016),2016,2019,,sDrive18d 6MT FWD (150 HP),Diesel,4,1995,150,329,6-speed manual,Front Wheel Drive,9.2,204,4.1,4440,1821,1598,2670,1430
bmw,BMW,X1,X1 (2016),2016,2019,,sDrive18d 8AT FWD (150 HP),Diesel,4,1995,150,329,8-speed automatic (Steptronic),Front Wheel Drive,9.2,204,4.3,4440,1821,1598,2670,1470
bmw,BMW,X1,X1 (2016),2016,2019,,XDrive18d 6MT AWD (150 HP),Diesel,4,1995,150,329,6-speed manual,All Wheel Drive,9.2,204,4.1,4440,1821,1598,2670,1530
bmw,BMW,X1,X1 (2016),2016,2019,,xDrive20d 8AT AWD (190 HP),Diesel,4,1995,189,400,8-speed automatic (Steptronic),All Wheel Drive,7.6,219,4.9,4440,1821,1598,2670,1550
bmw,BMW,X1,X1 (2016),2016,2019,,xDrive25d 8AT AWD (231 HP),Diesel,4,1995,231,450,8-speed automatic (Steptronic),All Wheel Drive,6.6,235,5,4440,1821,1598,2670,1575
bmw,BMW,X1,X1 (2012),2012,2015,,18i sDrive 6MT RWD (150 HP),Gasoline,4,1995,150,200,6-speed manual,Rear Wheel Drive,9.7,203,7.7,4478,1798,1544,2761,1505
bmw,BMW,X1,X1 (2012),2012,2015,,18i sDrive 8AT RWD (150 HP),Gasoline,4,1995,150,200,8-speed automatic Steptronic,Rear Wheel Drive,10.4,200,7.9,4478,1798,1544,2761,1530
bmw,BMW,X1,X1 (2012),2012,2015,,20i sDrive 6MT RWD (184 HP),Gasoline,4,1997,184,270,6-speed manual,Rear Wheel Drive,7.4,220,6.9,4478,1798,1544,2761,1560
bmw,BMW,X1,X1 (2012),2012,2015,,20i sDrive 8AT RWD (184 HP),Gasoline,4,1997,184,270,8-speed automatic Steptronic,Rear Wheel Drive,7.5,220,6.7,4478,1798,1544,2761,1585
bmw,BMW,X1,X1 (2012),2012,2015,,20i xDrive 6MT AWD (184 HP),Gasoline,4,1997,184,270,6-speed manual,All Wheel Drive,7.8,216,7.5,4478,1798,1544,2761,1650
bmw,BMW,X1,X1 (2012),2012,2015,,20i xDrive 8AT AWD (184 HP),Gasoline,4,1997,184,270,8-speed automatic Steptronic,All Wheel Drive,7.9,216,7.1,4478,1798,1544,2761,1665
bmw,BMW,X1,X1 (2012),2012,2015,,28i xDrive 6MT AWD (245 HP),Gasoline,4,1997,245,350,6-speed manual,All Wheel Drive,6.1,240,7.7,4478,1798,1544,2761,1655
bmw,BMW,X1,X1 (2012),2012,2015,,28i xDrive 8AT AWD (245 HP),Gasoline,4,1997,245,350,8-speed automatic Steptronic,All Wheel Drive,6.4,240,7.2,4478,1798,1544,2761,1670
bmw,BMW,X1,X1 (2012),2012,2015,,16d sDrive 6MT RWD (116 HP),Diesel,4,1995,116,260,6-speed manual,Rear Wheel Drive,11.5,190,4.9,4478,1798,1544,2761,1555
bmw,BMW,X1,X1 (2012),2012,2015,,16d sDrive 8AT RWD (116 HP),Diesel,4,1995,116,260,8-speed automatic Steptronic,Rear Wheel Drive,11.3,188,5,4478,1798,1544,2761,1570
bmw,BMW,X1,X1 (2012),2012,2015,,18d sDrive 6MT RWD (143 HP),Diesel,4,1995,143,320,6-speed manual,Rear Wheel Drive,9.6,203,4.9,4478,1798,1544,2761,1555
bmw,BMW,X1,X1 (2012),2012,2015,,18d sDrive 8AT RWD (143 HP),Diesel,4,1995,143,320,8-speed automatic Steptronic,Rear Wheel Drive,9.6,203,5,4478,1798,1544,2761,1570
bmw,BMW,X1,X1 (2012),2012,2015,,18d xDrive 6MT AWD (143 HP),Diesel,4,1995,143,320,6-speed manual,All Wheel Drive,9.9,195,5.5,4478,1798,1544,2761,1640
bmw,BMW,X1,X1 (2012),2012,2015,,18d xDrive 8AT AWD (143 HP),Diesel,4,1995,143,320,8-speed automatic Steptronic,All Wheel Drive,10,195,5.4,4478,1798,1544,2761,1650
bmw,BMW,X1,X1 (2012),2012,2015,,20d sDrive 6MT RWD (184 HP),Diesel,4,1995,184,380,6-speed manual,Rear Wheel Drive,7.8,220,4.9,4478,1798,1544,2761,1565
bmw,BMW,X1,X1 (2012),2012,2015,,20d sDrive 8AT RWD (184 HP),Diesel,4,1995,184,380,8-speed automatic Steptronic,Rear Wheel Drive,7.7,217,5,4478,1798,1544,2761,1575
bmw,BMW,X1,X1 (2012),2012,2015,,20d sDrive EffcientDynamics Edition 6MT RWD (163 HP),Diesel,4,1995,163,380,6-speed manual,Rear Wheel Drive,8.3,216,4.5,4478,1798,1544,2761,1565
bmw,BMW,X1,X1 (2012),2012,2015,,20d xDrive 6MT AWD (184 HP),Diesel,4,1995,184,380,6-speed manual,All Wheel Drive,8.1,216,5.5,4478,1798,1544,2761,1650
bmw,BMW,X1,X1 (2012),2012,2015,,20d xDrive 8AT AWD (184 HP),Diesel,4,1995,184,380,8-speed automatic Steptronic,All Wheel Drive,8,212,5.4,4478,1798,1544,2761,1660
bmw,BMW,X1,X1 (2012),2012,2015,,25d xDrive 6MT AWD (218 HP),Diesel,4,1995,218,450,6-speed manual,All Wheel Drive,6.8,230,5.9,4478,1798,1544,2761,1660
bmw,BMW,X1,X1 (2012),2012,2015,,25d xDrive 8AT AWD (218 HP),Diesel,4,1995,218,450,8-speed automatic Steptronic,All Wheel Drive,6.7,229,5.5,4478,1798,1544,2761,1670
bmw,BMW,X1,X1 (2009),2009,2012,,sDrive18i 6MT RWD (150 HP),Gasoline,4,1995,150,199,6-speed manual,Rear Wheel Drive,9.7,202,8.2,4453,1798,1544,2758,1430
bmw,BMW,X1,X1 (2009),2009,2012,,sDrive20i 6MT RWD (184 HP),Gasoline,4,1997,184,270,6-speed manual,Rear Wheel Drive,7.4,220,7.1,4453,1798,1544,2758,1600
bmw,BMW,X1,X1 (2009),2009,2012,,sDrive20i 8AT RWD (184 HP),Gasoline,4,1997,184,270,8-speed automatic (Steptronic),Rear Wheel Drive,7.7,220,6.7,4453,1798,1544,2758,1640
bmw,BMW,X1,X1 (2009),2009,2012,,xDrive20i 6MT AWD (184 HP),Gasoline,4,1997,184,270,6-speed manual,All Wheel Drive,7.8,215,7.7,4453,1798,1544,2758,1600
bmw,BMW,X1,X1 (2009),2009,2012,,xDrive20i 8AT AWD (184 HP),Gasoline,4,1997,184,270,8-speed automatic (Steptronic),All Wheel Drive,7.9,216,7.1,4453,1798,1544,2758,1665
bmw,BMW,X1,X1 (2009),2009,2012,,xDrive25i 6AT AWD (218 HP),Gasoline,6,2996,218,415,6-speed automatic (Steptronic),All Wheel Drive,7.9,223,9.3,4453,1798,1544,2758,1600
bmw,BMW,X1,X1 (2009),2009,2012,,xDrive28i 6AT AWD (258 HP),Gasoline,6,2996,258,309,6-speed automatic (Steptronic),All Wheel Drive,6.8,205,9.4,4453,1796,1544,2758,1685
bmw,BMW,X1,X1 (2009),2009,2012,,sDrive16d 6MT RWD (116 HP),Diesel,4,1995,116,260,6-speed manual,Rear Wheel Drive,11.5,190,4.9,4453,1796,1544,2758,1480
bmw,BMW,X1,X1 (2009),2009,2012,,sDrive18d 6MT RWD (143 HP),Diesel,4,1995,143,320,6-speed manual,Rear Wheel Drive,9.6,200,5.2,4453,1796,1544,2758,1545
bmw,BMW,X1,X1 (2009),2009,2012,,sDrive20d 6MT RWD (177 HP),Diesel,4,1995,177,350,6-speed manual,Rear Wheel Drive,8.1,205,5.3,4453,1796,1544,2758,1565
bmw,BMW,X1,X1 (2009),2009,2012,,sDrive20d Efficient Dynamics Edition 6MT RWD (163 HP),Diesel,4,1995,163,380,6-speed manual,Rear Wheel Drive,8.3,215,4.5,4453,1798,1544,2758,1490
bmw,BMW,X1,X1 (2009),2009,2012,,xDrive 25d 8AT AWD (214 HP),Diesel,4,1995,218,450,8-speed automatic (Steptronic),All Wheel Drive,6.8,205,5.9,4453,1796,1544,2758,1660
bmw,BMW,X1,X1 (2009),2009,2012,,xDrive18d 6MT AWD (143 HP),Diesel,4,1995,143,320,6-speed manual,All Wheel Drive,10.1,195,5.7,4453,1796,1544,2758,1615
bmw,BMW,X1,X1 (2009),2009,2012,,xDrive20d 6MT AWD (177 HP),Diesel,4,1995,177,350,6-speed manual,All Wheel Drive,8.4,205,5.9,4453,1796,1544,2758,1650
bmw,BMW,X1,X1 (2009),2009,2012,,xDrive23d 6AT AWD (204 HP),Diesel,4,1995,204,400,6-speed automatic (Steptronic),All Wheel Drive,7.3,205,6.3,4453,1796,1544,2758,1670
bmw,BMW,X2,X2 (2023),2023,,,M35i xDrive 7AT AWD (300 HP),Gasoline,4,1998,300,400,7-speed automatic Steptronic,All Wheel Drive,5.4,249,8,4567,1844,1575,1692,1770
bmw,BMW,X2,X2 (2023),2023,,,sDrive18d 7AT FWD (150 HP),Diesel,4,1995,150,360,7-speed automatic Steptronic,Front Wheel Drive,8.9,209,5.5,4554,1844,1689,1692,1675
bmw,BMW,X2,X2 (2023),2023,,,sDrive20i 7AT FWD (170 HP),Mild Hybrid,3,1499,156,240,7-speed automatic Steptronic,Front Wheel Drive,8.3,212,6.5,4554,1844,1590,2692,1645
bmw,BMW,X2,X2 (2018),2018,2023,,M35i 8AT AWD (306 HP),Gasoline,4,1998,306,450,8-speed automatic Steptronic,All Wheel Drive,5,249,7.1,4361,1824,1527,2670,1685
bmw,BMW,X2,X2 (2018),2018,2023,,sDrive18i 6MT FWD (140 HP),Gasoline,4,1499,140,220,6-speed manual,Front Wheel Drive,,,5.6,4361,1824,1527,2670,
bmw,BMW,X2,X2 (2018),2018,2023,,sDrive18i 8AT FWD (140 HP),Gasoline,4,1499,140,220,8-speed automatic,Front Wheel Drive,,,5.6,4361,1824,1527,2670,
bmw,BMW,X2,X2 (2018),2018,2023,,xDrive20i 8AT FWD (192 HP),Gasoline,4,1998,192,280,8-speed automatic,All Wheel Drive,7.8,224,6.7,4361,1824,1527,2670,1685
bmw,BMW,X2,X2 (2018),2018,2023,,sDrive18d 6MT FWD (150 HP),Diesel,4,1995,150,330,6-speed manual,Front Wheel Drive,,,4.5,4361,1824,1527,2670,
bmw,BMW,X2,X2 (2018),2018,2023,,sDrive18d 8AT FWD (150 HP),Diesel,4,1995,150,330,8-speed automatic,Front Wheel Drive,,,4.5,4361,1824,1527,2670,
bmw,BMW,X2,X2 (2018),2018,2023,,xDrive20d 8AT FWD (190 HP),Diesel,4,1995,190,400,8-speed automatic (Steptronic),All Wheel Drive,7.7,220,4.8,4361,1824,1527,2670,1675
bmw,BMW,X2,X2 (2018),2018,2023,,xDrive25d 8AT FWD (231 HP),Diesel,4,1995,231,450,8-speed automatic (Steptronic),All Wheel Drive,6.7,237,5.3,4361,1824,1527,2670,1660
bmw,BMW,X2,X2 (2018),2018,2023,,xDrive 25e 6AT AWD (220 HP),Hybrid,3,1499,125,220,6-speed automatic Steptronic,All Wheel Drive,6.8,195,1.9,4361,1824,1511,2670,1805
bmw,BMW,X3,X3 (2024),2024,,,20 xDrive 8AT AWD (208 HP),Mild Hybrid,4,1998,190,310,8-speed automatic Steptronic,All Wheel Drive,7.8,216,7.6,4755,1920,1661,2865,
bmw,BMW,X3,X3 (2024),2024,,,M50 xDrive 8AT AWD (398 HP),Mild Hybrid,6,2998,381,540,8-speed automatic Steptronic,All Wheel Drive,4.6,249,8.3,4755,1920,1661,2865,
bmw,BMW,X3,X3 (2024),2024,,,20d xDrive 8AT AWD (197 HP),Mild Hybrid Diesel,4,1995,197,400,8-speed automatic Steptronic,All Wheel Drive,7.7,216,6.5,4755,1920,1661,2865,
bmw,BMW,X3,X3 (2024),2024,,,30e xDrive 8AT AWD (299 HP),Hybrid Gasoline,4,1998,190,310,8-speed automatic Steptronic,All Wheel Drive,6.2,216,1.1,4755,1920,1661,2865,
bmw,BMW,X3,X3 (2021),2021,2024,,M40d 48V 8AT AWD (340 HP),Mild Hybrid Diesel,6,2993,340,700,8-speed automatic Steptronic,All Wheel Drive,4.9,249,7.3,4714,1897,1676,2865,2080
bmw,BMW,X3,X3 (2021),2021,2024,,xDrive20d 48V 8AT AWD (190 HP),Mild Hybrid Diesel,4,1995,190,400,8-speed automatic Steptronic,All Wheel Drive,7.9,212,6.5,4709,1890,1676,2865,1915
bmw,BMW,X3,X3 (2021),2021,2024,,xDrive30d 48V 8AT AWD (286 HP),Mild Hybrid Diesel,6,2993,286,650,8-speed automatic Steptronic,All Wheel Drive,5.7,245,7,4709,1890,1676,2865,2010
bmw,BMW,X3,X3 (2021),2021,2024,,M40i 48V 8AT AWD (360 HP),Mild Hybrid,6,2998,360,500,8-speed automatic Steptronic Sport,All Wheel Drive,4.9,249,9.4,4714,1897,1676,2865,1985
bmw,BMW,X3,X3 (2021),2021,2024,,xDrive20i 48V 8AT AWD (184 HP),Mild Hybrid,4,1998,184,300,8-speed automatic Steptronic,All Wheel Drive,8.4,216,8.4,4709,1890,1676,2865,1875
bmw,BMW,X3,X3 (2021),2021,2024,,xDrive30i 48V 8AT AWD (245 HP),Mild Hybrid,4,1998,245,350,8-speed automatic Steptronic,All Wheel Drive,6.6,235,8.5,4709,1890,1676,2865,1885
bmw,BMW,X3,X3 (2021),2021,2024,,xDrive30e 8AT AWD (292 HP),Hybrid Gasoline,4,1998,184,300,8-speed automatic Steptronic,All Wheel Drive,6.1,209,2.6,4709,1890,1676,2865,2065
bmw,BMW,X3,X3 (2017),2017,2021,,M40i 8AT AWD (360 HP),Gasoline,6,2998,360,500,8-speed automatic (Steptronic),All Wheel Drive,4.8,249,8.4,4709,1890,1676,2865,1885
bmw,BMW,X3,X3 (2017),2017,2021,,sDrive20i RWD (184 HP),Gasoline,4,1998,184,290,8-speed automatic (Steptronic),Rear Wheel Drive,8.3,216,7.4,4709,1890,1676,2865,
bmw,BMW,X3,X3 (2017),2017,2021,,xDrive20i 8AT AWD (184 HP),Gasoline,4,1998,184,290,8-speed automatic (Steptronic),All Wheel Drive,8.3,216,7.2,4709,1890,1676,2865,
bmw,BMW,X3,X3 (2017),2017,2021,,xDrive30i 8AT AWD (252 HP),Gasoline,4,1998,252,350,8-speed automatic (Steptronic),All Wheel Drive,6.3,240,7.4,4709,1890,1676,2865,
bmw,BMW,X3,X3 (2017),2017,2021,,xDrive20d 8AT AWD (190 HP),Diesel,4,1995,190,400,8-speed automatic (Steptronic),All Wheel Drive,7.9,212,5.4,4709,1890,1676,2865,1825
bmw,BMW,X3,X3 (2017),2017,2021,,xDrive30d 8AT AWD (265 HP),Diesel,6,2993,265,620,8-speed automatic (Steptronic),All Wheel Drive,5.8,240,6,4709,1890,1676,2865,1895
bmw,BMW,X3,X3 (2017),2017,2021,,xDrive20d 8AT AWD (190 HP),Mild Hybrid,4,1995,190,400,8-speed automatic (Steptronic),All Wheel Drive,7.9,212,4.8,4709,1890,1676,2865,1835
bmw,BMW,X3,X3 (2014),2014,2017,,sDrive20i 8AT RWD (184 HP),Gasoline,4,1996,184,270,8-speed automatic (Steptronic),Rear Wheel Drive,8.2,209,7,4648,1880,1661,2809,1680
bmw,BMW,X3,X3 (2014),2014,2017,,xDrive2.0i 6MT AWD (184 HP),Gasoline,4,1996,184,270,6-speed manual,All Wheel Drive,8.4,209,7.7,4648,1880,1661,2809,1875
bmw,BMW,X3,X3 (2014),2014,2017,,xDrive2.0i 8AT AWD (184 HP),Gasoline,4,1996,184,270,8-speed automatic (Steptronic),All Wheel Drive,8.2,209,7.2,4648,1880,1661,2809,1875
bmw,BMW,X3,X3 (2014),2014,2017,,xDrive2.8i 8AT AWD (245 HP),Gasoline,4,1994,245,350,8-speed automatic (Steptronic),All Wheel Drive,6.5,230,7.3,4648,1880,1661,2809,1720
bmw,BMW,X3,X3 (2014),2014,2017,,xDrive3.5i 8AT AWD (306 HP),Gasoline,6,2979,306,400,8-speed automatic (Steptronic),All Wheel Drive,5.7,245,8.8,4648,1880,1661,2809,1805
bmw,BMW,X3,X3 (2014),2014,2017,,sDrive18d 6MT RWD (150 HP),Diesel,4,1995,152,350,6-speed manual,Rear Wheel Drive,9.5,195,5,4648,1880,1661,2809,1660
bmw,BMW,X3,X3 (2014),2014,2017,,sDrive18d 8AT RWD (150 HP),Diesel,4,1995,152,361,8-speed automatic (Steptronic),Rear Wheel Drive,9.8,198,5.1,4648,1880,1661,2809,1680
bmw,BMW,X3,X3 (2014),2014,2017,,xDrive2.0d 6MT AWD (190 HP),Diesel,4,1995,190,400,6-speed manual,All Wheel Drive,8.1,209,5.4,4648,1880,1661,2809,1730
bmw,BMW,X3,X3 (2014),2014,2017,,xDrive2.0d 8AT AWD (190 HP),Diesel,4,1995,190,400,8-speed automatic (Steptronic),All Wheel Drive,8.1,209,5.2,4648,1880,1661,2809,1745
bmw,BMW,X3,X3 (2014),2014,2017,,xDrive3.0d 8AT AWD (258 HP),Diesel,6,2993,258,560,8-speed automatic (Steptronic),All Wheel Drive,5.9,232,5.9,4648,1880,1661,2809,1820
bmw,BMW,X3,X3 (2014),2014,2017,,xDrive3.5d 8AT AWD (313 HP),Diesel,6,2993,313,630,8-speed automatic (Steptronic),All Wheel Drive,5.3,245,6,4648,1880,1661,2809,1925
bmw,BMW,X3,X3 (2010),2010,2013,,xDrive2.8i 8AT RWD (245 HP),Gasoline,4,1994,245,350,8-speed automatic (Steptronic),All Wheel Drive,6.7,230,7.6,4648,1880,1661,2809,1720
bmw,BMW,X3,X3 (2010),2010,2013,,xDrive3.5i 8AT RWD (306 HP),Gasoline,6,2979,306,400,8-speed automatic (Steptronic),All Wheel Drive,5.7,245,8.8,4648,1880,1661,2809,1805
bmw,BMW,X3,X3 (2010),2010,2013,,xDrive320i 6MT RWD (184 HP),Gasoline,4,1996,184,270,6-speed automatic (Steptronic),All Wheel Drive,,210,7.9,4648,1880,1661,2809,1875
bmw,BMW,X3,X3 (2010),2010,2013,,sDrive18d 6MT RWD (143 HP),Diesel,4,1995,143,361,6-speed manual,Rear Wheel Drive,9.9,195,5.1,4648,1880,1661,2809,1660
bmw,BMW,X3,X3 (2010),2010,2013,,sDrive18d 8AT RWD (143 HP),Diesel,4,1995,143,361,8-speed automatic (Steptronic),Rear Wheel Drive,10.3,190,5.3,4648,1880,1661,2809,1680
bmw,BMW,X3,X3 (2010),2010,2013,,xDrive2.0d 6MT AWD (184 HP),Diesel,4,1995,184,380,6-speed manual,All Wheel Drive,8.5,210,5.6,4648,1880,1661,2809,1715
bmw,BMW,X3,X3 (2010),2010,2013,,xDrive3.0d 8AT AWD (258 HP),Diesel,6,2993,258,560,8-speed automatic (Steptronic),All Wheel Drive,6.2,230,6,4648,1880,1661,2809,1875
bmw,BMW,X3,X3 (2010),2010,2013,,xDrive3.5d 8AT RWD (308),Diesel,6,2993,313,630,8-speed automatic (Steptronic),All Wheel Drive,5.8,245,6,4648,1880,1661,2809,1925
bmw,BMW,X3,X3 (2007),2007,2010,,2.0i 6MT AWD (150 HP),Gasoline,4,1995,150,200,6-Speed manual,All Wheel Drive,11.5,198,9.3,4656,1854,1674,2794,1630
bmw,BMW,X3,X3 (2007),2007,2010,,2.5si 6MT AWD (218 HP),Gasoline,6,2497,218,250,6-Speed manual,All Wheel Drive,8.5,220,9.3,4656,1854,1674,2794,1705
bmw,BMW,X3,X3 (2007),2007,2010,,3.0si 6MT AWD (272 HP),Gasoline,6,2995,272,315,6-Speed manual,All Wheel Drive,7.2,232,9.5,4656,1854,1674,2794,1715
bmw,BMW,X3,X3 (2007),2007,2010,,1.8d xDrive 6MT AWD (143 HP),Diesel,4,1995,143,350,6-speed manual,All Wheel Drive,10.3,195,6.2,4656,1854,1674,2794,1740
bmw,BMW,X3,X3 (2007),2007,2010,,2.0d 6MT AWD (177 HP),Diesel,4,1995,177,350,6-Speed manual,All Wheel Drive,8.9,198,7.2,4656,1854,1674,2794,1720
bmw,BMW,X3,X3 (2007),2007,2010,,3.0d 6AT AWD (286 HP),Diesel,6,2993,286,580,6-speed automatic,All Wheel Drive,6.4,240,7.8,4656,1854,1674,2794,1850
bmw,BMW,X3,X3 (2007),2007,2010,,3.0d 6MT AWD (218 HP),Diesel,6,2993,218,500,6-Speed manual,All Wheel Drive,7.4,220,7.4,4656,1854,1674,2794,1780
bmw,BMW,X3,X3 (2007),2007,2010,,35d xDrive 6AT AWD (286 HP),Diesel,6,2993,286,580,6-speed automatic,All Wheel Drive,6.4,240,7.8,4656,1854,1674,2794,1875
bmw,BMW,X3,X3 (2004),2004,2007,,2.0i 6MT AWD (150 HP),Gasoline,4,1995,150,200,6-Speed manual,All Wheel Drive,11.5,198,9.3,4656,1854,1674,2794,1630
bmw,BMW,X3,X3 (2004),2004,2007,,2.5i 5AT AWD (192 HP),Gasoline,6,2494,192,245,5-speed automatic,All Wheel Drive,9.8,208,11.9,4656,1854,1674,2794,1815
bmw,BMW,X3,X3 (2004),2004,2007,,2.5i 6MT AWD (192 HP),Gasoline,6,2494,192,245,6-Speed manual,All Wheel Drive,8.9,208,11.2,4656,1854,1674,2794,1715
bmw,BMW,X3,X3 (2004),2004,2007,,3.0d 5AT AWD (204 HP),Gasoline,6,2494,192,245,5-speed automatic,All Wheel Drive,8.2,209,9.1,4656,1854,1674,2794,1925
bmw,BMW,X3,X3 (2004),2004,2007,,3.0i 5AT AWD (231 HP),Gasoline,6,2979,231,300,5-speed automatic,All Wheel Drive,8.1,220,12.1,4656,1854,1674,2794,1770
bmw,BMW,X3,X3 (2004),2004,2007,,3.0i 6MT AWD (231 HP),Gasoline,6,2979,231,300,6-Speed manual,All Wheel Drive,7.8,210,11.4,4656,1854,1674,2794,1735
bmw,BMW,X3,X3 (2004),2004,2007,,2.0d 6MT AWD (150 HP),Diesel,4,1995,150,330,6-Speed manual,All Wheel Drive,10.2,198,7.2,4656,1854,1674,2794,1720
bmw,BMW,X3,X3 (2004),2004,2007,,3.0d 5AT AWD (218 HP),Diesel,6,2993,218,500,5-speed automatic,All Wheel Drive,7.7,209,8.6,4656,1854,1674,2794,1925
bmw,BMW,X3,X3 (2004),2004,2007,,3.0d 6MT AWD (204 HP),Diesel,6,2993,204,410,6-Speed manual,All Wheel Drive,7.9,210,8.4,4656,1854,1674,2794,1825
bmw,BMW,X3,X3 (2004),2004,2007,,3.0d 6MT AWD (218 HP),Diesel,6,2993,218,500,6-Speed manual,All Wheel Drive,7.4,220,7.9,4656,1854,1674,2794,1780
bmw,BMW,X3 M,X3 M (2021),2021,,,M Competition 3.0L xDrive 8AT AWD (510 HP),Gasoline,6,2993,510,650,8-Speed M Steptronic transmission with Drivelogic,All Wheel Drive,3.8,249,11,4717,1897,1669,2865,2085
bmw,BMW,X3 M,X3 M (2019),2019,2024,,3.0L 8AT AWD (480 HP),Gasoline,6,2993,480,600,8-Speed automatic M Steptronic,All Wheel Drive,4.2,249,10.5,4727,1897,1666,2865,1970
bmw,BMW,X3 M,X3 M (2019),2019,2024,,3.0L M Competition 8AT AWD (510 HP),Gasoline,6,2993,510,600,8-Speed automatic M Steptronic,All Wheel Drive,4.1,285,10.5,4727,1897,1669,2865,1970
bmw,BMW,X3 M,X3 M (2019),2019,2024,,xDrive30e 8AT AWD (292 HP),Hybrid,4,1998,292,420,8-Speed automatic Steptronic,All Wheel Drive,6.1,209,2.4,4709,1890,1676,2865,1990
bmw,BMW,X4,X4 (2021),2021,,,M40d 48V 8AT AWD (340 HP),Mild Hybrid Diesel,6,2993,340,700,8-speed automatic Steptronic,All Wheel Drive,4.9,249,7.3,4750,1938,1621,2865,2095
bmw,BMW,X4,X4 (2021),2021,,,xDrive20d 48V 8AT AWD (190 HP),Mild Hybrid Diesel,4,1995,190,400,8-speed automatic Steptronic,All Wheel Drive,7.9,212,6.5,4750,1918,1621,2865,1915
bmw,BMW,X4,X4 (2021),2021,,,xDrive30d 48V 8AT AWD (286 HP),Mild Hybrid Diesel,6,2993,286,650,8-speed automatic Steptronic,All Wheel Drive,5.7,245,7,4750,1918,1621,2865,2010
bmw,BMW,X4,X4 (2021),2021,,,M40i 48V 8AT AWD (360 HP),Mild Hybrid,6,2998,360,500,8-speed automatic Steptronic,All Wheel Drive,4.9,249,8.9,4752,1938,1621,2865,1995
bmw,BMW,X4,X4 (2021),2021,,,xDrive20i 48V 8AT AWD (184 HP),Mild Hybrid,4,1998,184,300,8-speed automatic Steptronic,All Wheel Drive,8.4,216,8.4,4750,1918,1621,2865,1875
bmw,BMW,X4,X4 (2021),2021,,,xDrive30i 48V 8AT AWD (245 HP),Mild Hybrid,4,1998,245,350,8-speed automatic Steptronic,All Wheel Drive,6.6,235,8.5,4750,1918,1621,2865,1875
bmw,BMW,X4,X4 (2018),2018,2021,,20i xDrive 8AT AWD (184 HP),Gasoline,4,1998,184,290,8-speed automatic (Steptronic),All Wheel Drive,8.3,216,7.3,4752,1918,1621,2865,1795
bmw,BMW,X4,X4 (2018),2018,2021,,30i xDrive 8AT AWD (252 HP),Gasoline,4,1998,252,350,8-speed automatic (Steptronic),All Wheel Drive,6.3,240,7.3,4752,1918,1621,2865,1795
bmw,BMW,X4,X4 (2018),2018,2021,,M40i xDrive 8AT AWD (354 HP),Gasoline,6,2998,354,500,8-speed automatic (Steptronic),All Wheel Drive,4.8,249,9,4752,1918,1621,2865,1825
bmw,BMW,X4,X4 (2018),2018,2021,,M40i xDrive 8AT AWD (360 HP),Gasoline,6,2998,360,500,8-speed automatic (Steptronic),All Wheel Drive,4.8,249,7.8,4752,1918,1621,2865,1865
bmw,BMW,X4,X4 (2018),2018,2021,,M40i xDrive 8AT AWD (382 HP) (US),Gasoline,6,2998,382,495,8-speed automatic (Steptronic),All Wheel Drive,,,10.2,4752,1918,1621,2865,1961
bmw,BMW,X4,X4 (2018),2018,2021,,20d xDrive 8AT AWD (190 HP),Diesel,4,1995,190,400,8-speed automatic (Steptronic),All Wheel Drive,8,212,5.6,4752,1918,1621,2865,1815
bmw,BMW,X4,X4 (2018),2018,2021,,25d xDrive 8AT AWD (231 HP),Diesel,4,1995,231,500,8-speed automatic (Steptronic),All Wheel Drive,6.8,230,5.7,4752,1918,1621,2865,1815
bmw,BMW,X4,X4 (2018),2018,2021,,30d xDrive 8AT AWD (265 HP),Diesel,6,2993,265,620,8-speed automatic (Steptronic),All Wheel Drive,5.8,240,5.8,4752,1918,1621,2865,1820
bmw,BMW,X4,X4 (2018),2018,2021,,M40d xDrive 8AT AWD (326 HP),Diesel,6,2993,326,680,8-speed automatic (Steptronic),All Wheel Drive,4.9,249,6.6,4752,1918,1621,2865,1970
bmw,BMW,X4,X4 (2018),2018,2021,,20d xDrive 8AT AWD (190 HP),Mild Hybrid Diesel,4,1995,190,400,8-speed automatic (Steptronic),All Wheel Drive,7.9,212,4.8,4752,1918,1621,2865,1850
bmw,BMW,X4,X4 (2018),2018,2021,,30d xDrive 8AT AWD (190 HP),Mild Hybrid Diesel,6,2993,286,650,8-speed automatic (Steptronic),All Wheel Drive,5.7,245,5.1,4752,1918,1621,2865,1930
bmw,BMW,X4,X4 (2018),2018,2021,,M40d xDrive 8AT AWD (326 HP),Mild Hybrid Diesel,6,2993,340,700,8-speed automatic (Steptronic),All Wheel Drive,4.9,249,5.6,4752,1918,1621,2865,2020
bmw,BMW,X4,X4 (2014),2014,2018,,M40i 8AT (360 HP),Gasoline,6,2979,360,465,8-speed automatic (Steptronic),All Wheel Drive,4.9,249,8.6,4671,1882,1623,2809,1915
bmw,BMW,X4,X4 (2014),2014,2018,,xDrive20i 8AT (184 HP),Gasoline,4,1997,184,270,8-speed automatic (Steptronic),All Wheel Drive,8.1,212,7.2,4671,1882,1623,2809,1735
bmw,BMW,X4,X4 (2014),2014,2018,,xDrive28i 8AT (245 HP),Gasoline,4,1997,245,350,8-speed automatic (Steptronic),All Wheel Drive,6.4,232,7.3,4671,1882,1623,2809,1770
bmw,BMW,X4,X4 (2014),2014,2018,,xDrive35i 8AT (306 HP),Gasoline,6,2979,306,400,8-speed automatic (Steptronic),All Wheel Drive,5.5,246,8.3,4671,1882,1623,2809,1815
bmw,BMW,X4,X4 (2014),2014,2018,,xDrive20d 6MT (190 HP),Diesel,4,1995,190,400,6-speed manual,All Wheel Drive,8,212,5.4,4671,1882,1623,2809,1730
bmw,BMW,X4,X4 (2014),2014,2018,,xDrive20d 8AT (190 HP),Diesel,4,1995,190,400,8-speed automatic (Steptronic),All Wheel Drive,8,212,5.2,4671,1882,1623,2809,1745
bmw,BMW,X4,X4 (2014),2014,2018,,xDrive30d 8AT (258 HP),Diesel,6,2993,258,649,8-speed automatic (Steptronic),All Wheel Drive,5.8,233,5.9,4671,1882,1623,2809,1820
bmw,BMW,X4,X4 (2014),2014,2018,,xDrive35d 8AT (313 HP),Diesel,6,2993,313,630,8-speed automatic (Steptronic),All Wheel Drive,5.2,246,6,4671,1882,1623,2809,1860
bmw,BMW,X4 M,X4 M (2021),2021,,,M Competition 3.0L xDrive 8AT AWD (510 HP),Gasoline,6,2993,510,650,8-Speed M Steptronic transmission with Drivelogic,All Wheel Drive,3.8,249,10.8,4755,1928,1621,2865,2085
bmw,BMW,X4 M,X4 M (2019),2019,2025,,3.0L 8AT AWD (480 HP),Gasoline,6,2993,480,600,8-Speed automatic M Steptronic,All Wheel Drive,4.2,249,10.5,4757,1928,1618,2865,1970
bmw,BMW,X4 M,X4 M (2019),2019,2025,,3.0L M Competition 8AT AWD (510 HP),Gasoline,6,2993,510,600,8-Speed automatic M Steptronic,All Wheel Drive,4.1,285,10.5,4757,1928,1618,2865,1970
bmw,BMW,X5,X5 (2026),2026,,,40 xDrive MHEV 8AT AWD (400 HP),Mild Hybrid,6,2998,400,540,8-speed automatic Steptronic,All Wheel Drive,5.3,249,,4994,1999,170,3035,2290
bmw,BMW,X5,X5 (2026),2026,,,40d xDrive MHEV 8AT AWD (286 HP),Mild Hybrid Diesel,6,2993,286,650,8-speed automatic Steptronic,All Wheel Drive,6.1,230,,4994,1999,1750,3035,2355
bmw,BMW,X5,X5 (2026),2026,,,50e xDrive PHEV 8AT AWD (489 HP),Plug-in Hybrid,6,2998,313,450,8-speed automatic Steptronic,All Wheel Drive,5,249,,4994,1999,1750,3035,2565
bmw,BMW,X5,X5 (2026),2026,,,M60e xDrive PHEV 8AT AWD (612 HP),Plug-in Hybrid,6,2998,426,540,8-speed automatic Steptronic,All Wheel Drive,4,249,,4999,1999,1750,3035,2640
bmw,BMW,X5,X5 (2023),2023,2026,,M60i xDrive V8 8AT AWD (530 HP),Mild Hybrid,8,4395,530,750,8-speed automatic Steptronic,All Wheel Drive,4.3,249,12.5,4935,2004,1755,2974,2345
bmw,BMW,X5,X5 (2023),2023,2026,,xDrive40i 8AT AWD (380 HP),Mild Hybrid,6,2998,380,520,8-speed automatic Steptronic,All Wheel Drive,5.4,249,9.9,4935,2004,1755,2974,2165
bmw,BMW,X5,X5 (2023),2023,2026,,xDrive30d 8AT AWD (298 HP),Mild Hybrid Diesel,6,2993,286,650,8-speed automatic Steptronic,All Wheel Drive,6.1,233,8.2,4935,2004,1765,2974,2220
bmw,BMW,X5,X5 (2023),2023,2026,,xDrive40d 8AT AWD (340 HP),Mild Hybrid Diesel,6,2993,340,700,8-speed automatic Steptronic,All Wheel Drive,5.5,245,7.3,4935,2004,1765,2974,2315
bmw,BMW,X5,X5 (2023),2023,2026,,xDrive50e 8AT AWD (490 HP),Hybrid Gasoline,6,2998,313,450,8-speed automatic Steptronic,All Wheel Drive,4.8,249,1.1,4935,2004,1755,2974,2420
bmw,BMW,X5,X5 (2018),2018,2023,,30Li xDrive 8AT AWD (China),Gasoline,4,,,,8-speed automatic Steptronic,All Wheel Drive,,,,4923,2004,1745,2974,
bmw,BMW,X5,X5 (2018),2018,2023,,40Li xDrive 8AT AWD China),Gasoline,6,,,,8-speed automatic Steptronic,All Wheel Drive,,,,4923,2004,1745,2974,
bmw,BMW,X5,X5 (2018),2018,2023,,M50i xDrive 8AT AWD (530 HP),Gasoline,8,,530,750,8-speed automatic Steptronic,All Wheel Drive,4.3,,10.7,4923,2004,1745,2974,
bmw,BMW,X5,X5 (2018),2018,2023,,xDrive40i 8AT AWD (340 HP),Gasoline,6,2998,340,450,8-speed automatic Steptronic,All Wheel Drive,5.5,243,8.5,4923,2004,1745,2974,
bmw,BMW,X5,X5 (2018),2018,2023,,xDrive50i V8 8AT AWD (462 HP),Gasoline,8,4395,462,650,8-speed automatic Steptronic,All Wheel Drive,4.3,249,11.6,4923,2004,1745,2974,
bmw,BMW,X5,X5 (2018),2018,2023,,M50d 8AT 7 Seats RWD (400 HP),Diesel,6,2993,400,760,8-speed automatic Steptronic,Rear Wheel Drive,5.2,249,6.8,4923,2004,1745,2974,2350
bmw,BMW,X5,X5 (2018),2018,2023,,M50d 8AT RWD (400 HP),Diesel,6,2993,400,760,8-speed automatic Steptronic,Rear Wheel Drive,5.2,249,7.2,4923,2004,1745,2974,2350
bmw,BMW,X5,X5 (2018),2018,2023,,xDrive 30d 8AT 7 Seats AWD (265 HP),Diesel,6,2993,265,620,8-speed automatic Steptronic,All Wheel Drive,6.5,230,6,4923,2004,1745,2974,2185
bmw,BMW,X5,X5 (2018),2018,2023,,xDrive 30d 8AT AWD (265 HP),Diesel,6,2993,265,620,8-speed automatic Steptronic,All Wheel Drive,6.5,230,6.7,4923,2004,1745,2974,2185
bmw,BMW,X5,X5 (2018),2018,2023,,xDrive 45e 8AT AWD (395 HP),Hybrid,6,2993,395,760,8-speed automatic Steptronic,All Wheel Drive,5.6,235,7.2,4923,2004,1745,2974,
bmw,BMW,X5,X5 (2018),2018,2023,,30d xDrive 8AT AWD (286 HP),Mild Hybrid Diesel,6,2993,286,650,8-speed automatic Steptronic,All Wheel Drive,6.1,235,5.7,4923,2004,1745,2974,2190
bmw,BMW,X5,X5 (2018),2018,2023,,40d xDrive 8AT AWD (340 HP),Mild Hybrid Diesel,6,2993,340,700,8-speed automatic Steptronic,All Wheel Drive,5.5,245,5.9,4923,2004,1745,2974,2200
bmw,BMW,X5,X5 (2014),2014,2018,,sDrive35i 8AT RWD (300 HP),Gasoline,6,2979,305,400,Eight-speed automatic with Steptronic,Rear Wheel Drive,6.4,209,,4887,1938,1763,2934,2123
bmw,BMW,X5,X5 (2014),2014,2018,,xDrive35i 8AT AWD (306 HP),Gasoline,6,2979,306,400,Eight-speed automatic with Steptronic,All Wheel Drive,6.5,235,8.5,4887,1938,1763,2934,2173
bmw,BMW,X5,X5 (2014),2014,2018,,xDrive50i 8AT AWD (450 HP),Gasoline,8,4395,450,649,Eight-speed automatic with Steptronic,All Wheel Drive,4.9,249,9.6,4887,1938,1763,2934,2336
bmw,BMW,X5,X5 (2014),2014,2018,,sDrive25d 8AT RWD (218 HP),Diesel,4,1995,218,450,Eight-speed automatic with Steptronic,Rear Wheel Drive,8.2,220,5.7,4887,1938,1763,2934,1995
bmw,BMW,X5,X5 (2014),2014,2018,,xDrive25d 8AT AWD (218 HP),Diesel,4,1995,218,450,Eight-speed automatic with Steptronic,All Wheel Drive,8.2,220,5.9,4887,1938,1763,2934,2040
bmw,BMW,X5,X5 (2014),2014,2018,,xDrive30d 8AT AWD (258 HP),Diesel,6,2993,258,560,Eight-speed automatic with Steptronic,All Wheel Drive,6.8,230,5.9,4887,1938,1763,2934,2070
bmw,BMW,X5,X5 (2014),2014,2018,,xDrive35d 8AT AWD (259 HP),Diesel,6,2993,258,576,Eight-speed automatic with Steptronic,All Wheel Drive,7.1,241,,4887,1938,1763,2934,2236
bmw,BMW,X5,X5 (2014),2014,2018,,xDrive40d 8AT AWD (313 HP),Diesel,6,2993,313,630,Eight-speed automatic with Steptronic,All Wheel Drive,5.9,237,6,4887,1938,1763,2934,2110
bmw,BMW,X5,X5 (2014),2014,2018,,xDriveM50d 8AT AWD (381 HP),Diesel,6,2933,381,740,Eight-speed automatic with Steptronic,All Wheel Drive,5.3,249,6.7,4887,1938,1763,2934,2190
bmw,BMW,X5,X5 (2014),2014,2018,,xDrive 40e 8AT AWD (313 HP),Hybrid,4,1997,245,350,8-speed automatic (Steptronic),All Wheel Drive,6.8,209,3.4,4887,1938,1763,2934,2205
bmw,BMW,X5,X5 (2010),2010,2014,,xDrive 35i 8AT AWD (306 HP),Gasoline,6,2979,306,400,8-speed automatic (Steptronic),All Wheel Drive,6.8,235,10.1,4856,1933,1775,2934,2145
bmw,BMW,X5,X5 (2010),2010,2014,,xDrive 50i 8AT AWD (408 HP),Gasoline,8,4395,408,599,8-speed automatic (Steptronic),All Wheel Drive,5.5,249,12.5,4856,1933,18,2934,2265
bmw,BMW,X5,X5 (2010),2010,2014,,xDrive 30d 8AT AWD (245 HP),Diesel,6,2993,245,540,8-speed automatic (Steptronic),All Wheel Drive,7.6,222,7.4,4856,1933,1775,2934,2150
bmw,BMW,X5,X5 (2010),2010,2014,,xDrive 35d 6AT AWD (265 HP),Diesel,6,2993,265,576,6-speed automatic,All Wheel Drive,7.1,241,9.1,4856,1933,1775,2934,2355
bmw,BMW,X5,X5 (2010),2010,2014,,xDrive 40d 8AT AWD (306 HP),Diesel,6,2993,306,599,8-speed automatic (Steptronic),All Wheel Drive,6.6,235,7.5,2934,1933,1775,2934,2185
bmw,BMW,X5,X5 (2010),2010,2014,,xDrive M50D 8AT AWD (375 HP),Diesel,6,2993,375,740,8-speed automatic,All Wheel Drive,5.4,249,7.6,4856,1933,1775,2934,2225
bmw,BMW,X5,X5 (2007),2007,2009,,3.0 SI 6AT AWD (272 HP),Gasoline,6,2996,272,315,6-automatic speed,All Wheel Drive,8.1,225,10.2,4854,1933,1765,2934,1975
bmw,BMW,X5,X5 (2007),2007,2009,,4.8i 6AT AWD (355 HP),Gasoline,8,4799,355,475,6-automatic speed,All Wheel Drive,6.5,240,12.5,4854,1933,1765,2934,2080
bmw,BMW,X5,X5 (2007),2007,2009,,3.0d 6AT AWD (235 HP),Diesel,6,2993,235,521,6-automatic speed,All Wheel Drive,8.3,216,8.7,4854,1933,1765,2931,2050
bmw,BMW,X5,X5 (2007),2007,2009,,3.0L SD 6AT AWD (286 HP),Diesel,6,2993,286,580,6-automatic speed,All Wheel Drive,7,235,8.2,4854,1933,1765,2934,2085
bmw,BMW,X5,X5 (2003),2003,2007,,3.0i 5AT AWD (225 HP),Gasoline,6,2979,224,290,5-speed automatic,All Wheel Drive,8.6,209,12.7,4666,1872,1715,2819,2130
bmw,BMW,X5,X5 (2003),2003,2007,,3.0i 6MT AWD (225 HP),Gasoline,6,2979,224,290,6-speed manual,All Wheel Drive,8.1,209,12.7,4666,1872,1715,2819,2110
bmw,BMW,X5,X5 (2003),2003,2007,,3.0i 6MT AWD (231 HP),Gasoline,6,2979,231,300,6-speed manual,All Wheel Drive,8.3,210,12.7,4666,1872,1715,2819,1995
bmw,BMW,X5,X5 (2003),2003,2007,,4.4i 6AT AWD (320 HP),Gasoline,8,4398,320,441,6-speed automatic,All Wheel Drive,7,240,13.1,4666,1872,1715,2819,2120
bmw,BMW,X5,X5 (2003),2003,2007,,4.8is 6AT AWD (360 HP),Gasoline,8,4799,360,489,6-speed automatic,All Wheel Drive,6.1,246,13.5,4666,1872,1715,2819,2200
bmw,BMW,X5,X5 (2003),2003,2007,,3.0d 6MT AWD (218 HP),Diesel,6,2993,218,500,6-speed manual,All Wheel Drive,8.3,210,8.6,4666,1872,1715,2819,2070
bmw,BMW,X5,X5 (2000),2000,2003,,3.0i 5MT AWD (231 HP),Gasoline,6,2979,231,300,5-Speed manual,All Wheel Drive,8.5,202,12.7,4666,1872,1715,2819,2070
bmw,BMW,X5,X5 (2000),2000,2003,,4.4i 5AT AWD (286 HP),Gasoline,8,4398,286,439,5-speed automatic,All Wheel Drive,7.5,206,13.9,4666,1872,1715,2819,2180
bmw,BMW,X5,X5 (2000),2000,2003,,4.6is 5AT AWD (340 HP),Gasoline,8,4619,340,480,5-speed automatic,All Wheel Drive,6.5,240,14.9,4666,1872,1715,2819,2180
bmw,BMW,X5,X5 (2000),2000,2003,,3.0d 5AT AWD (184 HP),Diesel,6,2926,184,409,5-speed automatic,All Wheel Drive,10.5,200,9.7,4666,1872,1715,2819,2170
bmw,BMW,X5 M,X5 M (2023),2023,,,Competition 4.4L V8 xDrive 48V MHEV AWD 8AT (625 HP),Mild Hybrid,8,4395,625,750,8-speed automatic M Steptronic with Drivelogic,All Wheel Drive,3.9,249,13.1,4948,2014,1763,2972,2400
bmw,BMW,X5 M,X5 M (2019),2019,2023,,4.4L V8 8AT AWD (600 HP),Gasoline,8,4395,600,750,8-speed automatic M Steptronic,All Wheel Drive,3.9,249,13,4938,2014,1748,2972,2310
bmw,BMW,X5 M,X5 M (2019),2019,2023,,M Competition 4.4L V8 8AT AWD (625 HP),Gasoline,8,4395,625,750,8-speed automatic M Steptronic,All Wheel Drive,3.8,249,13,4938,2014,1748,2972,2310
bmw,BMW,X5 M,X5 M (2014),2014,2018,,4.4L xDrive V8 8AT AWD (575 HP),Gasoline,8,4395,575,758,8-speed automatic,All Wheel Drive,4.2,249,11.1,4879,1984,1755,2934,2275
bmw,BMW,X5 M,X5 M (2009),2009,2014,,4.4L xDrive V8 6AT AWD (555 HP),Gasoline,8,4395,555,679,6-speed automatic,All Wheel Drive,4.7,249,14.7,4851,1994,1763,2931,2380
bmw,BMW,X6,X6 (2023),2023,,,M60i xDrive 8AT AWD (530 HP),Mild Hybrid,8,4395,530,750,8-speed automatic Steptronic,All Wheel Drive,4.3,249,12.3,4961,2004,1694,2974,2315
bmw,BMW,X6,X6 (2023),2023,,,xDrive40i 8AT AWD (380 HP),Mild Hybrid,6,2998,380,520,8-speed automatic Steptronic,All Wheel Drive,5.4,249,9.6,4961,2004,1694,2974,2165
bmw,BMW,X6,X6 (2023),2023,,,xDrive30d 8AT AWD (298 HP),Mild Hybrid Diesel,6,2993,286,650,8-speed automatic Steptronic,All Wheel Drive,6.1,233,7.9,4961,2004,1694,2974,2220
bmw,BMW,X6,X6 (2019),2019,2023,,M50i 8AT AWD (530 HP),Gasoline,8,4395,530,750,8-speed automatic Steptronic,All Wheel Drive,4.3,249,10.7,4935,2004,1697,2974,2310
bmw,BMW,X6,X6 (2019),2019,2023,,xDrive 40i 8AT AWD (340 HP),Gasoline,6,2998,340,450,8-speed automatic Steptronic,All Wheel Drive,5.5,249,8.6,4935,2004,1697,2974,2310
bmw,BMW,X6,X6 (2019),2019,2023,,M50d 8AT AWD (400 HP),Diesel,6,2993,400,760,8-speed automatic Steptronic,All Wheel Drive,5.2,249,7.2,4935,2004,1697,2974,2335
bmw,BMW,X6,X6 (2019),2019,2023,,xDrive 30d 8AT AWD (265 HP),Diesel,6,2993,265,620,8-speed automatic Steptronic,All Wheel Drive,6.5,230,6.6,4935,2004,1697,2974,2185
bmw,BMW,X6,X6 (2019),2019,2023,,xDrive 40d 8AT AWD (340 HP),Hybrid Diesel,6,2993,340,700,8-speed automatic Steptronic,All Wheel Drive,5.5,245,6.2,4935,2004,1697,2974,2190
bmw,BMW,X6,X6 (2014),2014,2019,,xDrive35i 8AT AWD (306 HP),Gasoline,6,2979,306,400,8-speed Steptronic sport transmission,All Wheel Drive,6.4,240,8.5,4910,1989,1702,2934,2100
bmw,BMW,X6,X6 (2014),2014,2019,,xDrive50i 8AT AWD (450 HP),Gasoline,8,4395,450,649,8-speed Steptronic sport transmission,All Wheel Drive,4.8,249,9.7,4910,1989,1702,2934,2170
bmw,BMW,X6,X6 (2014),2014,2019,,M50d 8AT AWD (381 HP),Diesel,6,2993,381,740,Eight-speed Steptronic sport transmission,All Wheel Drive,5.2,249,6.6,4910,1989,1702,2934,2185
bmw,BMW,X6,X6 (2014),2014,2019,,xDrive30d 8AT AWD (258 HP),Diesel,6,2993,258,560,Eight-speed Steptronic sport transmission,All Wheel Drive,6.7,230,6,4910,1989,1702,2934,2065
bmw,BMW,X6,X6 (2014),2014,2019,,xDrive40d 8AT AWD (313 HP),Diesel,6,2993,313,630,8-speed Steptronic sport transmission,All Wheel Drive,5.8,240,6.2,4910,1989,1702,2934,2180
bmw,BMW,X6,X6 (2010),2010,2014,,xDrive 35i 8AT AWD (306 HP),Gasoline,6,2979,306,400,8-speed automatic (Steptronic),All Wheel Drive,6.7,240,10.1,4877,1984,1689,2934,2145
bmw,BMW,X6,X6 (2010),2010,2014,,xDrive 50i 8AT AWD (408 HP),Gasoline,8,4395,408,599,8-speed automatic (Steptronic),All Wheel Drive,5.4,241,12.5,4877,1984,1689,2934,2265
bmw,BMW,X6,X6 (2010),2010,2014,,xDrive 30d 8AT AWD (245 HP),Diesel,6,2993,245,540,8-speed automatic (Steptronic),All Wheel Drive,7.5,209,7.4,4877,1984,1689,2934,2150
bmw,BMW,X6,X6 (2010),2010,2014,,xDrive 40d 8AT AWD (306 HP),Diesel,6,2993,306,599,8-speed automatic (Steptronic),All Wheel Drive,6.5,237,7.5,4877,1984,1689,2934,2185
bmw,BMW,X6,X6 (2010),2010,2014,,xDrive M50d 8AT AWD (375 HP),Diesel,6,2993,379,740,8 speed automatic,All Wheel Drive,5.3,349,7.1,4877,1984,1699,2934,2150
bmw,BMW,X6,X6 (2010),2010,2014,,ActiveHybrid 8AT AWD (485 HP),Hybrid,8,4395,485,780,8-speed automatic (Tiptronic),All Wheel Drive,5.6,235,9.9,4877,1984,1697,2934,2525
bmw,BMW,X6,X6 (2008),2008,2009,,xDrive 35i 6AT AWD (306 HP),Gasoline,6,2979,306,400,6-speed automatic,All Wheel Drive,6.7,240,10.9,4877,1984,1689,2934,2145
bmw,BMW,X6,X6 (2008),2008,2009,,xDrive 50i 6AT AWD (406 HP),Gasoline,8,4395,407,601,6-speed automatic,All Wheel Drive,5.4,249,12.5,4877,1984,1689,2934,2265
bmw,BMW,X6,X6 (2008),2008,2009,,30d xDrive 8AT AWD (245 HP),Diesel,6,2993,245,540,8-speed automatic Steptronic,All Wheel Drive,7.5,209,7.4,4877,1984,1689,2934,2075
bmw,BMW,X6,X6 (2008),2008,2009,,xDrive 30d 6AT AWD (235 HP),Diesel,6,2993,235,521,6-speed automatic,All Wheel Drive,8,220,8.2,4877,1984,1689,2934,2150
bmw,BMW,X6,X6 (2008),2008,2009,,xDrive 35d 6AT AWD (285 HP),Diesel,6,2993,286,580,6-speed automatic,All Wheel Drive,6.9,237,8.3,4877,1984,1689,2934,2185
bmw,BMW,X6 M,X6 M (2023),2023,,,Competition 4.4L V8 xDrive 48V MHEV AWD 8AT (625 HP),Mild Hybrid,8,4395,625,750,8-speed automatic M Steptronic with Drivelogic,All Wheel Drive,3.9,249,12.9,4948,2019,1694,2972,2370
bmw,BMW,X6 M,X6 M (2019),2019,2023,,4.4L V8 8AT AWD (600 HP),Gasoline,8,4395,600,750,8-speed automatic M Steptronic with Drivelogic,All Wheel Drive,3.9,249,12.7,4940,2019,1692,2972,2295
bmw,BMW,X6 M,X6 M (2019),2019,2023,,M Competition 4.4L V8 8AT AWD (625 HP),Gasoline,8,4395,625,750,8-speed automatic M Steptronic with Drivelogic,All Wheel Drive,3.8,249,12.7,4940,2019,1692,2972,2295
bmw,BMW,X6 M,X6 M (2014),2014,2018,,4.4L xDrive V8 8AT AWD (575 HP),Gasoline,8,4395,575,750,8-speed automatic,All Wheel Drive,4.2,249,11.1,4910,1989,1689,2934,2265
bmw,BMW,X6 M,X6 M (2009),2009,2014,,4.4L V8 6AT (555 HP),Gasoline,8,4395,555,679,6-speed automatic,Rear Wheel Drive,4.7,249,13.9,4877,1981,1684,17643,2380
bmw,BMW,X7,X7 (2022),2022,,,40d xDrive 8AT AWD (352 HP),Mild Hybrid Diesel,6,2993,340,700,8-speed automatic Steptronic,All Wheel Drive,6.1,243,7.6,5161,1999,1819,3104,
bmw,BMW,X7,X7 (2022),2022,,,40i xDrive 8AT AWD (380 HP),Mild Hybrid,6,2998,380,520,8-speed automatic Steptronic,All Wheel Drive,5.8,249,10.5,5161,1999,1819,3104,
bmw,BMW,X7,X7 (2022),2022,,,M60i xDrive 8AT AWD (530 HP),Mild Hybrid,8,4395,530,750,8-speed automatic Steptronic,All Wheel Drive,4.7,249,12.9,5161,1999,1819,3104,
bmw,BMW,X7,X7 (2018),2018,2022,,M50i V8 xDrive 8AT AWD (530 HP),Gasoline,8,,530,750,8-speed automatic Steptronic,Rear Wheel Drive,4.7,249,10.7,5151,1999,1806,3104,2460
bmw,BMW,X7,X7 (2018),2018,2022,,xDrive40i 8AT AWD (340 HP),Gasoline,6,2998,340,450,8-speed automatic Steptronic,Rear Wheel Drive,6.1,245,9,5151,1999,1806,3104,2320
bmw,BMW,X7,X7 (2018),2018,2022,,xDrive50i 8AT AWD (462 HP),Gasoline,8,4395,462,650,8-speed automatic Steptronic,Rear Wheel Drive,5.4,249,11.4,5151,1999,1806,3104,2460
bmw,BMW,X7,X7 (2018),2018,2022,,M50d xDrive 8AT AWD (400 HP),Diesel,6,2993,400,760,8-speed automatic Steptronic,Rear Wheel Drive,5.4,249,7,5151,1999,1806,3104,2460
bmw,BMW,X7,X7 (2018),2018,2022,,xDrive30d 8AT AWD (265 HP),Diesel,6,2993,265,620,8-speed automatic Steptronic,Rear Wheel Drive,7,227,6.8,5151,1999,1806,3104,2370
bmw,BMW,X7,X7 (2018),2018,2022,,40d MHEV xDrive 8AT AWD (340 HP),Mild Hybrid Diesel,6,2993,340,700,8-speed automatic Steptronic,All Wheel Drive,6.1,245,6.4,5151,1999,1806,3104,2470
bmw,BMW,X7,X7 (2018),2018,2022,,40i MHEV xDrive 8AT AWD (333 HP),Mild Hybrid,6,2998,333,750,8-speed automatic Steptronic,All Wheel Drive,6.3,243,8.3,5151,1999,1806,3104,2360
bmw,BMW,XM,XM (2022),2022,,,4.4L xDrive V8 PHEV 8AT AWD (653 HP),Plug-in Hybrid,8,4395,490,650,8-speed automatic Steptronic,All Wheel Drive,4.3,249,1.5,5110,2004,1755,3104,2710
bmw,BMW,Z1,Z1 (1988),1988,1991,,2.5L 5MT RWD (170 HP),Gasoline,6,2494,170,222,5-Speed manual,Rear Wheel Drive,7.9,225,9.2,3950,1801,1278,2446,1250
bmw,BMW,Z3,Z3 Coupe (1998),1998,2002,,3.2L 5MT (321 HP),Gasoline,6,3201,321,350,5-Speed manual,Rear Wheel Drive,5.4,250,11.1,4026,1740,1280,2459,1390
bmw,BMW,Z3,Z3 Coupe (1998),1998,2002,,2.8i 5MT RWD (193 HP),Gasoline,6,2793,193,280,5-Speed manual,Rear Wheel Drive,6.8,231,9.4,4026,1740,1306,2446,1300
bmw,BMW,Z3,Z3 Coupe (1998),1998,2002,,3.0i 5MT RWD (231 HP),Gasoline,6,2979,231,300,5-Speed manual,Rear Wheel Drive,6,250,9.5,4026,1740,1306,2446,1330
bmw,BMW,Z3,Z3 Roadster (1997),1997,2002,,3.2L 5MT RWD (325 HP),Gasoline,6,3246,325,350,5-speed manual,Rear Wheel Drive,5.3,250,11.1,4026,1740,1288,2459,1350
bmw,BMW,Z3,Z3 Roadster (1996),1996,2003,,1.8L 5MT RWD (115 HP),Gasoline,4,1796,116,168,5-Speed manual,Rear Wheel Drive,10.5,194,7.8,4049,1740,1293,2446,1160
bmw,BMW,Z3,Z3 Roadster (1996),1996,2003,,1.9L 4AT RWD (140 HP),Gasoline,4,1895,140,180,4-Speed automatic,Rear Wheel Drive,10.6,196,8,4049,1740,1293,2446,1185
bmw,BMW,Z3,Z3 Roadster (1996),1996,2003,,1.9L 5MT RWD (118 HP),Gasoline,6,1895,118,190,5-Speed manual,Rear Wheel Drive,10.4,196,,4049,1740,1293,2446,1220
bmw,BMW,Z3,Z3 Roadster (1996),1996,2003,,1.9L 5MT RWD (140 HP),Gasoline,4,1895,140,180,5-Speed manual,Rear Wheel Drive,9.5,205,8,4049,1740,1293,2446,1185
bmw,BMW,Z3,Z3 Roadster (1996),1996,2003,,2.0L 5MT RWD (150 HP),Gasoline,6,1991,150,280,5-Speed manual,Rear Wheel Drive,89,209,,4049,1740,1293,2446,1270
bmw,BMW,Z3,Z3 Roadster (1996),1996,2003,,2.2L 5AT RWD (170 HP),Gasoline,6,1991,150,280,5-speed automatic,Rear Wheel Drive,8.9,220,9.6,4049,1740,1293,2446,1345
bmw,BMW,Z3,Z3 Roadster (1996),1996,2003,,2.2L 5MT RWD (170 HP),Gasoline,6,2171,170,210,5-Speed manual,Rear Wheel Drive,7.9,224,9.2,4049,1740,1293,2446,1245
bmw,BMW,Z3,Z3 Roadster (1996),1996,2003,,2.8L 4AT RWD (192 HP),Gasoline,6,2793,192,275,4-Speed automatic,Rear Wheel Drive,7.2,216,9.7,4049,1740,1293,2446,1285
bmw,BMW,Z3,Z3 Roadster (1996),1996,2003,,2.8L 5MT RWD (192 HP),Gasoline,6,2793,192,275,5-Speed manual,Rear Wheel Drive,7.1,218,9.7,4049,1740,1293,2446,1260
bmw,BMW,Z3,Z3 Roadster (1996),1996,2003,,3.0L 5MT RWD (231 HP),Gasoline,6,2979,231,300,5-Speed manual,Rear Wheel Drive,6,240,9.5,4049,1740,1293,2446,1285
bmw,BMW,Z4,Z4 Roadster (2024),2024,,,M40i 8AT RWD (340 HP),Gasoline,6,2998,340,500,8-speed automatic Steptronic,Rear Wheel Drive,4.5,249,8,4323,1864,1303,2469,1550
bmw,BMW,Z4,Z4 Roadster (2024),2024,,,Pure Impulse edition M40i 6MT RWD (340 HP),Gasoline,6,2998,340,500,6-manual speed,Rear Wheel Drive,4.6,249,8.7,4323,1864,1303,2469,1550
bmw,BMW,Z4,Z4 Roadster (2024),2024,,,sDrive20i 6MT RWD (197 HP),Gasoline,4,1998,197,320,6-manual speed,Rear Wheel Drive,6.8,241,7.4,4323,1864,1303,2469,1435
bmw,BMW,Z4,Z4 Roadster (2024),2024,,,sDrive20i 8AT RWD (197 HP),Gasoline,4,1998,197,320,8-speed automatic Steptronic,Rear Wheel Drive,6.6,240,7.3,4323,1864,1303,2469,1450
bmw,BMW,Z4,Z4 Roadster (2024),2024,,,sDrive30i 8AT RWD (258 HP),Gasoline,4,1998,258,400,8-speed automatic Steptronic,Rear Wheel Drive,5.4,249,7.4,4323,1864,1303,2469,1470
bmw,BMW,Z4,Z4 Roadster (2013),2013,2016,,sDrive18i 6MT (156 HP),Gasoline,4,1997,156,240,6-speed manual,Rear Wheel Drive,7.9,220,6.8,4239,1791,1290,2497,1470
bmw,BMW,Z4,Z4 Roadster (2013),2013,2016,,sDrive18i 8AT (156 HP),Gasoline,4,1997,156,240,8-speed automatic Steptronic,Rear Wheel Drive,8.1,220,6.8,4239,1791,1290,2497,1495
bmw,BMW,Z4,Z4 Roadster (2013),2013,2016,,sDrive20i 6MT (184 HP),Gasoline,4,1997,184,270,6-speed manual,Rear Wheel Drive,6.9,235,6.8,4239,1791,1290,2497,1395
bmw,BMW,Z4,Z4 Roadster (2013),2013,2016,,sDrive20i 8AT (184 HP),Gasoline,4,1997,184,270,8-speed automatic Steptronic,Rear Wheel Drive,6.9,232,6.8,4239,1791,1290,2497,1395
bmw,BMW,Z4,Z4 Roadster (2013),2013,2016,,sDrive28i 6MT (245 HP),Gasoline,4,1997,245,350,6-speed manual,Rear Wheel Drive,5.7,249,6.8,4239,1791,1290,2497,1400
bmw,BMW,Z4,Z4 Roadster (2013),2013,2016,,sDrive28i 8AT (245 HP),Gasoline,4,1997,245,350,8-speed automatic Steptronic,Rear Wheel Drive,5.5,249,6.8,4239,1791,1290,2497,1475
bmw,BMW,Z4,Z4 Roadster (2013),2013,2016,,sDrive35i 6MT (306 HP),Gasoline,6,2979,306,400,6-speed manual,Rear Wheel Drive,5.2,249,9.4,4239,1791,1290,2497,1505
bmw,BMW,Z4,Z4 Roadster (2013),2013,2016,,sDrive35i 7AT (306 HP),Gasoline,6,2979,306,400,7-speed automatic DCT,Rear Wheel Drive,5.1,249,9,4239,1791,1290,2497,1525
bmw,BMW,Z4,Z4 Roadster (2013),2013,2016,,sDrive35is 7AT (340 HP),Gasoline,6,2979,340,500,7-speed automatic DCT,Rear Wheel Drive,4.8,249,9,4239,1791,1290,2497,1525
bmw,BMW,Z4,Z4 Roadster (2009),2009,2013,,sDrive 23i 6MT RWD (204 HP),Gasoline,4,2497,204,250,6-Speed manual,Rear Wheel Drive,6.6,242,8.5,4239,1791,1290,2497,1405
bmw,BMW,Z4,Z4 Roadster (2009),2009,2013,,sDrive 28i 6MT RWD (245 HP),Gasoline,4,1997,245,350,6-Speed manual,Rear Wheel Drive,5.7,250,6.8,4244,1791,1285,2497,1505
bmw,BMW,Z4,Z4 Roadster (2009),2009,2013,,sDrive 30i 6MT RWD (258 HP),Gasoline,6,2996,258,300,6-Speed manual,Rear Wheel Drive,5.8,250,8.5,4239,1791,1290,2497,1490
bmw,BMW,Z4,Z4 Roadster (2009),2009,2013,,sDrive 35i 6MT RWD (306 HP),Gasoline,6,2979,306,400,6-Speed manual,Rear Wheel Drive,5.2,250,9.4,4239,1791,1290,2497,1580
bmw,BMW,Z4,Z4 Roadster (2009),2009,2013,,sDrive 35is 7AT RWD (340 HP),Gasoline,6,2979,340,500,7-speed automatic,Rear Wheel Drive,4.8,250,9,4244,1791,1285,2497,1505
bmw,BMW,Z4,Z4 Roadster (2009),2009,2013,,sDrive18i 6MT RWD (156 HP),Gasoline,4,1995,156,240,6-Speed manual,Rear Wheel Drive,7.9,220,6.8,4244,1791,1285,2497,
bmw,BMW,Z4,Z4 Roadster (2009),2009,2013,,sDrive18i 8AT RWD (156 HP),Gasoline,4,1995,156,240,8-Speed automatic,Rear Wheel Drive,8.1,220,6.8,4244,1791,1285,2497,
bmw,BMW,Z4,Z4 Roadster (2009),2009,2013,,sDrive2.0i 6MT RWD (184 HP),Gasoline,4,1995,184,240,6-Speed manual,Rear Wheel Drive,6.9,235,6.8,4244,1791,1285,2497,1470
bmw,BMW,Z4,Z4 Roadster (2009),2009,2013,,sDrive2.0i 8AT RWD (184 HP),Gasoline,4,1995,184,240,8-Speed automatic,Rear Wheel Drive,7.2,232,6.8,4244,1791,1285,2497,1495
bmw,BMW,Z4,Z4 Roadster (2006),2006,2009,,2.0L 6MT RWD (150 HP),Gasoline,4,1995,150,200,6-Speed manual,Rear Wheel Drive,8.2,220,7.5,4092,1781,1298,2494,1195
bmw,BMW,Z4,Z4 Roadster (2006),2006,2009,,2.5L 6MT RWD (177 HP),Gasoline,6,2497,177,230,6-Speed manual,Rear Wheel Drive,7.1,229,8.2,4092,1781,1298,2494,1245
bmw,BMW,Z4,Z4 Roadster (2006),2006,2009,,2.5si 6MT RWD (218 HP),Gasoline,6,2497,218,250,6-Speed manual,Rear Wheel Drive,6.5,240,8.4,4092,1781,1298,2494,1260
bmw,BMW,Z4,Z4 Roadster (2006),2006,2009,,3.0si 6MT RWD (231 HP),Gasoline,6,2996,231,300,6-Speed manual,Rear Wheel Drive,5.9,245,7.5,4092,1781,1298,2494,1285
bmw,BMW,Z4,Z4 Roadster (2006),2006,2009,,3.0si 6MT RWD (265 HP),Gasoline,6,2996,265,315,6-Speed manual,Rear Wheel Drive,5.7,250,8.6,4092,1781,1298,2494,1285
bmw,BMW,Z4,Z4 Roadster (2006),2006,2009,,3.2L 6MT RWD (343 HP),Gasoline,6,3246,343,365,6-Speed manual,Rear Wheel Drive,5,250,12.1,4092,1781,1303,2497,1410
bmw,BMW,Z4,Z4 Roadster (2002),2002,2006,,2.0L 5MT RWD (152 HP),Gasoline,4,1995,152,201,5-Speed manual,Rear Wheel Drive,8.2,220,7.5,4092,1781,1298,2494,1220
bmw,BMW,Z4,Z4 Roadster (2002),2002,2006,,2.2L 5MT RWD (173 HP),Gasoline,6,2171,173,210,5-Speed manual,Rear Wheel Drive,7.7,225,6.9,4092,1781,1298,2494,1325
bmw,BMW,Z4,Z4 Roadster (2002),2002,2006,,2.5L 5MT RWD (222 HP),Gasoline,6,2494,222,245,5-Speed manual,Rear Wheel Drive,7,235,8.9,4092,1781,1298,2494,1335
bmw,BMW,Z4,Z4 Roadster (2002),2002,2006,,3.0L 5AT RWD (231 HP),Gasoline,6,2979,231,300,5-speed automatic,Rear Wheel Drive,6.2,249,9.5,4092,1781,1298,2494,1365
bmw,BMW,Z4,Z4 Roadster (2002),2002,2006,,3.0L 6MT RWD (231 HP),Gasoline,6,2979,231,300,6-speed manual,Rear Wheel Drive,5.9,250,9.1,4092,1781,1298,2494,1365
bmw,BMW,Z4,Z4 Coupe (2006),2006,2009,,3.2L 6MT RWD (343 HP),Gasoline,6,3246,343,365,6-Speed manual,Rear Wheel Drive,5,250,12.1,4112,1781,1288,2497,1495
bmw,BMW,Z4,Z4 Coupe (2006),2006,2009,,3.0L si 6AT RWD (265 HP),Gasoline,6,2996,265,315,6-speed automatic,Rear Wheel Drive,6,250,9,4092,1781,1298,2494,1325
bmw,BMW,Z4,Z4 Coupe (2006),2006,2009,,3.0L si 6MT RWD (265 HP),Gasoline,6,2996,265,315,6-Speed manual,Rear Wheel Drive,5.7,250,8.6,4092,1781,1298,2494,1385
bmw,BMW,Z8,Z8 (2000),2000,2003,,4.9l V8 6MT (400 HP),Gasoline,8,4941,400,500,"Manual, 6 Speed",Rear Wheel Drive,4.7,250,14.5,4399,1829,1318,2504,1590
bugatti,Bugatti,Bolide,Bolide (2022),2022,,,8.0L W16 7AT AWD (1850 HP),Gasoline,16,7993,1850,1850,7-speed automatic DSG,All Wheel Drive,2.17,,,4755,1999,996,2751,1240
bugatti,Bugatti,Brouillard,Brouillard (2025),2025,,,8.0L W16 7AT AWD (1600 HP),Gasoline,16,7993,1600,1600,7-automatic speed DCT,All Wheel Drive,2.5,380,,,,,,
bugatti,Bugatti,Centodieci,Centodieci (2019),2019,2022,,8.0L W16 7AT (1600 HP),Gasoline,16,,1600,,7-automatic speed dual clutch,Rear Wheel Drive,2.4,380,,,,,,
bugatti,Bugatti,Chiron,Chiron (2020),2020,,,8.0L W16 7AT (1600 HP),Gasoline,16,7993,1600,1600,7-speed automatic (DSG),All Wheel Drive,2.3,420,,4544,2037,1212,2710,
bugatti,Bugatti,Chiron,Chiron (2020),2020,,,8.0L W16 7AT AWD (1500 HP),Gasoline,16,7993,1500,1600,7-speed automatic,All Wheel Drive,2.4,349,22.4,4544,2037,1212,2710,1995
bugatti,Bugatti,Chiron,Chiron (2018),2018,2024,,8.0L W16 7AT (1500 HP),Gasoline,16,7993,1500,1600,7-speed automatic (DSG),All Wheel Drive,2.3,420,10.5,4544,2037,1212,2710,1996
bugatti,Bugatti,Chiron,Chiron (2016),2016,2022,,"8.0 W16 (1,500 HP)",Gasoline,16,7993,1500,1600,7-speed automatic (DSG),All Wheel Drive,2.3,420,22.4,4544,2037,1212,2710,1995
bugatti,Bugatti,Divo,Divo (2018),2018,2021,,8.0L W16 AWD (1500 HP),Gasoline,16,7993,1500,1600,7-speed automatic (DSG),All Wheel Drive,2.3,380,,4544,2037,1212,2710,1961
bugatti,Bugatti,EB 110,EB 110 (1992),1992,1995,,3.5L 6MT (600 HP),Gasoline,12,3498,600,637,6-Speed manual,All Wheel Drive,3.3,349,,4399,1941,1125,2550,1418
bugatti,Bugatti,EB 110,EB 110 (1991),1991,1995,,3.5L V12 6MT AWD (560 HP),Gasoline,12,3500,560,611,6-Speed manual,All Wheel Drive,3.6,343,9,4399,1941,1125,2550,1618
bugatti,Bugatti,La Voiture Noire,La Voiture Noire (2019),2019,2019,,8.0L (1500 HP),Gasoline,,,1500,1600,,,,420,,,,,,
bugatti,Bugatti,Mistral,Mistral (2022),2022,,,8.0L W16 (1600 HP),,16,,1600,1600,,,,420,,,,,,
bugatti,Bugatti,Tourbillon,Tourbillon (2024),2024,,,8.3L V16 8AT AWD (1800 HP),Plug-in Hybrid,16,8300,1000,900,8-speed automatic,All Wheel Drive,2,446,,4671,2050,1189,2741,1995
bugatti,Bugatti,Veyron,Veyron (2012),2012,2015,,8.0L W16 7AT (1200 HP),Gasoline,16,7993,1201,1500,7-speed automatic,All Wheel Drive,2.6,410,23.1,4463,1999,1191,2710,1990
bugatti,Bugatti,Veyron,Veyron (2010),2010,2011,,8.0L W16 7AT (1201 HP),Gasoline,16,7993,1201,1500,7-speed automatic (DSG),All Wheel Drive,2.5,415,23.5,4463,1999,1158,2710,1834
bugatti,Bugatti,Veyron,Veyron (2009),2009,2015,,8.0L W16 7AT (1001 HP),Gasoline,16,7993,1001,1250,7-speed automatic (DSG),All Wheel Drive,2.7,407,26.1,4463,1999,1158,2710,1888
bugatti,Bugatti,Veyron,Veyron (2005),2005,2011,,8.0L W16 7AT AWD (1001 HP),Gasoline,16,7993,1001,1250,7-speed automatic Sequential,All Wheel Drive,3.2,407,24.2,4463,1999,1204,2710,1888
ferrari,Ferrari,12Cilindri,12Cilindri Spider (2024),2024,,,6.5L V12 8AT (830 HP),Gasoline,12,6496,830,678,8-speed automatic DCT,,2.95,340,,4732,2177,1293,2700,1620
ferrari,Ferrari,12Cilindri,12Cilindri (2024),2024,,,6.5L V12 8AT (830 HP),Gasoline,12,6496,830,678,8-speed automatic,,2.9,340,,4732,2177,1293,2700,1560
ferrari,Ferrari,288 GTO/F40/F50/Enzo/LaFerrari,288 GTO/F40/F50/Enzo/LaFerrari (2013),2013,2015,,6.3 V12 7AT (963 HP),Hybrid,12,6262,800,700,7-speed automatic (DCT),Rear Wheel Drive,2.8,351,16.8,4702,1991,1115,2649,1350
ferrari,Ferrari,288 GTO/F40/F50/Enzo/LaFerrari,288 GTO/F40/F50/Enzo/LaFerrari (2002),2002,2004,,6.0 V12 6AT (660 HP),Gasoline,12,5998,660,657,6-speed automatic,Rear Wheel Drive,3.6,349,23.1,4699,2032,1143,2642,1356
ferrari,Ferrari,288 GTO/F40/F50/Enzo/LaFerrari,288 GTO/F40/F50/Enzo/LaFerrari (1995),1995,1997,,4.7L V12 6MT (520 HP),Gasoline,12,4698,520,470,6-speed manual,Rear Wheel Drive,3.9,325,26.1,4481,1986,1120,2581,1230
ferrari,Ferrari,288 GTO/F40/F50/Enzo/LaFerrari,288 GTO/F40/F50/Enzo/LaFerrari (1987),1987,1992,,2.9L V8 5MT (478 HP),Gasoline,8,2936,478,577,5-speed manual,Rear Wheel Drive,4.1,323,12.4,4430,1981,1130,2451,1250
ferrari,Ferrari,288 GTO/F40/F50/Enzo/LaFerrari,288 GTO/F40/F50/Enzo/LaFerrari (1984),1984,1986,,2.9L V8 5MT (400 HP),Gasoline,8,2855,400,496,5-speed manual,Rear Wheel Drive,4.9,306,12.4,4290,1910,1120,2451,1160
ferrari,Ferrari,296 GTB,296 GTB (2022),2022,,,3.0L V6 PHEV 8AT RWD (830 HP),Plug-in Hybrid,6,2992,663,740,8-speed automatic F1 DCT,Rear Wheel Drive,2.9,330,6.4,4564,1598,1186,2601,1470
ferrari,Ferrari,296 GTS,296 GTS (2022),2022,,,3.0L V6 Turbo 8AT RWD (830 HP),Hybrid Gasoline,6,2992,663,,8-speed automatic,Rear Wheel Drive,2.9,330,,4564,1958,1191,2601,1540
ferrari,Ferrari,296 Speciale,296 Speciale (2025),2025,,,3.0L V6 PHEV 8AT RWD (880 HP),Plug-in Hybrid,6,2992,700,755,8-speed automatic F1 DCT,Rear Wheel Drive,2.8,330,,4625,1969,1181,2601,1410
ferrari,Ferrari,296 Speciale,296 Speciale (2025),2025,,,3.0L V6 PHEV 8AT RWD (880 HP),Plug-in Hybrid,6,2992,700,755,8-speed automatic F1 DCT,Rear Wheel Drive,2.8,330,,4625,1969,1181,2601,1490
ferrari,Ferrari,308 GTB/GTS,308 GTB/GTS (1982),1982,1985,,2.9L V8 5MT RWD (230 HP),Gasoline,8,2927,233.2,255,5-speed manual,Rear Wheel Drive,7.5,245,14.2,4229,1720,1118,2339,1286
ferrari,Ferrari,308 GTB/GTS,308 GTB/GTS (1982),1982,1985,,2.9L V8 5MT RWD (240 HP),Gasoline,8,2927,240,260,5-speed manual,Rear Wheel Drive,7.2,254,12.8,4229,1720,1118,2339,1286
ferrari,Ferrari,308 GTB/GTS,308 GTB/GTS (1982),1982,1985,,2.9L V8 5MT RWD (230 HP),Gasoline,8,2927,233.2,255,5-speed manual,Rear Wheel Drive,6.7,245,14.2,4229,1720,1120,2339,1330
ferrari,Ferrari,308 GTB/GTS,308 GTB/GTS (1982),1982,1985,,2.9L V8 5MT RWD (240 HP),Gasoline,8,2927,240,260,5-speed manual,Rear Wheel Drive,6.5,254,15,4229,1720,1120,2339,1330
ferrari,Ferrari,308 GTB/GTS,308 GTB/GTS (1980),1980,1982,,2.9L V8 5MT RWD (205 HP),Gasoline,8,2927,207.8,245,5-speed manual,Rear Wheel Drive,7.5,235,18.1,4229,1720,1120,2339,1350
ferrari,Ferrari,308 GTB/GTS,308 GTB/GTS (1980),1980,1982,,2.9L V8 5MT RWD (214 HP),Gasoline,8,2927,214,243,5-speed manual,Rear Wheel Drive,7,240,16.6,4229,1720,1120,2339,1350
ferrari,Ferrari,308 GTB/GTS,308 GTB/GTS (1980),1980,1983,,2.9L V8 5MT RWD (205 HP),Gasoline,8,2927,207.8,245,5-speed manual,Rear Wheel Drive,7.4,235,18.1,4229,1720,1120,2339,1340
ferrari,Ferrari,308 GTB/GTS,308 GTB/GTS (1980),1980,1983,,2.9L V8 5MT RWD (214 HP),Gasoline,8,2927,214,243,5-speed manual,Rear Wheel Drive,7,240,16.6,4229,1720,1120,2339,1340
ferrari,Ferrari,308 GTB/GTS,308 GTB/GTS (1977),1977,1980,,2.9L V8 5MT RWD (240 HP),Gasoline,8,2927,243.3,264,5-speed manual,Rear Wheel Drive,5.9,245,17,4229,1720,1120,2339,1340
ferrari,Ferrari,308 GTB/GTS,308 GTB/GTS (1977),1977,1980,,2.9L V8 5MT RWD (255 HP),Gasoline,8,2927,255,294,5-speed manual,Rear Wheel Drive,5.7,253,18,4229,1720,1120,2339,1340
ferrari,Ferrari,308 GTB/GTS,308 GTB/GTS (1975),1975,1980,,2.9L V8 5MT RWD (240 HP),Gasoline,8,2927,243.3,264,5-speed manual,Rear Wheel Drive,6.9,240,17,4229,1720,1120,2339,1410
ferrari,Ferrari,308 GTB/GTS,308 GTB/GTS (1975),1975,1980,,2.9L V8 5MT RWD (255 HP),Gasoline,8,2927,255,294,5-speed manual,Rear Wheel Drive,5,253,18,4229,1720,1120,2339,1050
ferrari,Ferrari,308 GTB/GTS,308 GTB/GTS (1975),1975,1980,,2.9L V8 5MT RWD (255 HP),Gasoline,8,2927,255,294,5-speed manual,Rear Wheel Drive,5.3,253,18.4,4229,1720,1120,2339,1200
ferrari,Ferrari,328 GTB/GTS,328 GTB/GTS (1985),1985,1989,,3.2L V8 5MT RWD (260 HP),Gasoline,8,3185,263.6,289,5-speed manual,Rear Wheel Drive,6.5,257,15.7,4255,1730,1128,2350,1348
ferrari,Ferrari,328 GTB/GTS,328 GTB/GTS (1985),1985,1989,,3.2L V8 5MT RWD (270 HP),Gasoline,8,3185,270,304,5-speed manual,Rear Wheel Drive,6.4,262,12.4,4255,1730,1128,2350,1348
ferrari,Ferrari,328 GTB/GTS,328 GTB/GTS (1985),1985,1989,,3.2L V8 5MT RWD (260 HP),Gasoline,8,3185,263.6,289,5-speed manual,Rear Wheel Drive,6.5,257,15.7,4255,1730,1128,2350,1340
ferrari,Ferrari,328 GTB/GTS,328 GTB/GTS (1985),1985,1989,,3.2L V8 5MT RWD (270 HP),Gasoline,8,3185,270,304,5-speed manual,Rear Wheel Drive,6.4,262,12.4,4255,1730,1128,2350,1340
ferrari,Ferrari,348,348 (1993),1993,1994,,3.4 V8 5MT (320 HP),Gasoline,8,3405,320,324,5-speed manual,Rear Wheel Drive,5.4,280,12.7,424,1895,1171,2451,1470
ferrari,Ferrari,348,348 (1993),1993,1994,,3.4 V8 5MT (320 HP),Gasoline,8,3405,320,324,5-speed manual,Rear Wheel Drive,5.4,280,12.7,4229,1895,1171,2451,1480
ferrari,Ferrari,348,348 (1989),1989,1993,,3.4 V8 5MT (300 HP),Gasoline,8,3405,300,323,5-speed manual,Rear Wheel Drive,5.6,275,11.8,4229,1895,1171,2451,1438
ferrari,Ferrari,348,348 (1989),1989,1993,,3.4 V8 5MT (300 HP),Gasoline,8,3405,300,323,5-speed manual,Rear Wheel Drive,5.6,275,11.8,4229,1895,1171,2451,1440
ferrari,Ferrari,348,348 Spider (1993),1993,1995,,3.4 V8 5MT (320 HP),Gasoline,8,3405,320,324,5-speed manual,Rear Wheel Drive,5.4,280,12.7,4229,1895,1171,2451,1485
ferrari,Ferrari,360,360 Spider (2000),2000,2005,,4.0L V8 6AT RWD (400 HP),Gasoline,8,3586,400,373,6-speed automatic,Rear Wheel Drive,4.6,291,19.6,4478,1923,1214,2601,1450
ferrari,Ferrari,360,360 Spider (2000),2000,2005,,4.0L V8 6MT RWD (400 HP),Gasoline,8,3586,400,373,6-speed manual,Rear Wheel Drive,4.6,291,19.3,4478,1923,1214,2601,1460
ferrari,Ferrari,360 Challenge Stradale,360 Challenge Stradale (2003),2003,2005,,3.6L V8 6AT (425 HP),Gasoline,8,3586,425,373,6-speed automatic,Rear Wheel Drive,4.1,299,19.3,4478,1923,1184,2601,1280
ferrari,Ferrari,360 Modena,360 Modena (1999),1999,2004,,4.0L V8 6AT RWD (400 HP),Gasoline,8,3586,400,373,6-speed automatic,Rear Wheel Drive,4.6,295,18,4478,1923,1214,2601,1390
ferrari,Ferrari,360 Modena,360 Modena (1999),1999,2004,,4.0L V8 6MT RWD (400 HP),Gasoline,8,3586,400,373,6-speed manual,Rear Wheel Drive,4.6,295,18,4478,1923,1214,2601,1390
ferrari,Ferrari,365,365 (1969),1969,1974,,4.4L V12 5MT RWD (352 HP),Gasoline,12,4390,352,432,5-speed manual,Rear Wheel Drive,5.8,280,14.3,4425,1760,1245,2400,1520
ferrari,Ferrari,365,365 (1968),1968,1974,,4.4L V12 5MT (352 HP),Gasoline,12,4390,352,432,5-speed manual,Rear Wheel Drive,5.7,280,13.8,4425,1760,1245,2400,1280
ferrari,Ferrari,365GT4 BB/ 512BB/ 512 BBi,365GT4 BB/ 512BB/ 512 BBi (1973),1973,1984,,4.4L B12 5MT RWD (580 HP),Gasoline,12,4942,380,422,5-Speed manual,Rear Wheel Drive,6.5,303,,4369,1803,1118,2515,1235
ferrari,Ferrari,365GT4 BB/ 512BB/ 512 BBi,365GT4 BB/ 512BB/ 512 BBi (1973),1973,1984,,4.9L B12 5MT RWD (360 HP),Gasoline,12,4942,360,452,5-Speed manual,Rear Wheel Drive,5.8,286,,4399,1829,1120,2499,1400
ferrari,Ferrari,365GT4 BB/ 512BB/ 512 BBi,365GT4 BB/ 512BB/ 512 BBi (1973),1973,1984,,4.9L B12i 5MT RWD (340 HP),Gasoline,12,4942,340,452,5-Speed manual,Rear Wheel Drive,5.6,280,,4399,1829,1120,2499,1499
ferrari,Ferrari,400,400 (1985),1985,1989,,4.9L V12 3AT RWD (340 HP),Gasoline,12,4943,340,451,3-speed automatic,Rear Wheel Drive,8.3,249,18.2,4811,1798,1313,2700,1830
ferrari,Ferrari,400,400 (1985),1985,1989,,4.9L V12 5MT RWD (340 HP),Gasoline,12,4943,340,451,5-speed manual,Rear Wheel Drive,6.7,254,19.4,4811,1798,1313,2700,1825
ferrari,Ferrari,400,400 (1979),1979,1985,,4.8L V12 3AT RWD (310 HP),Gasoline,12,4823,310,392,3-speed automatic,Rear Wheel Drive,8.1,240,20.3,4811,1801,1316,2700,1860
ferrari,Ferrari,400,400 (1979),1979,1985,,4.8L V12 3AT RWD (315 HP),Gasoline,12,4823,315,412,4-speed automatic,Rear Wheel Drive,8.5,240,19.9,4811,1801,1316,2700,1850
ferrari,Ferrari,400,400 (1979),1979,1985,,4.8L V12 5MT RWD (310 HP),Gasoline,12,4823,310,392,5-speed manual,Rear Wheel Drive,7,245,20.5,4811,1801,1316,2700,1850
ferrari,Ferrari,400,400 (1979),1979,1985,,4.8L V12 5MT RWD (315 HP),Gasoline,12,4823,315,412,5-speed manual,Rear Wheel Drive,6.8,245,20.5,4811,1801,1316,2700,1850
ferrari,Ferrari,400,400 (1976),1976,1979,,4.8L V12 3AT RWD (340 HP),Gasoline,12,4823,340,471,3-speed automatic,Rear Wheel Drive,6.6,240,19.1,4811,1801,1316,2700,1880
ferrari,Ferrari,400,400 (1976),1976,1979,,4.8L V12 5MT RWD (340 HP),Gasoline,12,4823,340,471,5-speed manual,Rear Wheel Drive,5.9,245,20.5,4811,1801,1316,2700,1880
ferrari,Ferrari,456 GT,456 GT (1998),1998,2003,,5.5 V12,Gasoline,12,5474,442,550,"Manual, 6 Speed",Rear Wheel Drive,5.2,299,18.5,4729,1920,1300,2601,1690
ferrari,Ferrari,456 GT,456 GT (1992),1992,1997,,5.5L V12 4AT RWD (442 HP),Gasoline,12,5474,442,550,4-speed automatic,Rear Wheel Drive,5.5,298,22.4,4729,1920,1300,2601,1890
ferrari,Ferrari,456 GT,456 GT (1992),1992,1997,,5.5L V12 6MT RWD (442 HP),Gasoline,12,5474,442,550,6-speed manual,Rear Wheel Drive,5.2,303,18,4729,1920,1300,2601,1790
ferrari,Ferrari,458,458 Spider (2011),2011,2015,,4.5 7AT (570 HP),Gasoline,8,4497,570,540,7-speed automatic,Rear Wheel Drive,3.4,320,11.8,4526,1938,1212,2649,1535
ferrari,Ferrari,458 Italia,458 Italia (2009),2009,2015,,4.5 V8 7AT (570 HP),Gasoline,8,4497,570,540,7-speed automatic (GETRAG),Rear Wheel Drive,3.4,325,13.7,4526,1938,1214,2649,1485
ferrari,Ferrari,458 Speciale,458 Speciale (2013),2013,2015,,4.5L V8 7AT (605 HP),Gasoline,8,4497,605,540,7-speed F1 dual-clutch automatic transmission,Rear Wheel Drive,3,325,11.8,4572,1951,1204,2649,1395
ferrari,Ferrari,458 Speciale A,458 Speciale A (2014),2014,2015,,4.5L V8 7AT RWD (605 HP),Gasoline,8,4497,605,540,7-speed automatic,Rear Wheel Drive,3,320,11.8,4526,1938,1212,2649,1445
ferrari,Ferrari,488,488 Spider (2016),2016,2019,,3.9L V8 7AT (670 HP),Gasoline,8,3902,670,760,7-speed automatic,Rear Wheel Drive,3,325,11.4,4567,1953,1214,2649,1525
ferrari,Ferrari,488 GTB,488 GTB (2015),2015,2019,,3.9L V8 7AT (670 HP),Gasoline,8,3902,670,760,7-speed automatic,Rear Wheel Drive,3,330,11.4,4567,1953,1214,2649,1525
ferrari,Ferrari,488 Pista,488 Pista (2018),2018,2020,,3.9L V8 7AT (720 HP),Gasoline,8,3902,720.1,770,7-speed automatic,Rear Wheel Drive,2.85,340,,4605,1976,1207,2649,1280
ferrari,Ferrari,550 Barchetta/575M Superamerica,550 Barchetta/575M Superamerica (2005),2005,2006,,5.7L V12 6AT RWD (540 HP),Gasoline,12,5748,540,589,6-speed automatic,Rear Wheel Drive,4.2,320,20.5,4549,1935,1278,2499,1790
ferrari,Ferrari,550 Barchetta/575M Superamerica,550 Barchetta/575M Superamerica (2005),2005,2006,,5.7L V12 6MT RWD (540 HP),Gasoline,12,5748,540,589,6-speed manual,Rear Wheel Drive,4.2,320,21.8,4549,1935,1278,2499,1790
ferrari,Ferrari,550 Barchetta/575M Superamerica,550 Barchetta/575M Superamerica (2000),2000,2002,,5.5L V12 6MT (485 HP),Gasoline,12,5474,485,568,6-speed manual,Rear Wheel Drive,4.5,299,24.5,4549,1935,1278,2499,1690
ferrari,Ferrari,550/575M Maranello,550/575M Maranello (2002),2002,2006,,5.7 V12 6AT (515 HP),Gasoline,12,5748,515,589,6-speed automatic,Rear Wheel Drive,4.2,325,21.2,4549,1913,1278,2499,1730
ferrari,Ferrari,550/575M Maranello,550/575M Maranello (2002),2002,2006,,5.7 V12 6MT (515 HP),Gasoline,12,5748,515,589,6-speed manual,Rear Wheel Drive,4.2,325,21.8,4549,1913,1278,2499,1730
ferrari,Ferrari,550/575M Maranello,550/575M Maranello (1996),1996,2002,,5.5L V12 6MT (485 HP),Gasoline,12,5474,485,568,6-speed manual,Rear Wheel Drive,4.4,320,22.8,4549,1935,1278,2499,1690
ferrari,Ferrari,599,599 (2010),2010,2012,,6.0L V12 6AT RWD (670 HP),Gasoline,12,5999,670,620,6-automatic speed,Rear Wheel Drive,3.4,325,21.4,4709,1961,1326,2751,1495
ferrari,Ferrari,599,599 (2006),2006,2012,,6.0L V12 6AT RWD (620 HP),Gasoline,12,5999,620,608,6-speed automatic,Rear Wheel Drive,3.7,330,21.4,4666,1961,1313,2751,1690
ferrari,Ferrari,599,599 (2006),2006,2012,,6.0L V12 6MT RWD (620 HP),Gasoline,12,5999,620,608,6-speed manual,Rear Wheel Drive,3.7,330,21.4,4666,1961,1313,2751,1690
ferrari,Ferrari,612 Scaglietti,612 Scaglietti (2004),2004,2011,,5.7L V12 6AT RWD (540 HP),Gasoline,12,5748,540,588,6-speed automatic,Rear Wheel Drive,4,320,20.6,4902,1956,1344,2949,1875
ferrari,Ferrari,612 Scaglietti,612 Scaglietti (2004),2004,2011,,5.7L V12 6MT RWD (540 HP),Gasoline,12,5748,540,588,6-speed manual,Rear Wheel Drive,4.2,320,20.6,4902,1956,1344,2949,1875
ferrari,Ferrari,812,812 (2019),2019,2024,,6.5L V12 7AT (800 HP),Gasoline,12,6496,800,718,7-automatic speed dual clutch,Rear Wheel Drive,3,340,,4694,1971,1275,2720,1600
ferrari,Ferrari,812,812 (2017),2017,2024,,6.5L V12 7AT RWD (800 HP),Gasoline,12,6496,799.5,718,7-speed automatic,Rear Wheel Drive,2.9,340,14.9,4656,1971,1275,2720,1525
ferrari,Ferrari,Amalfi,Amalfi Spider (2026),2026,,,3.9L V8 8AT RWD (640 HP),Gasoline,8,3855,640,760,8-speed automatic F1 DCT,Rear Wheel Drive,3.3,320,,4661,1974,1306,2670,1556
ferrari,Ferrari,Amalfi,Amalfi (2025),2025,,,4.0L V8 8AT RWD (640 HP),Gasoline,8,3855,640,760,8-speed automatic DCT,Rear Wheel Drive,3.3,320,,4661,1974,1300,2670,1470
ferrari,Ferrari,California T,California T (2014),2014,2017,,3.8L V8 7AT (560 HP),Gasoline,8,3855,560,755,7-speed automatic,Rear Wheel Drive,3.6,315,10.5,4569,1910,1321,2670,1625
ferrari,Ferrari,CZ26,CZ26 (2026),2026,,,4.0L V8 PHEV 8AT (986 HP),Plug-in Hybrid,8,3990,797,804,8-automatic speed,,2.5,328,,4763,2004,1189,2649,
ferrari,Ferrari,Daytona,Daytona (2021),2021,,,6.5L V12 7AT (840 HP),Gasoline,12,6496,840,697,7-speed automatic F1 DCT,Rear Wheel Drive,2.85,340,,4686,2050,1143,2652,1485
ferrari,Ferrari,Dino,Dino (1975),1975,1980,,2.0L V8 5MT RWD (170 HP),Gasoline,8,1991,170,186,5-speed manual,Rear Wheel Drive,8,220,17,4321,1801,1209,2550,1300
ferrari,Ferrari,Dino,Dino (1973),1973,1980,,3.0L V8 5MT (205 HP),Gasoline,8,2927,207.8,283,5-speed manual,Rear Wheel Drive,7.2,235,17.2,4321,1801,1209,2550,1300
ferrari,Ferrari,Dino,Dino (1973),1973,1980,,3.0L V8 5MT (255 HP),Gasoline,8,2927,255,284,5-speed manual,Rear Wheel Drive,5.6,249,17,4321,1801,1209,2550,1300
ferrari,Ferrari,Dino,Dino (1969),1969,1974,,2.4 V6 5MT (196 HP),Gasoline,6,2419,195,225,"Manual, 5 Speed",Rear Wheel Drive,6.7,245,,4234,1709,1067,2339,1080
ferrari,Ferrari,Dino,Dino (1968),1968,1969,,2.0 V6 5MT (180 HP),Gasoline,6,1987,180,186,5-speed manual,Rear Wheel Drive,5.8,235,12.5,4201,1699,1151,2281,900
ferrari,Ferrari,F12 Berlinetta,F12 Berlinetta (2012),2012,2015,,6.3 V12 7AT (741 HP),Gasoline,12,6262,740,690,7-speed automatic,Rear Wheel Drive,3.1,340,15,4618,1943,1273,2720,1525
ferrari,Ferrari,F12 TRS,F12 TRS (2014),2014,2014,,6.3 V12 7AT (740 HP),Gasoline,12,6262,740,690,7-speed automatic,Rear Wheel Drive,3.1,340,15,4818,1943,1273,2720,1630
ferrari,Ferrari,F12tdf,F12tdf (2015),2015,2017,,6.3L V12 7AT RWD (780 HP),Gasoline,12,6262,780,705,7-speed automatic (F1 Dual-Clutch),Rear Wheel Drive,2.9,340,15.4,4656,1961,1273,2720,1520
ferrari,Ferrari,F149 California,F149 California (2012),2012,2017,,4.3L V8 7AT (490 HP),Gasoline,8,4297,490,504,7-speed dual-clutch automated or 6-speed manual,Rear Wheel Drive,3.8,195,15.7,4562,1908,1321,2670,1630
ferrari,Ferrari,F149 California,F149 California (2008),2008,2011,,4.3L V8 6MT RWD (460 HP),Gasoline,8,4297,460,485,6-speed manual,Rear Wheel Drive,3.8,311,13.1,4562,1908,1321,2670,1630
ferrari,Ferrari,F149 California,F149 California (2008),2008,2011,,4.3L V8 7AT RWD (460 HP),Gasoline,8,4297,460,485,7-speed automatic,Rear Wheel Drive,4.2,311,13.1,4562,1908,1321,2670,1630
ferrari,Ferrari,F149 California,F149 California (2008),2008,2011,,4.3L V8 7AT RWD (490 HP),Gasoline,8,4297,490,505,7-speed automatic,Rear Wheel Drive,3.8,315,14.7,4562,1908,1321,2670,1630
ferrari,Ferrari,F355,F355 (1995),1995,1999,,3.5L V8 6AT RWD (380 HP),Gasoline,8,3495,380,363,6-speed automatic,Rear Wheel Drive,4.7,295,15.5,4249,1900,1171,2451,1450
ferrari,Ferrari,F355,F355 (1995),1995,1999,,3.5L V8 6MT RWD (380 HP),Gasoline,8,3495,380,363,6-speed manual,Rear Wheel Drive,4.7,295,15.5,4249,1900,1171,2451,1450
ferrari,Ferrari,F355,F355 (1994),1994,1999,,3.5 V8 6AT (380 HP),Gasoline,8,3496,380,363,6-speed manual,Rear Wheel Drive,4.7,295,16.1,4249,1900,1171,2451,1448
ferrari,Ferrari,F355,F355 (1994),1994,1999,,3.5 V8 6MT (380 HP),Gasoline,8,3496,380,363,6-speed manual,Rear Wheel Drive,4.7,295,16,4249,1900,1171,2451,1350
ferrari,Ferrari,F355,F355 Spider (1995),1995,1999,,3.5L V8 6AT (380 HP),Gasoline,8,3496,380,363,6-speed manual,Rear Wheel Drive,4.7,295,15.5,4249,1900,1171,2451,1349
ferrari,Ferrari,F355,F355 Spider (1995),1995,1999,,3.5L V8 6MT (380 HP),Gasoline,8,3496,380,363,6-speed manual,Rear Wheel Drive,4.7,295,15.5,4249,1900,1171,2451,1349
ferrari,Ferrari,F430,F430 (2007),2007,2009,,4.3L V8 6AT (510 HP),Gasoline,8,4308,510,470,6-speed automatic,Rear Wheel Drive,3.6,320,15.7,4511,1923,1214,2601,1350
ferrari,Ferrari,F430,F430 (2004),2004,2009,,4.3L V8 6AT (490 HP),Gasoline,8,4308,489,465,6-speed automatic,Rear Wheel Drive,4,315,18.4,4511,1923,1214,2601,1450
ferrari,Ferrari,F430,F430 (2004),2004,2009,,4.3L V8 6MT (490 HP),Gasoline,8,4308,489,465,6-speed manual,Rear Wheel Drive,4,315,18.2,4511,1923,1214,2601,1450
ferrari,Ferrari,F430,F430 Spider (2005),2005,2009,,4.3L V8 6AT (490 HP),Gasoline,8,4308,490,465,6-speed automatic,Rear Wheel Drive,4.1,311,18.2,4511,1923,1234,2601,1520
ferrari,Ferrari,F430,F430 Spider (2005),2005,2009,,4.3L V8 6MT (490 HP),Gasoline,8,4308,490,465,6-speed manual,Rear Wheel Drive,4.1,311,18.2,4511,1923,1234,2601,1520
ferrari,Ferrari,F60 America,F60 America (2014),2014,2016,,6.3L V12 7AT (740 HP),Gasoline,12,6262,740,690,7-speed automatic,Rear Wheel Drive,3.2,330,,,,,2718,1600
ferrari,Ferrari,F8,F8 (2019),2019,2023,,3.9L V8 7AT (720 HP),Gasoline,8,3902,720,770,7-speed automatic DCT,Rear Wheel Drive,2.9,340,,4610,1979,1207,2649,
ferrari,Ferrari,F8,F8 (2019),2019,2023,,V8 Turbo 7AT RWD (710 HP),Gasoline,8,3902,710,770,7-speed automatic DCT,Rear Wheel Drive,2.9,340,,4610,1979,1207,2649,1435
ferrari,Ferrari,F80,F80 (2024),2024,,,3.0L V6 8AT AWD (1200 HP),Hybrid Gasoline,6,2992,900,850,8-speed dual-clutch F1 DCT,All Wheel Drive,2.15,349,,4841,2060,1138,2664,1525
ferrari,Ferrari,FF,FF (2011),2011,2016,,6.3L V12 7AT (660 HP),Gasoline,12,6262,660,683,7-speed automatic (dual clutch),All Wheel Drive,3.7,335,15.4,4907,1953,1379,2990,1880
ferrari,Ferrari,FXX,FXX (2005),2005,2007,,6.3L V12 6AT (800 HP),Gasoline,12,6262,800,686,6-speed automatic,Rear Wheel Drive,3,344,23.1,4702,2035,1148,2649,1200
ferrari,Ferrari,GTC4Lusso,GTC4Lusso (2016),2016,2020,,6.3L V12 7AT AWD (690 HP),Gasoline,12,6262,690,697,7-speed automatic,All Wheel Drive,3.4,335,15.3,4991,1981,1382,2990,1790
ferrari,Ferrari,GTC4Lusso T,GTC4Lusso T (2016),2016,2020,,3.9 V8 7AT (610 HP),Gasoline,8,3855,610,760,7-speed automatic,Rear Wheel Drive,3.5,320,11.6,4923,1981,1384,2990,1760
ferrari,Ferrari,LaFerrari,LaFerrari (2016),2016,2018,,6.3L V12 7AT RWD (963 HP),Hybrid Gasoline,12,6262,800,700,7-speed automatic (DCT),Rear Wheel Drive,2.8,351,16.8,4702,1991,1115,2649,
ferrari,Ferrari,Luce,Luce (2026),2026,,,122 kWh AWD (1050 HP),Electric,,,1050,,,All Wheel Drive,2.5,311,,5027,1999,1544,2962,2260
ferrari,Ferrari,Mondial,Mondial (1989),1989,1993,,3.4L V8 5MT RWD (300 HP),Gasoline,8,3405,300,323,5-speed manual,Rear Wheel Drive,6.3,254,13.5,4534,1811,1234,2649,1505
ferrari,Ferrari,Mondial,Mondial (1985),1985,1989,,3.2L V8 5MT RWD (260 HP),Gasoline,8,3185,263.6,289,5-speed manual,Rear Wheel Drive,7.6,245,15.7,4534,1796,1234,2649,1540
ferrari,Ferrari,Mondial,Mondial (1985),1985,1989,,3.2L V8 5MT RWD (270 HP),Gasoline,8,3185,270,304,5-speed manual,Rear Wheel Drive,7.4,249,13.7,4534,1796,1234,2649,1480
ferrari,Ferrari,Mondial,Mondial (1982),1982,1985,,3.0L V8 5MT RWD (230 HP),Gasoline,8,2927,233.2,255,5-speed manual,Rear Wheel Drive,7.7,230,18.1,4580,1791,1260,2649,1535
ferrari,Ferrari,Mondial,Mondial (1982),1982,1985,,3.0L V8 5MT RWD (240 HP),Gasoline,8,2927,240,260,5-speed manual,Rear Wheel Drive,7.4,240,14.2,4580,1791,1260,2649,1490
ferrari,Ferrari,Mondial,Mondial (1980),1980,1982,,3.0L V8 5MT RWD (205 HP),Gasoline,8,2927,207.8,245,5-speed manual,Rear Wheel Drive,9.7,220,18.1,4641,1791,1260,2647,1446
ferrari,Ferrari,Mondial,Mondial (1980),1980,1982,,3.0L V8 5MT RWD (214 HP),Gasoline,8,2927,214,243,5-speed manual,Rear Wheel Drive,9.4,230,16.7,4641,1791,1260,2647,1446
ferrari,Ferrari,Mondial,Mondial Cabriolet (1989),1989,1993,,3.4L V8 5MT RWD (300 HP),Gasoline,8,3405,300,323,5-speed manual,Rear Wheel Drive,6.3,254,13.5,4534,1811,1265,2649,1545
ferrari,Ferrari,Mondial,Mondial Cabriolet (1985),1985,1988,,3.2L V8 5MT RWD (260 HP),Gasoline,8,3185,263.6,289,5-speed manual,Rear Wheel Drive,7.6,237,15.7,4534,1796,1265,2649,1480
ferrari,Ferrari,Mondial,Mondial Cabriolet (1985),1985,1988,,3.2L V8 5MT RWD (270 HP),Gasoline,8,3185,270,304,5-speed manual,Rear Wheel Drive,7.4,249,14.1,4534,1796,1265,2649,1440
ferrari,Ferrari,Mondial,Mondial Cabriolet (1983),1983,1985,,3.0 V8 5MT (240 HP),Gasoline,8,2927,240,260,5-speed manual,Rear Wheel Drive,7.4,240,13.9,4580,1791,1260,2649,1500
ferrari,Ferrari,Monza,Monza (2018),2018,2022,,6.5L V12 7AT RWD (810 HP),Gasoline,12,6496,820,719,7-Speed automatic,Rear Wheel Drive,2.9,299,,4656,1996,1156,,1500
ferrari,Ferrari,Monza,Monza (2018),2018,2022,,6.5L V12 7AT (810 HP),Gasoline,12,6496,820,719,7-speed automatic,Rear Wheel Drive,2.9,299,,4656,1996,1156,,1520
ferrari,Ferrari,Portofino,Portofino (2020),2020,,,3.9L V8 8AT (620 HP),Gasoline,8,3855,620,,8-speed automatic,Rear Wheel Drive,3.45,,,,,,,
ferrari,Ferrari,Portofino,Portofino (2017),2017,2020,,3.9L V8 (600 HP),Gasoline,8,3855,600,760,7-speed automatic,Rear Wheel Drive,3.5,320,10.7,4587,1938,1318,2670,1739
ferrari,Ferrari,Purosangue,Purosangue (2022),2022,,,6.5L V12 8AT AWD (725 HP),Gasoline,12,6496,725,716,8-speed automatic F1 DCT,All Wheel Drive,3.3,311,,4973,2088,1590,3018,2033
ferrari,Ferrari,Roma,Roma Convertible (2023),2023,,,4.0L V8 8AT RWD (620 HP),Gasoline,8,3855,620,760,8-speed automatic F1 DCT,Rear Wheel Drive,3.4,320,,4656,1974,1306,2670,1556
ferrari,Ferrari,Roma,Roma (2019),2019,2024,,4.0L V8 8AT RWD (620 HP),Gasoline,8,3855,620,760,8-speed automatic,Rear Wheel Drive,3.4,320,,4656,1974,1300,2670,1570
ferrari,Ferrari,Scuderia,Scuderia Spider (2008),2008,2009,,4.3L V8 6MT RWD (510 HP),Gasoline,8,4308,510,470,6-speed manual,Rear Wheel Drive,3.7,315,15,4511,1923,1217,2601,1440
ferrari,Ferrari,SF90,SF90 (2023),2023,,,4.0L V8 8AT AWD (797 HP,Hybrid Gasoline,8,3990,797,804,8-speed automatic F1 DCT,All Wheel Drive,2.3,320,,4849,2014,1224,2649,1560
ferrari,Ferrari,SF90,SF90 (2023),2023,,,4.0L V8 8AT AWD (797 HP,Hybrid Gasoline,8,3990,797,804,8-speed automatic F1 DCT,All Wheel Drive,2.3,320,,4849,2014,1224,,1660
ferrari,Ferrari,SF90,SF90 (2020),2020,,,4.0L V8 8AT AWD (780 HP),Hybrid Gasoline,8,3990,780,800,8-speed automatic,All Wheel Drive,2.5,340,,4704,1974,1191,2649,1670
ferrari,Ferrari,SF90,SF90 (2019),2019,2022,,4.0L V8 8AT AWD (1000 HP),Hybrid,8,3990,1000,800,8-speed automatic F1 dual-clutch transmission,All Wheel Drive,2.5,340,,4709,1971,1186,2649,1570
ferrari,Ferrari,Testarossa,Testarossa Spider (2025),2025,,,4.0L V8 PHEV 8AT AWD (1050 HP),Plug-in Hybrid,8,3990,830,842,8-speed automatic DCT F1,All Wheel Drive,2.3,330,,4717,2304,1186,2649,1660
ferrari,Ferrari,Testarossa/512 TR/512M,Testarossa/512 TR/512M (2025),2025,,,4.0L V8 PHEV 8AT AWD (1050 HP),Plug-in Hybrid,8,3990,830,842,8-speed automatic DCT F1,All Wheel Drive,2.3,330,,4717,2304,1224,2649,1570
ferrari,Ferrari,Testarossa/512 TR/512M,Testarossa/512 TR/512M (1994),1994,1996,,4.9L V12 5MT (440 HP),Gasoline,12,4943,440,500,5-Speed manual,Rear Wheel Drive,4.7,314,15.7,4486,1976,1135,2550,1482
ferrari,Ferrari,Testarossa/512 TR/512M,Testarossa/512 TR/512M (1992),1992,1994,,4.9L V12 5MT RWD (430 HP),Gasoline,12,4943,428,491,5-Speed manual,Rear Wheel Drive,4.8,314,10,4481,1976,1135,2550,1473
ferrari,Ferrari,Testarossa/512 TR/512M,Testarossa/512 TR/512M (1984),1984,1991,,4.9L B12 5MT (390 HP),Gasoline,12,4942,390,490,5-Speed manual,Rear Wheel Drive,5.4,291,15.1,4486,1976,1130,2550,1506
koenigsegg,Koenigsegg,Agera,Agera (2015),2015,2016,,"5.0L V8 7AT (1,176 HP)",Gasoline,8,5065,1176,1001,7-speed automatic,Rear Wheel Drive,,443,,4293,2050,1120,2662,1395
koenigsegg,Koenigsegg,Agera,Agera (2013),2013,2014,,"5.0 V8 7AT (1,130 HP)",Gasoline,8,5065,1130,1100,7-speed automatic,Rear Wheel Drive,2.9,439,14.7,4293,1996,1120,2662,1415
koenigsegg,Koenigsegg,Agera,Agera (2011),2011,2014,,"5.0 V8 7AT (1,115 HP)",Gasoline,8,5065,1115,1100,7-speed automatic,Rear Wheel Drive,2.8,439,14.7,4293,1996,1120,2662,1435
koenigsegg,Koenigsegg,Agera,Agera (2011),2011,2014,,"5.0 V8 7AT (1,140 HP)",Gasoline,8,5065,1140,1200,7-speed automatic,Rear Wheel Drive,2.8,443,14.7,4293,1996,1120,2662,1435
koenigsegg,Koenigsegg,Agera,Agera (2010),2010,2014,,5.0 V8 7AT (910 HP),Gasoline,8,5065,960,1100,7-speed automatic,Rear Wheel Drive,2.8,420,14.7,4293,1996,1120,2662,1435
koenigsegg,Koenigsegg,CC8S,CC8S (2002),2002,2005,,4.7L V8 6MT RWD (655 HP),Gasoline,8,4700,655,752,6-speed manual,Rear Wheel Drive,3.2,386,,4191,1989,1069,2659,1175
koenigsegg,Koenigsegg,CCR,CCR (2004),2004,2006,,4.7L V8 6MT RWD (806 HP),Gasoline,8,4700,806,921,6-speed manual,Rear Wheel Drive,3.2,394,17,4191,1989,1069,2659,1180
koenigsegg,Koenigsegg,CCX,CCX (2006),2006,2010,,4.7L V8 6MT RWD (817 HP),Gasoline,8,4700,817,921,6-speed manual,Rear Wheel Drive,3.2,394,17,4293,1996,1120,2659,1280
koenigsegg,Koenigsegg,CCXR,CCXR (2007),2007,2010,,4.7L V8 6MT RWD (1032 HP),Gasoline,8,4700,1032,1060,6-speed manual,Rear Wheel Drive,3.1,402,22,4293,1996,1120,2659,1280
koenigsegg,Koenigsegg,Gemera,Gemera (2020),2020,,,2.0L AWD (1723 HP),Ethanol,3,,1723,,Hydracopu Direct Drive,All Wheel Drive,1.9,401,,4976,1989,1295,3000,1715
koenigsegg,Koenigsegg,Jesko,Jesko (2019),2019,,,5.0L V8 9AT AWD (1280 HP),Gasoline,8,,1280,1500,9-Speed automatic Light Speed Transmission (LST),All Wheel Drive,,,,4610,2029,1209,2700,1420
koenigsegg,Koenigsegg,One:1,One:1 (2014),2014,2015,,"5.0L V8 7AT (1,360 HP)",Gasoline,8,5065,1360,1371,7-speed automatic,Rear Wheel Drive,2.8,452,14.7,4501,2060,1151,2662,1360
koenigsegg,Koenigsegg,Regera,Regera (2015),2015,2022,,"5.0 V8 (1,509 HP)",Hybrid,8,5065,1115,1001,single gear (Koenigsegg Direct Drive),Rear Wheel Drive,,,,4559,2050,1110,2662,1628
koenigsegg,Koenigsegg,Sadairs Spear,Sadairs Spear (2025),2025,,,5.0L V8 9AT RWD (1300/1625 HP),Gasoline,8,,1300,1000,9-automatic speed LST,Rear Wheel Drive,,,,4689,2029,1209,2700,1320
lamborghini,Lamborghini,Aventador,Aventador (2022),2022,,,6.5L V12 7AT AWD (780 HP),Gasoline,12,6498,780,720,7-speed automatic ISR,All Wheel Drive,2.8,356,,4869,2098,1135,2700,1550
lamborghini,Lamborghini,Aventador,Aventador (2018),2018,2022,,6.5L V12 7AT AWD (770 HP),Gasoline,12,6498,770,720,7-speed automatic,All Wheel Drive,2.8,349,19.6,4943,2273,1135,2700,1525
lamborghini,Lamborghini,Aventador,Aventador (2017),2017,2021,,6.5L V12 7AT AWD (740 HP),Gasoline,12,6498,740,690,7-speed automatic,All Wheel Drive,2.9,349,16.9,4798,2029,1135,2700,1575
lamborghini,Lamborghini,Aventador,Aventador (2015),2015,2017,,6.5L V12 7AT (750 HP),Gasoline,12,6498,751,690,7-speed automatic,All Wheel Drive,2.8,349,16,4836,2029,1135,2700,1525
lamborghini,Lamborghini,Aventador,Aventador (2011),2011,2016,,6.5L V12 7AT (690 HP),Gasoline,12,6498,690,690,7 speed semi-automatic,All Wheel Drive,2.9,349,16.8,4780,2029,1135,2700,1575
lamborghini,Lamborghini,Aventador,Aventador Roadster (2022),2022,,,6.5L V12 7AT AWD (780 HP),Gasoline,12,6498,780,720,7-speed automatic ISR,All Wheel Drive,2.9,356,,4869,2098,1135,2700,1600
lamborghini,Lamborghini,Aventador,Aventador Roadster (2019),2019,2020,,6.5L V12 9AT AWD (770 HP),Gasoline,12,6499,770,720,9-Speed automatic,All Wheel Drive,2.9,349,,,,,,1525
lamborghini,Lamborghini,Aventador,Aventador Roadster (2017),2017,2021,,6.5 V12 7AT (740 HP),Gasoline,12,6498,740,690,7-speed automatic,All Wheel Drive,3,349,,4798,2029,1135,2700,1625
lamborghini,Lamborghini,Aventador,Aventador Roadster (2015),2015,2017,,6.5L V12 7AT AWD (750 HP),Gasoline,12,6498,750,690,7-speed automatic (LDF),All Wheel Drive,2.9,349,18.4,4836,2029,1135,2700,1575
lamborghini,Lamborghini,Aventador,Aventador Roadster (2012),2012,2016,,6.5L V12 (700 HP),Gasoline,12,6498,700,690,"7 speed ISR, shifting characteristic depending on drive select mode",All Wheel Drive,3,349,16,4780,2029,1135,2700,1625
lamborghini,Lamborghini,Centenario,Centenario (2016),2016,2017,,6.5L V12 7AT AWD (770 HP),Gasoline,12,6498,770,690,7-speed automatic,All Wheel Drive,2.8,349,16,4925,2062,1143,2700,1600
lamborghini,Lamborghini,Centenario,Centenario Roadster (2016),2016,2017,,6.5L V12 7AT AWD (770 HP),Gasoline,12,6498,770,690,7-speed automatic,All Wheel Drive,2.9,349,16,4925,2060,1158,2700,
lamborghini,Lamborghini,Countach,Countach (1989),1989,1990,,5.2L V12 5MT (455 HP),Gasoline,12,5167,455,500,5-speed manual,Rear Wheel Drive,5,306,16.3,4140,1999,1069,2451,1490
lamborghini,Lamborghini,Countach,Countach (1985),1985,1989,,5.2 V12 5MT (455 HP),Gasoline,12,5167,455,500,5-speed manual,Rear Wheel Drive,5,298,16.3,4140,1999,1069,2451,1490
lamborghini,Lamborghini,Countach,Countach (1973),1973,1981,,3.9L V12 5MT (375 HP),Gasoline,12,3929,375,365,5-speed manual,Rear Wheel Drive,5.4,299,11,4140,1890,1069,2451,1300
lamborghini,Lamborghini,Diablo,Diablo (2000),2000,2001,,6.0 V12,Gasoline,12,5992,550,620,"Manual, 5 Speed",All Wheel Drive,3.9,330,25,4470,2040,1105,2649,1625
lamborghini,Lamborghini,Diablo,Diablo (1996),1996,1999,,5.7L V12 5MT (530 HP),Gasoline,12,5707,530,605,5-speed manual,Rear Wheel Drive,3.8,320,25,4458,2040,1105,2670,1530
lamborghini,Lamborghini,Diablo,Diablo (1994),1994,1995,,5.7L V12 5MT (530 HP),Gasoline,12,5707,530,580,5-speed manual,Rear Wheel Drive,4,338,12.3,4458,2040,1105,2670,1447
lamborghini,Lamborghini,Diablo,Diablo (1993),1993,1999,,5.7L V12 5MT (530 HP),Gasoline,12,5707,530,605,5-speed manual,All Wheel Drive,4,335,25,4458,2040,1105,2670,1625
lamborghini,Lamborghini,Diablo,Diablo (1990),1990,1999,,5.7 V12 5MT (492 HP),Gasoline,12,5707,492,580,5-speed manual,Rear Wheel Drive,4.1,325,25,4458,2040,1105,2670,1576
lamborghini,Lamborghini,Diablo,Diablo Roadster (1999),1999,2000,,5.7L V12 5MT (530 HP),Gasoline,12,5707,530,605,5-speed manual,All Wheel Drive,3.9,335,25,4458,2040,1105,2670,1625
lamborghini,Lamborghini,Diablo,Diablo Roadster (1996),1996,1999,,5.7 V12 5MT (492 HP),Gasoline,12,5707,492,580,5-speed manual,All Wheel Drive,4,332,21.4,4458,2040,1105,2670,1625
lamborghini,Lamborghini,Espada,Espada (1968),1968,1976,,3.9L V12 S1 5MT RWD (325 HP),Gasoline,12,3929,325,374,5-Speed manual,Rear Wheel Drive,,241,,4674,1821,1191,2649,1480
lamborghini,Lamborghini,Espada,Espada (1968),1968,1976,,3.9L V12 S2 5MT RWD (350 HP),Gasoline,12,3929,350,400,5-Speed manual,Rear Wheel Drive,7.6,249,,4674,1821,1191,2649,1700
lamborghini,Lamborghini,Fenomeno,Fenomeno Roadster (2026),2026,,,6.5L V12 8AT AWD (1080 HP),Plug-in Hybrid,12,6498,835,725,8-speed automatic DCT,All Wheel Drive,2.4,349,,5037,2073,1161,2779,1772
lamborghini,Lamborghini,Gallardo,Gallardo (2013),2013,2014,,5.2L V10 6AT AWD (570 HP),,10,5204,570,540,6-speed automatic,All Wheel Drive,3.9,323,,4387,1900,1184,2560,
lamborghini,Lamborghini,Gallardo,Gallardo (2012),2012,2013,,5.2 V10 (560 HP),Gasoline,10,5204,560,540,"6 Speed + reverse, A optional, robotized sequential e-gearsystem with actuation by paddles on the steering column",All Wheel Drive,3.7,325,14,4326,1900,1166,2560,1500
lamborghini,Lamborghini,Gallardo,Gallardo (2012),2012,2013,,5.2 V10 (570 HP),Gasoline,10,5204,570,540,6 speed automatic,All Wheel Drive,3.4,325,13.5,4387,1900,1166,2560,1340
lamborghini,Lamborghini,Gallardo,Gallardo (2011),2011,2013,,5.2 V10 (570 HP),Gasoline,10,5204,570,540,6 speed automatic,All Wheel Drive,3.4,320,13.5,4387,1900,1166,2560,1340
lamborghini,Lamborghini,Gallardo,Gallardo (2010),2010,2013,,5.2 V10 (570 HP),Gasoline,10,5204,570,540,6 speed automatic,All Wheel Drive,3.4,325,13.5,4387,1900,1166,2560,1340
lamborghini,Lamborghini,Gallardo,Gallardo (2009),2009,2013,,5.2L V10 6AT RWD (550 HP),Gasoline,10,5204,550,540,6-speed manual,Rear Wheel Drive,3.9,320,13.3,4346,1900,1166,2560,1380
lamborghini,Lamborghini,Gallardo,Gallardo (2009),2009,2013,,5.2L V10 6MT RWD (550 HP),Gasoline,10,5204,550,540,6-speed manual,Rear Wheel Drive,3.9,320,15.7,4346,1900,1166,2560,1380
lamborghini,Lamborghini,Gallardo,Gallardo (2008),2008,2012,,5.2L V10 6MT AWD (552 HP),Gasoline,10,5204,552,540,6-Speed manual,All Wheel Drive,3.7,325,14.7,4346,1900,1166,2560,1500
lamborghini,Lamborghini,Gallardo,Gallardo (2007),2007,2008,,5.0 V10 (530 HP),Gasoline,10,4961,530,510,"Automatic, 6 Speed",All Wheel Drive,3.8,315,18.7,4300,1900,1166,2560,1330
lamborghini,Lamborghini,Gallardo,Gallardo (2005),2005,2006,,5.0L V10 6MT AWD (520 HP),Gasoline,10,4961,520,510,6-Speed manual,All Wheel Drive,4,315,18.7,4300,1900,1166,2560,1430
lamborghini,Lamborghini,Gallardo,Gallardo (2003),2003,2008,,5.0L V10 6MT AWD (500 HP),Gasoline,10,4961,499,510,6-Speed manual,All Wheel Drive,4.2,309,18.7,4300,1900,1166,2560,1430
lamborghini,Lamborghini,Gallardo,Gallardo (2003),2003,2008,,5.0L V10 6MT AWD (520 HP),Gasoline,10,4961,519,510,6-Speed manual,All Wheel Drive,4,315,18.7,4300,1900,1166,2560,1430
lamborghini,Lamborghini,Gallardo,Gallardo Spyder (2012),2012,2013,,5.2 V10 (550 HP),Gasoline,10,5204,550,540,6 speed automatic,Rear Wheel Drive,4.2,319,13.3,4346,1900,1184,2560,1520
lamborghini,Lamborghini,Gallardo,Gallardo Spyder (2010),2010,2013,,5.2 V10 6AT (570 HP),Gasoline,10,5204,570,540,6-speed automatic,All Wheel Drive,3.9,323,13.6,4387,1900,1184,2560,1485
lamborghini,Lamborghini,Gallardo,Gallardo Spyder (2008),2008,2013,,5.2L V10 6AT AWD (560 HP),Gasoline,10,5204,568,540,6-speed automatic,All Wheel Drive,4,323,13.8,4343,1900,1184,2558,1550
lamborghini,Lamborghini,Gallardo,Gallardo Spyder (2008),2008,2013,,5.2L V10 6MT AWD (560 HP),Gasoline,10,5204,568,540,6-speed manual,All Wheel Drive,4,323,14.9,4343,1900,1184,2558,1550
lamborghini,Lamborghini,Gallardo,Gallardo Spyder (2006),2006,2008,,5.0L V10 6MT AWD (520 HP),Gasoline,10,4961,520,510,6-Speed manual,All Wheel Drive,4,314,17,4300,1900,1184,2560,1570
lamborghini,Lamborghini,Huracan,Huracan (2022),2022,2024,,5.2L V10 7AT RWD (610 HP),Gasoline,10,5204,610,565,7-speed automatic DCT,Rear Wheel Drive,3.4,261,,4524,1956,1247,2629,1470
lamborghini,Lamborghini,Huracan,Huracan (2022),2022,,,5.2L V10 7AT RWD (640 HP),Gasoline,10,5204,640,565,7-speed automatic LDF,Rear Wheel Drive,3.2,325,,4567,1933,1166,2619,1379
lamborghini,Lamborghini,Huracan,Huracan (2020),2020,2024,,5.2L V10 7AT (640 HP),Gasoline,10,5204,640,565,7-automatic speed LDF dual clutch,Rear Wheel Drive,3,311,,4549,1946,1219,2619,1339
lamborghini,Lamborghini,Huracan,Huracan (2019),2019,,,5.2L V10 7AT RWD (610 HP),Gasoline,10,5204,610,560,7-speed automatic,Rear Wheel Drive,3.3,325,,4521,1933,1166,2619,1398
lamborghini,Lamborghini,Huracan,Huracan (2019),2019,2023,,5.2L V10 7AT AWD (640 HP),Gasoline,10,5204,640,600,7-Speed automatic DCT,All Wheel Drive,2.9,325,,4521,2235,1166,2619,1422
lamborghini,Lamborghini,Huracan,Huracan (2017),2017,2019,,5.2L V10 7AT AWD (640 HP),Gasoline,10,5204,640,600,7-speed automatic (DSG),All Wheel Drive,2.9,325,13.7,4506,1923,1166,2619,1382
lamborghini,Lamborghini,Huracan,Huracan (2016),2016,2019,,5.2L V10 7AT RWD (580 HP),Gasoline,10,5204,580,540,7-speed automatic,Rear Wheel Drive,3.6,319,12.1,4460,1923,1181,2619,1509
lamborghini,Lamborghini,Huracan,Huracan (2014),2014,2019,,5.2 V10 7AT (610 HP),Gasoline,10,5204,610,560,7-speed dual-clutch transmission,All Wheel Drive,3.2,325,12.5,4460,1923,1166,2619,1422
lamborghini,Lamborghini,Huracan,Huracan Spyder (2019),2019,2023,,5.2L V10 7AT AWD (640 HP),Gasoline,10,5204,640,600,7-speed automatic,All Wheel Drive,3.1,325,,4521,1933,1181,2619,1542
lamborghini,Lamborghini,Huracan,Huracan Spyder (2018),2018,2019,,5.2L V10 7AT (640 HP),Gasoline,10,5204,640,600,7-speed automatic (DSG),All Wheel Drive,3.1,325,,4506,1923,1166,2619,1507
lamborghini,Lamborghini,Huracan,Huracan Spyder (2016),2016,2019,,5.2L V10 7AT RWD (580 HP),Gasoline,10,5204,580,540,7-speed automatic,Rear Wheel Drive,3.6,319,12.1,4460,193,1181,2619,1509
lamborghini,Lamborghini,Huracan,Huracan Spyder (2015),2015,2019,,5.2L V10 7AT AWD (610 HP),Gasoline,10,5204,610,560,7-speed automatic (LDF),All Wheel Drive,3.4,323,13.8,4460,1923,1181,2619,1542
lamborghini,Lamborghini,Jalpa,Jalpa (1981),1981,1988,,3.5 V8,Gasoline,8,3485,258,320,"Manual, 5 Speed",Rear Wheel Drive,7,250,,4331,1880,1143,2451,1509
lamborghini,Lamborghini,Jarama,Jarama (1970),1970,1976,,400 V12 5MT RWD (351 HP),Gasoline,12,3929,351,400,5-speed manual,Rear Wheel Drive,7.2,261,,4483,1819,1189,2375,1340
lamborghini,Lamborghini,Jarama,Jarama (1970),1970,1976,,400L GTS V12 5MT (365 HP),Gasoline,12,3929,365,410,5-speed manual,Rear Wheel Drive,6.8,266,,4483,1819,1189,2375,1342
lamborghini,Lamborghini,LM 002,LM 002 (1986),1986,1993,,5.2L V12 5MT (450 HP,Gasoline,12,5167,450,500,5-speed manual,All Wheel Drive,7.7,211,,4900,1999,1849,3000,2700
lamborghini,Lamborghini,Miura,Miura (1971),1971,1987,,3.9L V12 5MT RWD (415 HP),Gasoline,12,3929,415,420,5-Speed manual,Rear Wheel Drive,4.2,290,,4361,1760,1067,2499,
lamborghini,Lamborghini,Miura,Miura (1966),1966,1973,,P400 S V12 5MT RWD (370 HP),Gasoline,12,3929,370,388,5-Speed manual,Rear Wheel Drive,4.8,282,,4361,1760,1067,2499,1298
lamborghini,Lamborghini,Miura,Miura (1966),1966,1973,,P400 SV V12 5MT RWD (385 HP),Gasoline,12,3929,385,400,5-Speed manual,Rear Wheel Drive,4.5,290,,4361,1760,1067,2499,1293
lamborghini,Lamborghini,Miura,Miura (1966),1966,1973,,P400 V12 5MT RWD (350 HP),Gasoline,12,3929,350,367,5-Speed manual,Rear Wheel Drive,6.1,259,,4361,1760,1067,2499,1293
lamborghini,Lamborghini,Murcielago,Murcielago (2009),2009,2010,,6.5L V12 6MT AWD (670 HP),Gasoline,12,6496,670,660,6-speed manual (e-Gear),All Wheel Drive,3.2,341,21.4,4704,2057,1135,2664,1665
lamborghini,Lamborghini,Murcielago,Murcielago (2006),2006,2010,,6.5L V12 6MT AWD (640 HP),Gasoline,12,6496,640,660,6-Speed manual,All Wheel Drive,3.4,330,22,4580,2045,1135,2664,1650
lamborghini,Lamborghini,Murcielago,Murcielago (2001),2001,2006,,6.2L V12 6MT AWD (580 HP),Gasoline,12,6192,580,650,6-Speed manual,All Wheel Drive,3.8,330,22,4580,2045,1135,2664,1650
lamborghini,Lamborghini,Murcielago,Murcielago Roadster (2007),2007,2010,,6.5L V12 6MT AWD (640 HP),Gasoline,12,6496,640,660,6-manual speed,All Wheel Drive,3.4,330,21.6,4580,2045,1064,2664,1690
lamborghini,Lamborghini,Murcielago,Murcielago Roadster (2004),2004,2007,,6.2L V12 6MT AWD (579 HP),Gasoline,12,6192,579,650,6-manual speed,All Wheel Drive,3.8,320,21.6,4580,2045,1064,2664,1665
lamborghini,Lamborghini,Reventon,Reventon (2008),2008,2009,,6.5L V12 6MT AWD (650 HP),Gasoline,12,6496,650,660,6-speed Manual,All Wheel Drive,3.4,340,21.4,4700,2058,1135,2665,1665
lamborghini,Lamborghini,Revuelto,Revuelto (2026),2026,,,6.5L V12 8AT 4WD (1065 HP),Hybrid Gasoline,12,6498,1065,,8-automatic speed,All Wheel Drive,2.4,344,,,,,,
lamborghini,Lamborghini,Revuelto,Revuelto (2023),2023,,,6.5L V12 8AT AWD (1015 HP),Plug-in Hybrid,12,6498,825,,8-speed automatic DCT,All Wheel Drive,2.5,349,,4948,2032,1161,2779,1772
lamborghini,Lamborghini,Sian,Sian Roadster (2020),2020,,,6.5L V12 7AT (819 HP),Hybrid Gasoline,12,6498,785,,7-speed automatic,All Wheel Drive,2.9,349,,,,,,
lamborghini,Lamborghini,Sian,Sian (2019),2019,2022,,6.5L V12 7AT AWD (819 HP),Hybrid Gasoline,12,6498,819,,7-speed automatic,All Wheel Drive,2.8,349,,4981,2101,1133,2700,
lamborghini,Lamborghini,Silhouette,Silhouette (1976),1976,1979,,3.0 V8,Gasoline,8,2996,260,275,"Manual, 5 Speed",Rear Wheel Drive,6.8,254,,4321,1880,1120,2451,1300
lamborghini,Lamborghini,Temerario,Temerario (2024),2024,,,4.0L V8 8AT AWD (800 HP),Plug-in Hybrid,8,3995,800,730,8-speed automatic,All Wheel Drive,2.7,343,,4707,2245,1201,2657,1690
lamborghini,Lamborghini,Urraco,Urraco (1972),1972,1979,,P200 V8 5MT RWD (182 HP),Gasoline,8,1994,182,176,5-Speed manual,Rear Wheel Drive,,204,,4280,1760,1110,2451,1250
lamborghini,Lamborghini,Urraco,Urraco (1972),1972,1979,,P250 V8 5MT RWD (220 HP),Gasoline,8,2463,220,225,5-Speed manual,Rear Wheel Drive,8.4,230,,4280,1760,1110,2451,1100
lamborghini,Lamborghini,Urraco,Urraco (1972),1972,1979,,P300 V8 5MT RWD (265 HP),Gasoline,8,2997,265,274,5-Speed manual,Rear Wheel Drive,6.2,248,,4280,1760,1110,2451,1300
lamborghini,Lamborghini,Urus,Urus (2024),2024,,,4.0L PHEV 8AT AWD (800 HP),Plug-in Hybrid,8,3996,620,800,8-speed automatic,All Wheel Drive,3.4,312,,5123,2022,1638,3002,2505
lamborghini,Lamborghini,Urus,Urus (2022),2022,,,4.0L V8 8AT 4WD (666 HP),Gasoline,8,3996,666,850,8-speed automatic,All Wheel Drive,3.3,306,,5136,2027,1618,3005,2150
lamborghini,Lamborghini,Urus,Urus (2022),2022,,,4.0L V8 8AT AWD (666 HP),Gasoline,8,3996,666,850,8-speed automatic,All Wheel Drive,3.5,306,14.1,5113,2017,1638,3002,2197
lamborghini,Lamborghini,Urus,Urus (2018),2018,2022,,4.0L V8 8AT AWD (650 HP),Gasoline,8,3996,650,850,8-speed automatic,All Wheel Drive,3.6,306,12.7,5113,2017,1638,3002,2200
lamborghini,Lamborghini,Veneno,Veneno (2013),2013,2014,,6.5L V12 (750 HP),Gasoline,12,6498,751,690,7-Speed Semi-Automatic ISR Transmission,All Wheel Drive,2.8,356,16,5019,2075,1166,2700,1490
lamborghini,Lamborghini,Veneno,Veneno Roadster (2014),2014,2014,,6.5 V12 (750 HP),Gasoline,12,6498,751,,7-Speed Semi-Automatic ISR Transmission,All Wheel Drive,2.9,356,,,,,,1490
lotus,Lotus,2 Eleven,2 Eleven (2007),2007,2015,,1.8 6MT (256 HP),Gasoline,4,1796,256,241,6-speed manual,Rear Wheel Drive,3.9,249,10.7,3820,1735,1113,2299,745
lotus,Lotus,3 Eleven,3 Eleven (2018),2018,2018,,3.5 V6 6MT (436 HP),Gasoline,6,3500,436,440,6-speed manual,Rear Wheel Drive,3.2,290,,,,,,920
lotus,Lotus,Elan,Elan (1989),1989,1994,,1.6i 16V 5MT (132 HP),Gasoline,4,1588,132,142,5-Speed manual,Front Wheel Drive,,196,,3802,1735,1229,2250,997
lotus,Lotus,Elan,Elan (1989),1989,1994,,1.6i 16V Turbo 5MT (167 HP),Gasoline,4,1588,167,201,5-Speed manual,Front Wheel Drive,7.2,220,8.9,3802,1735,1229,2250,997
lotus,Lotus,Elan,Elan (1962),1962,1973,,1.5L 4MT (101 HP),Gasoline,4,1499,102,138,4-speed manual,Rear Wheel Drive,,,,3688,1422,1105,2134,585
lotus,Lotus,Elan,Elan (1962),1962,1973,,1.6L 4MT (106 HP),Gasoline,4,1559,106,146,4-speed manual,Rear Wheel Drive,9,185,,3688,1422,1105,2134,585
lotus,Lotus,Eletre,Eletre (2022),2022,,,Dual Motor 112 KWh AWD (603 HP),Electric,,,603,,1-Speed automatic,All Wheel Drive,4.5,257,,5103,2230,1636,3020,
lotus,Lotus,Eletre,Eletre (2022),2022,,,Dual Motor 112 KWh AWD (905 HP),Electric,,,905,,1-Speed automatic,All Wheel Drive,2.95,266,,5103,2230,1636,3020,
lotus,Lotus,Elise,Elise (2021),2021,2021,,1.8L 6MT (240 HP),Gasoline,4,,240,244,6-speed manual,Rear Wheel Drive,4.5,237,7.8,,,,,922
lotus,Lotus,Elise,Elise (2016),2016,2017,,1.8L 6MT (250 HP),Gasoline,4,1796,250,250,6-speed automatic,Rear Wheel Drive,4.3,248,7.5,3825,1720,1118,,917
lotus,Lotus,Elise,Elise (2010),2010,2021,,1.6L S 6MT RWD (134 HP),Gasoline,4,1598,134,160,6-speed manual,Rear Wheel Drive,6.5,204,6.3,3785,1720,1118,2299,870
lotus,Lotus,Elise,Elise (2010),2010,2021,,1.8L R 6MT RWD (192 HP),Gasoline,4,1796,192,180,6-speed manual,Rear Wheel Drive,5.4,241,8.2,3785,1720,1118,2299,870
lotus,Lotus,Elise,Elise (2010),2010,2021,,1.8L SC 6AT RWD (217 HP),Gasoline,4,1796,217,212,6-speed automatic,Rear Wheel Drive,4.6,233,8.5,3785,1720,1118,2299,870
lotus,Lotus,Elise,Elise (2008),2008,2010,,1.8L 5MT RWD (122 HP),Gasoline,4,1796,121,168,5-speed manual,Rear Wheel Drive,5.7,200,7.4,3785,1717,1115,2299,756
lotus,Lotus,Elise,Elise (2008),2008,2010,,1.8L R 6MT RWD (192 HP),Gasoline,4,1796,192,180,6-speed manual,Rear Wheel Drive,5.4,222,8.2,3785,1717,1115,2299,860
lotus,Lotus,Elise,Elise (2008),2008,2010,,1.8L S 5MT RWD (136 HP),Gasoline,4,1794,136,172,5-speed manual,Rear Wheel Drive,6.1,208,7.6,3785,1717,1115,2299,860
lotus,Lotus,Elise,Elise (2008),2008,2010,,1.8L SC 6MT RWD (218 HP),Gasoline,4,1796,218,212,6-speed manual,Rear Wheel Drive,4.6,233,8.5,3785,1717,1115,2299,870
lotus,Lotus,Elise,Elise (2001),2001,2007,,1.8L 5MT FWD (120 HP),Gasoline,4,1796,120,165,5-Speed manual,Rear Wheel Drive,5.9,200,7.3,3780,1720,1140,2301,710
lotus,Lotus,Elise,Elise (2001),2001,2007,,1.8L 5MT FWD (122 HP),Gasoline,4,1796,122,168,5-Speed manual,Rear Wheel Drive,5.7,200,7.4,3780,1720,1140,2301,710
lotus,Lotus,Elise,Elise (2001),2001,2007,,1.8L 5MT FWD (160 HP),Gasoline,4,1796,160,175,5-Speed manual,Rear Wheel Drive,5.1,212,6.9,3780,1720,1140,2301,757
lotus,Lotus,Elise,Elise (2001),2001,2007,,1.8L 6MT FWD (136 HP),Gasoline,4,1796,136,172,6-speed manual,Rear Wheel Drive,6.4,205,8.3,3780,1720,1140,2301,860
lotus,Lotus,Elise,Elise (2001),2001,2007,,1.8L 6MT FWD (192 HP),Gasoline,4,1796,192,181,6-speed manual,Rear Wheel Drive,5.2,241,6.9,3780,1720,1140,2301,860
lotus,Lotus,Elise,Elise (1997),1997,2001,,1.8L 5MT RWD (118 HP),Gasoline,4,1796,120,165,5-Speed manual,Rear Wheel Drive,5.9,202,7.1,3731,1699,1199,2301,699
lotus,Lotus,Elise,Elise (1997),1997,2001,,1.8L 5MT RWD (143 HP),Gasoline,4,1796,145,174,5-Speed manual,Rear Wheel Drive,5.4,213,7.3,3731,1699,1199,2301,714
lotus,Lotus,Elise,Elise (1997),1997,2001,,1.8L 5MT RWD (179 HP),Gasoline,4,1796,179,171,5-Speed manual,Rear Wheel Drive,4.6,203,,3731,1699,1199,2301,658
lotus,Lotus,Elite,Elite (1973),1973,1983,,2.0L 5MT (144 HP),Gasoline,4,1973,144,178,5-Speed manual,Rear Wheel Drive,,190,,4460,1821,1209,2479,1060
lotus,Lotus,Elite,Elite (1973),1973,1983,,2.0L 5MT (162 HP),Gasoline,4,1973,162,190,5-Speed manual,Rear Wheel Drive,,200,,4460,1821,1209,2479,1060
lotus,Lotus,Elite,Elite (1957),1957,1963,,1.2L 4MT (72 HP),Gasoline,4,1216,72,104,4-Speed manual,Rear Wheel Drive,,180,,3708,1506,1181,2235,506
lotus,Lotus,Elite,Elite (1957),1957,1963,,1.2L 4MT (84 HP),Gasoline,4,1216,84,102,4-Speed manual,Rear Wheel Drive,,190,,3708,1506,1181,2235,660
lotus,Lotus,Emeya,Emeya (2023),2023,,,Dual Motor 102 KWh AWD (612 HP),Electric,,,612,,1-automatic speed,All Wheel Drive,4.15,249,,,,,,
lotus,Lotus,Emira,Emira (2021),2021,2024,,2.0L 8AT RWD (365 HP),Gasoline,4,1991,365,430,8-speed automatic,Rear Wheel Drive,4.4,290,,4412,1895,1224,2576,1446
lotus,Lotus,Emira,Emira (2021),2021,2024,,3.5L V6 6AT RWD (400 HP),Gasoline,6,3456,400,430,6-speed automatic,Rear Wheel Drive,4.2,290,,4412,1895,1224,2576,
lotus,Lotus,Emira,Emira (2021),2021,2024,,3.5L V6 6MT RWD (400 HP),Gasoline,6,3456,400,420,6-speed manual,Rear Wheel Drive,4.3,290,,4412,1895,1224,2576,
lotus,Lotus,Esprit,Esprit (1976),1976,2004,,2.0L 5MT RWD (162 HP),Gasoline,4,1973,271,190,5-Speed manual,Rear Wheel Drive,6.7,220,,4191,1862,1110,2438,900
lotus,Lotus,Esprit,Esprit (1976),1976,2004,,2.0L 5MT RWD (243 HP),Gasoline,4,1973,243,294,5-Speed manual,Rear Wheel Drive,,262,,4191,1862,1110,2438,
lotus,Lotus,Esprit,Esprit (1976),1976,2004,,2.0L 5MT RWD (254 HP),Gasoline,4,1973,253,,5-Speed manual,Rear Wheel Drive,,262,,4191,1862,1110,2438,1225
lotus,Lotus,Esprit,Esprit (1976),1976,2004,,2.2L 5MT RWD (162 HP),Gasoline,4,2174,162,217,5-Speed manual,Rear Wheel Drive,7,217,,4191,1852,1118,2438,1067
lotus,Lotus,Esprit,Esprit (1976),1976,2004,,2.2L 5MT RWD (174 HP),Gasoline,4,2174,174,221,5-Speed manual,Rear Wheel Drive,,222,,4191,1862,1110,2438,1100
lotus,Lotus,Esprit,Esprit (1976),1976,2004,,2.2L 5MT RWD (213 HP),Gasoline,4,2174,213,271,5-Speed manual,Rear Wheel Drive,6,245,,4191,1852,1118,2438,1219
lotus,Lotus,Esprit,Esprit (1976),1976,2004,,2.2L 5MT RWD (218 HP),Gasoline,4,2174,218,298,5-Speed manual,Rear Wheel Drive,,245,,4191,1862,1110,2438,1384
lotus,Lotus,Esprit,Esprit (1976),1976,2004,,2.2L 5MT RWD (268 HP),Gasoline,4,2174,268,354,5-Speed manual,Rear Wheel Drive,,266,,4191,1862,1110,2438,
lotus,Lotus,Esprit,Esprit (1976),1976,2004,,2.2L 5MT RWD (289 HP),Gasoline,4,2174,290,393,5-Speed manual,Rear Wheel Drive,,257,,4191,1862,1110,2438,1347
lotus,Lotus,Esprit,Esprit (1976),1976,2004,,2.2L 5MT RWD (304 HP),Gasoline,4,2174,305,380,5-Speed manual,Rear Wheel Drive,,266,,4191,1862,1110,2438,1315
lotus,Lotus,Esprit,Esprit (1976),1976,2004,,3.5L V8 5MT RWD (355 HP),Gasoline,8,3506,355,400,5-Speed manual,Rear Wheel Drive,4.9,282,,4191,1862,1110,2438,1378
lotus,Lotus,Europa,Europa (2006),2006,2010,,2.0 Turbo 6MT (200 HP),Gasoline,4,1998,200,272,6-Speed manual,Rear Wheel Drive,5.8,242,9.3,3899,1709,1120,2329,995
lotus,Lotus,Europa,Europa (2006),2006,2010,,2.0 Turbo 6MT (222 HP),Gasoline,4,1998,222,301,6-Speed manual,Rear Wheel Drive,5.3,235,9.8,3899,1709,1120,2329,995
lotus,Lotus,Europa,Europa (1965),1965,1975,,1.5L 4MT RWD (79 HP),Gasoline,4,1470,79,103,4-speed manual,Rear Wheel Drive,,185,,3975,1638,1067,2311,660
lotus,Lotus,Europa,Europa (1965),1965,1975,,1.6L 4MT RWD (107 HP),Gasoline,4,1558,106,146,4-speed manual,Rear Wheel Drive,,195,,3993,1638,1067,2311,737
lotus,Lotus,Europa,Europa (1965),1965,1975,,1.6L 5MT RWD (128 HP),Gasoline,4,1558,128,153,5-Speed manual,Rear Wheel Drive,7.2,204,,3993,1638,1067,2311,711
lotus,Lotus,Evija,Evija (2020),2020,,,1471 KW AWD (2000 HP),Electric,,,2000,1700,Single speed,All Wheel Drive,3,320,,4460,1999,1123,,1680
lotus,Lotus,Evora,Evora (2019),2019,2021,,3.5L V6 6AT AWD (422 HP),Gasoline,6,3456,422,450,6-Speed manual,All Wheel Drive,3.9,303,11.8,4394,1971,1222,,14651
lotus,Lotus,Evora,Evora (2019),2019,2021,,3.5L V6 6MT AWD (422 HP),Gasoline,6,3456,422,430,6-Speed manual,All Wheel Drive,3.9,303,11.8,4394,1971,1222,,1440
lotus,Lotus,Evora,Evora (2018),2018,2021,,3.5L V6 6AT (416 HP),Gasoline,6,3456,416,420,6-speed automatic,Rear Wheel Drive,4.1,275,11,4394,1971,1222,,1331
lotus,Lotus,Evora,Evora (2018),2018,2021,,3.5L V6 6MT (416 HP),Gasoline,6,3456,416,420,6-speed manual,Rear Wheel Drive,4.2,306,10.6,4394,1971,1222,,1320
lotus,Lotus,Evora,Evora (2017),2017,2018,,3.5L V6 6AT RWD (436 HP),Gasoline,6,3456,436,450,6-speed automatic,Rear Wheel Drive,3.7,280,,4394,1844,1229,2576,1310
lotus,Lotus,Evora,Evora (2017),2017,2018,,3.5L V6 6MT RWD (436 HP),Gasoline,6,3456,436,440,6-speed manual,Rear Wheel Drive,3.8,306,,4394,1844,1229,2576,1299
lotus,Lotus,Evora,Evora (2016),2016,2018,,3.5L V6 6AT RWD (416 HP),Gasoline,6,3456,416,420,6-speed automatic,Rear Wheel Drive,4.1,280,9.7,4394,1844,1229,2576,1336
lotus,Lotus,Evora,Evora (2016),2016,2018,,3.5L V6 6MT RWD (416 HP),Gasoline,6,3456,416,420,6-speed manual,Rear Wheel Drive,4.2,306,9.7,4394,1844,1229,2576,1325
lotus,Lotus,Evora,Evora (2015),2015,2018,,3.5L V6 6AT RWD (406 HP),Gasoline,6,3456,405,409,6-speed automatic,Rear Wheel Drive,4.3,299,,4394,2047,1298,2576,1419
lotus,Lotus,Evora,Evora (2015),2015,2018,,3.5L V6 6MT RWD (406 HP),Gasoline,6,3456,405,409,6-speed manual,Rear Wheel Drive,4.2,299,,4394,2047,1298,2576,1415
lotus,Lotus,Evora,Evora (2008),2008,2014,,3.5L V6 6AT RWD (280 HP),Gasoline,6,3506,280,350,6-speed automatic,Rear Wheel Drive,5.2,262,8.8,4351,2047,1229,2576,1436
lotus,Lotus,Evora,Evora (2008),2008,2014,,3.5L V6 6MT RWD (280 HP),Gasoline,6,3506,280,350,"Manual, 6 Speed",Rear Wheel Drive,5,262,8.7,4351,2047,1229,2576,1383
lotus,Lotus,Evora,Evora (2008),2008,2014,,3.6L V6 6AT RWD (350 HP),Gasoline,6,3506,349,400,6-speed automatic,Rear Wheel Drive,4.7,269,9.7,4351,2047,1229,2576,1442
lotus,Lotus,Evora,Evora (2008),2008,2014,,3.6L V6 6MT RWD (350 HP),Gasoline,6,3506,349,400,6-speed manual,Rear Wheel Drive,4.6,286,10,4351,2047,1229,2576,1437
lotus,Lotus,Excel,Excel (1982),1982,1992,,2.2L 4AT RWD (183 HP),Gasoline,4,2174,183,224,4-speed automatic,Rear Wheel Drive,,200,,4376,1816,1016,2482,1177
lotus,Lotus,Excel,Excel (1982),1982,1992,,2.2L 5MT RWD (162 HP),Gasoline,4,2174,162,217,5-Speed manual,Rear Wheel Drive,,206,,4376,1816,1016,2482,1135
lotus,Lotus,Exige,Exige (2021),2021,2021,,3.5L V6 6MT (420 HP),Gasoline,6,,420,427,,Rear Wheel Drive,3.5,290,10.2,,,,,
lotus,Lotus,Exige,Exige (2021),2021,2021,,3.5L V6 6MT (390 HP),Gasoline,6,,390,420,6-speed manual,Rear Wheel Drive,3.8,277,10.2,,,,,1138
lotus,Lotus,Exige,Exige (2017),2017,2021,,3.5L V6 6MT (410 HP),Gasoline,6,3458,410,420,6-Speed manual,Rear Wheel Drive,3.4,233,,,,,,1108
lotus,Lotus,Exige,Exige (2012),2012,2021,,S 3.5L V6 6MT (350 HP),Gasoline,6,3456,349,400,6-speed manual,Rear Wheel Drive,3.8,274,10.1,4049,1801,1128,2370,1176
lotus,Lotus,Exige,Exige (2012),2012,2021,,S Roadster 3.5L V6 6MT (350 HP),Gasoline,6,3456,349,400,6-speed manual,Rear Wheel Drive,3.8,274,10.1,4049,1801,1128,2370,1166
lotus,Lotus,Exige,Exige (2008),2008,2012,,1.8L 6MT RWD (192 HP),Gasoline,4,1796,192,180,6-speed manual,Rear Wheel Drive,5.2,237,8.8,3785,1717,1168,2299,875
lotus,Lotus,Exige,Exige (2008),2008,2012,,1.8L CUP 260 6MT RWD (261 HP),Gasoline,4,1796,261,236,6-speed manual,Rear Wheel Drive,4.1,245,9.1,3785,1717,1168,2299,935
lotus,Lotus,Exige,Exige (2008),2008,2012,,1.8L S 240 6MT RWD (240 HP),Gasoline,4,1796,241,230,6-speed manual,Rear Wheel Drive,4.2,241,10.2,3785,1717,1168,2299,942
lotus,Lotus,Exige,Exige (2008),2008,2012,,1.8L S 6MT RWD (220 HP),Gasoline,4,1796,223,180,6-speed manual,Rear Wheel Drive,4.3,238,8.5,3785,1717,1168,2299,935
lotus,Lotus,Exige,Exige (2004),2004,2007,,1.8 6MT (192 HP),Gasoline,4,1796,192,181,6-Speed manual,Rear Wheel Drive,5.2,237,8.8,3800,1730,1161,2301,875
lotus,Lotus,Exige,Exige (2004),2004,2007,,1.8 6MT (225 HP),Gasoline,4,1796,225,181,6-Speed manual,Rear Wheel Drive,4.3,238,9.1,3800,1730,1161,2301,935
lotus,Lotus,Exige,Exige (2000),2000,2003,,1.8 5MT (179 HP),Gasoline,4,1796,179,171,5-Speed manual,Rear Wheel Drive,4.9,219,,3780,1720,1181,2301,780
maserati,Maserati,Bora,Bora (1971),1971,1978,,4.7L V8 5MT (310 HP),Gasoline,8,4719,310,460,5-speed manual,Rear Wheel Drive,6.2,270,19.9,4343,1783,1148,2604,1520
maserati,Maserati,Bora,Bora (1971),1971,1978,,4.9L V8 5MT (280 HP),Gasoline,8,4930,283.9,418,5-speed manual,Rear Wheel Drive,7.5,270,18.1,4336,1768,1130,2604,1830
maserati,Maserati,Bora,Bora (1971),1971,1978,,4.9L V8 5MT (320 HP),Gasoline,8,4930,320,481,5-speed manual,Rear Wheel Drive,6,280,19,4336,1768,1130,2604,1610
maserati,Maserati,Coupe,Coupe (2002),2002,2004,,4.2L V8 6MT RWD (390 HP),Gasoline,8,4244,390,451,6-speed manual,Rear Wheel Drive,4.9,285,18.7,4524,1821,1306,2659,1570
maserati,Maserati,Coupe,Coupe (2002),2002,2004,,4.2L V8 Cambiocorsa 6AT RWD (390 HP),Gasoline,8,4244,390,451,6-speed automatic,Rear Wheel Drive,5,285,18.7,4524,1821,1306,2659,1580
maserati,Maserati,Coupe,Coupe (2002),2002,2004,,4.2L V8 GranSport 6MT RWD (400 HP),Gasoline,8,4244,400,452,6-speed manual,Rear Wheel Drive,4.9,290,18.7,4524,1821,1306,2659,1570
maserati,Maserati,Coupe,Coupe (1998),1998,2002,,3.2L V8 4AT RWD (370 HP),Gasoline,8,3217,370,491,4-speed automatic,Rear Wheel Drive,5.7,270,17.3,4511,1821,1306,2659,1620
maserati,Maserati,Coupe,Coupe (1998),1998,2002,,3.2L V8 6MT RWD (370 HP),Gasoline,8,3217,370,491,6-speed manual,Rear Wheel Drive,5.1,280,16.2,4511,1821,1306,2659,1590
maserati,Maserati,Ghibli,Ghibli (2020),2020,,,2.0L eBooster 48V 8AT RWD (330 HP),Mild Hybrid,4,1998,330,450,8-speed automatic,Rear Wheel Drive,5.7,254,8.5,4971,1946,1461,2997,1878
maserati,Maserati,Ghibli,Ghibli (2020),2020,,,3.8L V8 8AT RWD (580 HP),Gasoline,8,3799,580,730,8-speed automatic,Rear Wheel Drive,4.3,303,,4971,1946,1461,2997,1969
maserati,Maserati,Ghibli,Ghibli (2017),2017,2020,,3.0L V6 8AT RWD (350 HP),Gasoline,6,2979,350,500,8-speed automatic,Rear Wheel Drive,5.5,267,8.9,4971,1946,1461,2997,1810
maserati,Maserati,Ghibli,Ghibli (2017),2017,2020,,S 3.0L V6 8AT RWD (430 HP),Gasoline,6,2979,430,580,8-speed automatic,Rear Wheel Drive,4.9,286,11,4971,1946,1461,2997,1810
maserati,Maserati,Ghibli,Ghibli (2017),2017,2020,,S Q4 3.0L V6 8AT AWD (430 HP),Gasoline,6,2979,430,580,8-speed automatic,All Wheel Drive,4.7,286,11.9,4971,1946,1461,2997,1870
maserati,Maserati,Ghibli,Ghibli (2017),2017,2020,,3.0d V6 8AT RWD (250 HP),Diesel,6,2987,250,600,8-speed automatic,Rear Wheel Drive,6.7,240,5.9,4971,1946,1461,2997,1875
maserati,Maserati,Ghibli,Ghibli (2017),2017,2020,,3.0d V6 8AT RWD (275 HP),Diesel,6,2987,275,600,8-speed automatic,Rear Wheel Drive,6.3,249,5.9,4971,1946,1461,2997,1875
maserati,Maserati,Ghibli,Ghibli (2017),2017,2020,,3.0L V6 8AT RWD (350 HP),Gasoline,6,2979,350,500,8-speed automatic,Rear Wheel Drive,5.5,267,8.9,4971,1946,1461,2997,1810
maserati,Maserati,Ghibli,Ghibli (2017),2017,2020,,3.0L V6 8AT RWD (430 HP),Gasoline,6,2979,430,580,8-speed automatic,Rear Wheel Drive,4.9,286,9.6,4971,1946,1461,2997,1810
maserati,Maserati,Ghibli,Ghibli (2013),2013,2017,,3.0L V6 8AT RWD (330 HP),Gasoline,6,2979,330,500,8-speed automatic,Rear Wheel Drive,5.6,262,9.6,4971,1946,1461,2997,1810
maserati,Maserati,Ghibli,Ghibli (2013),2013,2017,,S 3.0L V6 8AT RWD (410 HP),Gasoline,6,2979,410,550,8-speed automatic,Rear Wheel Drive,5,285,10.4,4971,1946,1461,2997,1810
maserati,Maserati,Ghibli,Ghibli (2013),2013,2017,,S Q4 3.0L V6 8AT AWD (410 HP),Gasoline,6,2979,410,550,8-speed automatic,All Wheel Drive,4.8,283,10.5,4971,1946,1461,2997,1810
maserati,Maserati,Ghibli,Ghibli (2013),2013,2017,,3.0d V6 8AT RWD (250 HP),Diesel,6,2987,250,569,8-speed automatic,Rear Wheel Drive,6.7,240,6,4971,1946,1461,2997,1835
maserati,Maserati,Ghibli,Ghibli (2013),2013,2017,,3.0d V6 8AT RWD (275 HP),Diesel,6,2987,275,569,8-speed automatic,Rear Wheel Drive,6.3,249,6,4971,1946,1461,2997,1835
maserati,Maserati,Ghibli,Ghibli (1967),1967,1974,,4.7 V8,Gasoline,8,4719,330,393,"Manual, 5 Speed",Rear Wheel Drive,7.4,248,,4582,1788,1158,2550,1520
maserati,Maserati,Ghibli,Ghibli (1967),1967,1974,,4.9 V8 SS,Gasoline,8,4930,335,480,"Manual, 5 Speed",Rear Wheel Drive,6.8,257,,4684,1791,1161,2550,
maserati,Maserati,GranCabrio,GranCabrio (2024),2024,,,3.0L V6 RWD (542 HP),Gasoline,6,,542,,,Rear Wheel Drive,,,,,,,,
maserati,Maserati,GranCabrio,GranCabrio (2024),2024,,,92.5 KWh AWD (829 HP),Electric,,,761,,,All Wheel Drive,2.8,290,,4966,1956,1364,2929,
maserati,Maserati,GranCabrio,GranCabrio (2017),2017,2020,,MC 4.7L V8 6AT RWD (460 HP),Gasoline,8,4691,460,520,6-speed manual,Rear Wheel Drive,4.9,291,14.5,4910,1915,1379,2941,
maserati,Maserati,GranCabrio,GranCabrio (2017),2017,2020,,Sport 4.7L V8 6AT RWD (460 HP),Gasoline,8,4691,460,520,6-speed manual,Rear Wheel Drive,5,288,14.5,4910,1915,1379,2941,
maserati,Maserati,GranCabrio,GranCabrio (2010),2010,2017,,4.7 V8 6AT (440 HP),Gasoline,8,4691,440,489,6-speed automatic,Rear Wheel Drive,5.3,283,15.7,4879,1847,1351,2941,1980
maserati,Maserati,GranSport,GranSport (2004),2004,2007,,4.2L V8 6AT (400 HP),Gasoline,8,4244,400,452,6-speed automatic,Rear Wheel Drive,4.8,290,18.7,4524,1821,1295,2659,1630
maserati,Maserati,GranTurismo,GranTurismo (2022),2022,,,3.0L V6 8AT RWD (496 HP),Gasoline,6,2992,496,600,8-speed automatic,Rear Wheel Drive,3.9,303,,4958,1956,1354,2929,1795
maserati,Maserati,GranTurismo,GranTurismo (2022),2022,,,3.0L V6 8AT RWD (558 HP),Gasoline,6,2992,558,650,8-speed automatic,Rear Wheel Drive,3.5,320,,4966,1956,1354,2929,1795
maserati,Maserati,GranTurismo,GranTurismo (2022),2022,,,92.5 KWh AWD (762 HP),Electric,,,762,,1-Speed automatic,All Wheel Drive,2.7,320,,4958,1956,1354,2929,2260
maserati,Maserati,GranTurismo,GranTurismo (2017),2017,2019,,MC 4.7L V8 6AT RWD (460 HP),Gasoline,8,4691,460,520,6-speed automatic,Rear Wheel Drive,4.7,301,14.3,4910,1915,1354,2941,
maserati,Maserati,GranTurismo,GranTurismo (2017),2017,2019,,Sport 4.7L V8 6AT RWD (460 HP),Gasoline,8,4691,460,520,6-speed automatic,Rear Wheel Drive,4.8,299,14.3,4910,1915,1354,2941,
maserati,Maserati,GranTurismo,GranTurismo (2011),2011,2017,,4.7L V8 6AT RWD (450 HP),Gasoline,8,4691,450,510,6-speed automatic,Rear Wheel Drive,4.6,301,14.4,4933,1915,1344,2941,1670
maserati,Maserati,GranTurismo,GranTurismo (2008),2008,2012,,4.7L V8 6AT RWD (440 HP),Gasoline,8,4691,439,490,6-speed automatic,Rear Wheel Drive,5,295,15.5,4882,1915,1354,2941,1780
maserati,Maserati,GranTurismo,GranTurismo (2008),2008,2012,,4.7L V8 6MT RWD (440 HP),Gasoline,8,4691,439,490,6-speed manual,Rear Wheel Drive,4.9,295,16.2,4882,1915,1354,2941,1780
maserati,Maserati,GranTurismo,GranTurismo (2007),2007,2019,,4.3L V8 6AT RWD (405 HP),Gasoline,8,4244,405,460,6-speed automatic,Rear Wheel Drive,5.2,285,14.3,4882,1847,1354,2941,1780
maserati,Maserati,Grecale,Grecale (2023),2023,,,105 KWh,Electric,,,,,,Front Wheel Drive,,,,,,,,
maserati,Maserati,Grecale,Grecale (2022),2022,,,2.0L MHEV AWD 8AT (325 HP),Mild Hybrid,4,1995,325,450,8-speed automatic,All Wheel Drive,5.3,240,,4788,1979,1666,2901,1895
maserati,Maserati,Grecale,Grecale (2022),2022,,,2.0L MHEV AWD 8AT (296 HP),Mild Hybrid,4,1995,296,450,8-speed automatic,All Wheel Drive,5.6,240,8.7,4846,1948,1669,2901,1870
maserati,Maserati,Grecale Trofeo,Grecale Trofeo (2022),2022,,,3.0L V6 AWD 8AT (530 HP),Gasoline,6,3000,530,620,8-speed automatic,All Wheel Drive,3.8,285,11.2,4859,2164,1659,2901,2027
maserati,Maserati,GT2 Stradale,GT2 Stradale (2024),2024,,,3.0L V6 8AT RWD (640 HP),Gasoline,6,3000,640,720,8-speed automatic,Rear Wheel Drive,2.8,323,11.6,4669,1966,1222,2177,1365
maserati,Maserati,Indy,Indy (1969),1969,1974,,4.2L V8 5MT RWD (260 HP),Gasoline,8,4136,260,362,5-speed manual,Rear Wheel Drive,7.2,225,,4740,1758,1295,2598,1582
maserati,Maserati,Indy,Indy (1969),1969,1974,,4.7L V8 5MT RWD (290 HP),Gasoline,8,4719,290,382,5-speed manual,Rear Wheel Drive,7,251,,4740,1758,1295,2598,1650
maserati,Maserati,Indy,Indy (1969),1969,1974,,4.9L V8 5MT RWD (321 HP),Gasoline,8,4930,321,480,5-speed manual,Rear Wheel Drive,6.8,257,,4740,1758,1295,2598,1677
maserati,Maserati,Levante,Levante (2020),2020,,,3.8L V8 8AT AWD (580 HP),Gasoline,8,3799,580,730,8-speed automatic,All Wheel Drive,4.1,303,,5004,1969,1679,3005,2170
maserati,Maserati,Levante,Levante (2020),2020,,,3.8L V8 8AT AWD (590 HP),Gasoline,8,3799,590,730,8-speed automatic,All Wheel Drive,3.9,303,,5004,1969,1679,3005,2170
maserati,Maserati,Levante,Levante (2018),2018,2020,,3.8L V8 8AT AWD (590 HP),Gasoline,8,3799,590,730,8-speed automatic,All Wheel Drive,3.9,299,13.5,5019,1981,1626,3005,2170
maserati,Maserati,Levante,Levante (2016),2016,2021,,3.0L V6 8AT AWD (350 HP),Gasoline,6,2979,350,500,8-speed automatic,All Wheel Drive,6,251,10.7,5004,1969,1679,3005,2109
maserati,Maserati,Levante,Levante (2016),2016,2021,,3.0L V6 S 8AT AWD (430 HP),Gasoline,6,2979,430,580,8-speed automatic,All Wheel Drive,5.2,264,10.9,5004,1969,1679,3005,2109
maserati,Maserati,Levante,Levante (2016),2016,2021,,GTS 3.8L V8 8AT AWD (550 HP),Gasoline,8,3799,550,730,8-speed automatic,All Wheel Drive,4.2,291,13.5,5019,1969,1699,3005,2170
maserati,Maserati,Levante,Levante (2016),2016,2021,,3.0L V6 8AT AWD (275 HP),Diesel,6,2987,275,600,8-speed automatic,All Wheel Drive,6.9,230,7.2,5004,1969,1679,3005,2205
maserati,Maserati,Levante,Levante (2016),2016,2021,,2.0L GDI 48V 8AT AWD (330 HP),Hybrid Gasoline,4,1995,330,450,8-speed automatic,All Wheel Drive,6,240,,5004,1981,1694,3005,
maserati,Maserati,MC 12,MC 12 (2004),2004,2005,,6.0L V12 6AT RWD (630 HP),Gasoline,12,5998,632,652,6-speed automatic,Rear Wheel Drive,3.8,330,23.1,5144,2096,1204,2799,1335
maserati,Maserati,MC20,MC20 (2022),2022,,,3.0L V6 RWD (630 HP),Gasoline,6,2998,630,730,8-speed automatic DCT,Rear Wheel Drive,3,320,,4669,1966,1219,2700,1540
maserati,Maserati,MC20,MC20 (2020),2020,,,3.0L V6 8AT (630 HP),Gasoline,6,3000,630,730,8-speed automatic DCT,Rear Wheel Drive,2.9,325,11.6,4669,1966,1222,2700,1500
maserati,Maserati,MCPura,MCPura (2025),2025,,,3.0L V6 Twin Turbo RWD (630 HP),Gasoline,6,3000,630,720,,Rear Wheel Drive,2.9,320,,4669,1966,1224,2700,
maserati,Maserati,MCPura Cielo,MCPura Cielo (2025),2025,,,3.0L V6 Twin Turbo RWD (630 HP),Gasoline,6,3000,630,720,,Rear Wheel Drive,2.9,320,,4669,1966,1224,2700,
maserati,Maserati,Merak,Merak (1974),1974,1982,,2.0L V6 5MT RWD (160 HP),Gasoline,6,1999,160,177,5-Speed manual,Rear Wheel Drive,,220,,4343,1783,1148,2604,1350
maserati,Maserati,Merak,Merak (1974),1974,1982,,3.0L V6 5MT RWD (190 HP),Gasoline,6,2965,190,255,5-Speed manual,Rear Wheel Drive,7.9,225,,4343,1783,1148,2604,1553
maserati,Maserati,Merak,Merak (1974),1974,1982,,3.0L V6 SS 5MT RWD (210 HP),Gasoline,6,2965,211,255,5-Speed manual,Rear Wheel Drive,7.7,250,,4343,1783,1148,2604,1400
maserati,Maserati,Quattroporte,Quattroporte (2020),2020,,,3.8L V8 8AT (580 HP),Gasoline,8,3799,580,730,8-speed automatic,Rear Wheel Drive,4.5,303,,5263,1948,1481,3170,2000
maserati,Maserati,Quattroporte,Quattroporte (2016),2016,2023,,3.0L V6 8AT AWD (430 HP),Gasoline,6,2979,430,580,8-speed automatic,All Wheel Drive,4.8,288,9.7,5263,1948,1481,3170,1920
maserati,Maserati,Quattroporte,Quattroporte (2016),2016,2023,,3.0L V6 8AT RWD (350 HP),Gasoline,6,2979,350,500,8-speed automatic,Rear Wheel Drive,5.5,270,9.1,5263,1948,1481,3170,
maserati,Maserati,Quattroporte,Quattroporte (2016),2016,2023,,3.0L V6 8AT RWD (430 HP),Gasoline,6,2979,430,580,8-speed automatic,Rear Wheel Drive,5,288,9.6,5263,1948,1481,3170,1860
maserati,Maserati,Quattroporte,Quattroporte (2016),2016,2023,,3.8L V8 8AT RWD (530 HP),Gasoline,8,3799,530,710,8-speed automatic,Rear Wheel Drive,4.7,311,10.7,5263,1948,1481,3170,1900
maserati,Maserati,Quattroporte,Quattroporte (2016),2016,2023,,3.0L V6 8AT RWD (250 HP),Diesel,6,2987,250,600,8-speed automatic,Rear Wheel Drive,,,,5263,1948,1481,3170,
maserati,Maserati,Quattroporte,Quattroporte (2016),2016,2023,,3.0L V6 8AT RWD (275 HP),Diesel,6,2987,275,600,8-speed automatic,Rear Wheel Drive,6.4,253,6.2,5263,1948,1481,3170,1925
maserati,Maserati,Quattroporte,Quattroporte (2013),2013,2016,,3.0L V6 AWD 8AT (410 HP),Gasoline,6,2999,409,550,8-speed automatic,All Wheel Drive,4.9,283,10.5,5263,1948,1481,3170,1940
maserati,Maserati,Quattroporte,Quattroporte (2013),2013,2016,,3.0L V6 RWD 8AT (410 HP),Gasoline,6,2999,409,550,8-speed automatic,Rear Wheel Drive,5.1,285,10.5,5263,1948,1481,3170,1860
maserati,Maserati,Quattroporte,Quattroporte (2013),2013,2016,,3.8L V8 RWD 8AT (530 HP),Gasoline,8,3799,530,710,8-speed automatic,Rear Wheel Drive,4.7,307,11.8,5263,1948,1481,3170,1900
maserati,Maserati,Quattroporte,Quattroporte (2013),2013,2016,,3.0L V6 RWD 8AT (275 HP),Diesel,6,2987,409,550,8-speed automatic,Rear Wheel Drive,6.4,249,6.2,5263,1948,1481,3170,1960
maserati,Maserati,Quattroporte,Quattroporte (2008),2008,2012,,4.7L V8 (440 HP),Gasoline,8,4691,439,590,"Sequential, 6 Speed",Rear Wheel Drive,5.3,285,15.7,5052,1895,1438,3063,1880
maserati,Maserati,Quattroporte,Quattroporte (2003),2003,2012,,4.2L V8 6AT RWD (400 HP),Gasoline,8,4244,401,451,6-speed automatic,Rear Wheel Drive,5.2,275,15.8,5052,1895,1438,3063,1860
maserati,Maserati,Quattroporte,Quattroporte (2003),2003,2012,,4.2L V8 6MT RWD (400 HP),Gasoline,8,4244,401,451,6-Speed manual,Rear Wheel Drive,5.2,275,15.8,5052,1895,1438,3063,1860
maserati,Maserati,Quattroporte,Quattroporte (1994),1994,2000,,2.8L V6 Biturbo 6MT (280 HP),Gasoline,6,2790,280,397,6-speed manual,Rear Wheel Drive,5.9,261,17.3,4549,1811,1379,2649,1543
maserati,Maserati,Quattroporte,Quattroporte (1994),1994,2000,,3.2L V8 Biturbo 6MT (336 HP),Gasoline,8,3217,336,450,6-speed manual,Rear Wheel Drive,5.8,270,17.3,4549,1811,1379,2649,1193
maserati,Maserati,Quattroporte,Quattroporte (1976),1976,1990,,4.1 V8,Gasoline,8,4136,254,392,"Manual, 5 Speed",Rear Wheel Drive,,230,,4910,1788,1384,2799,1780
maserati,Maserati,Quattroporte,Quattroporte (1976),1976,1990,,4.9 V8,Gasoline,8,4930,280,392,"Manual, 5 Speed",Rear Wheel Drive,,238,,4879,1788,1349,2799,1969
maserati,Maserati,Quattroporte,Quattroporte (1974),1974,1978,,3.0 V6 5MT (190 HP),Gasoline,6,2965,190,255,5-Speed manual,Front Wheel Drive,9,201,,5199,1869,1400,3071,1732
maserati,Maserati,Quattroporte,Quattroporte (1963),1963,1969,,4.1L V8 5MT (260 HP),Gasoline,8,4136,260,362,5-Speed manual,Front Wheel Drive,8.3,209,,4978,1727,1346,2751,1728
maserati,Maserati,Quattroporte,Quattroporte (1963),1963,1969,,4.7L V8 5MT (260 HP),Gasoline,8,4136,260,362,5-Speed manual,Front Wheel Drive,8.3,209,,4978,1727,1346,2751,1728
maserati,Maserati,Quattroporte Sport GT S,Quattroporte Sport GT S (2009),2009,2013,,4.7L V8 6AT RWD (440 HP),Gasoline,8,4691,439,490,6-speed automatic,Rear Wheel Drive,5.1,285,14.7,5095,1991,1422,3063,1880
maserati,Maserati,Spyder,Spyder (2006),2006,2007,,4.2L GT V8 6MT RWD (390 HP),Gasoline,8,4244,390,451,6-Speed manual,Rear Wheel Drive,5,283,18.7,4303,1821,1306,2441,1620
maserati,Maserati,Spyder,Spyder (2006),2006,2007,,4.2L V8 Cambiocorsa 6AT RWD (390 HP),Gasoline,8,4244,390,451,6-Speed automatic,Rear Wheel Drive,4.9,283,18.7,4303,1821,1306,2441,1630
maserati,Maserati,Spyder,Spyder (2001),2001,2006,,4.2L V8 Cambiocorsa 6AT RWD (390 HP),Gasoline,8,4244,390,451,6-speed automatic,Rear Wheel Drive,4.9,283,18.7,4303,1821,1306,2441,1630
maserati,Maserati,Spyder,Spyder (2001),2001,2006,,4.2L V8 GT 6MT RWD (390 HP),Gasoline,8,4244,390,451,6-Speed manual,Rear Wheel Drive,5,283,18.7,4303,1821,1306,2441,1620
mclaren,McLaren,12C GT Sprint,12C GT Sprint (2013),2013,2014,,3.8L 7AT (625 HP),Gasoline,8,3799,625,601,Seven-speed McLaren dual clutch Seamless-Shift gearbox (SSG) with Pre-Cog functionality,Rear Wheel Drive,3.1,333,11.7,4509,1908,1204,2670,1434
mclaren,McLaren,540C,540C (2015),2015,2021,,3.8 V8 7AT (540 HP),Gasoline,8,3799,540,540,7-speed automatic (SSG),Rear Wheel Drive,3.5,320,11.1,4529,2096,1201,2670,1350
mclaren,McLaren,570GT,570GT (2016),2016,2021,,3.8 V8 7AT (570 HP),Gasoline,8,3799,570,600,7-speed automatic (SSG),Rear Wheel Drive,3.4,328,10.7,4529,2096,1201,2670,1400
mclaren,McLaren,570S,570S (2015),2015,2021,,3.8 V8 7AT (570 HP),Gasoline,8,3799,570,601,7-speed automatic (SSG),Rear Wheel Drive,3.2,328,9.2,4529,2096,1201,,1313
mclaren,McLaren,570S,570S Spider (2017),2017,2021,,3.8 V8 7AT (570 HP),Gasoline,8,3799,570,600,7-speed automatic (SSG),Rear Wheel Drive,3.2,328,10.7,4529,2045,1201,2670,1498
mclaren,McLaren,600LT,600LT (2018),2018,2020,,3.8L V8 7AT (600 HP),Gasoline,8,3799,600,620,7-speed automatic,Rear Wheel Drive,3.2,333,,4580,,,,1247
mclaren,McLaren,620R,620R (2019),2019,2021,,3.8L V8 7AT (620 HP),Gasoline,8,3799,620,620,7-speed automatic,Rear Wheel Drive,2.9,322,13.1,4557,2045,1194,2670,1386
mclaren,McLaren,650S,650S (2014),2014,2017,,3.8L V8 7AT (650 HP),Gasoline,8,3800,650,678,7-speed automatic,Rear Wheel Drive,2.9,333,11.7,4509,1895,1199,2670,1330
mclaren,McLaren,650S,650S Spider (2014),2014,2017,,3.8L V8 7AT RWD (650 HP),Gasoline,8,3799,650,678,7-speed automatic (SSG),Rear Wheel Drive,3,333,13.1,4511,1908,1204,2670,1468
mclaren,McLaren,675LT,675LT (2015),2015,2017,,3.8 V8 7AT (675 HP),Gasoline,8,3799,675,700,7-speed automatic,Rear Wheel Drive,2.9,330,11.6,4547,2096,1189,2670,1328
mclaren,McLaren,675LT,675LT Spider (2016),2016,2017,,3.8L V8 7AT RWD (675 HP),Gasoline,8,3799,675,700,7-speed automatic (SSG),Rear Wheel Drive,2.9,327,11.6,4547,2096,1191,2670,1370
mclaren,McLaren,720S,720S (2018),2018,2023,,4.0L V8 7AT RWD (720 HP),Gasoline,8,3994,720,770,7-speed automatic SSG,Rear Wheel Drive,2.9,341,11.6,4544,2162,1196,2670,1332
mclaren,McLaren,720S,720S (2017),2017,2023,,4.0L V8 7AT RWD (720 HP),Gasoline,8,3994,720.1,770,7-speed automatic (SSG),Rear Wheel Drive,2.9,341,10.7,,,,,1322
mclaren,McLaren,750S,750S (2023),2023,,,4.0L V8 7AT RWD (750 HP),Gasoline,8,3994,750,800,7-speed automatic,Rear Wheel Drive,2.8,332,12.2,4569,1930,1196,2670,1389
mclaren,McLaren,750S,750S (2023),2023,,,4.0L V8 RWD 7AT (750 HP),Gasoline,8,,750,800,7-speed automatic,Rear Wheel Drive,2.8,332,12.2,4569,,,,1438
mclaren,McLaren,765LT,765LT (2020),2020,,,4.0L V8 7AT (765 HP),Gasoline,8,3994,765,800,7-speed automatic,Rear Wheel Drive,2.8,330,,4600,2060,1158,2670,1339
mclaren,McLaren,Artura,Artura (2024),2024,,,3.0L V6 PHEV 8AT (700 HP),Plug-in Hybrid,6,2993,605,585,"8-Speed SSG (reverse using E-motor) with Electronic Differential (E-Diff). Electric, Comfort, Sport and Track modes",,3,330,,4539,1976,1194,2639,1560
mclaren,McLaren,Artura,Artura (2021),2021,,,3.0L V6 8AT (680 HP),Hybrid Gasoline,6,2993,585,585,8-speed automatic,Rear Wheel Drive,3.1,330,,4539,1976,1194,2639,
mclaren,McLaren,Elva,Elva (2020),2020,,,4.0L V8 7AT (815 HP),Gasoline,8,,815,,7-speed automatic,,6.7,200,,,,,,
mclaren,McLaren,F1,F1 (1993),1993,1998,,6.1 V12 6MT (622 HP),Gasoline,12,6064,627,651,6-Speed manual,Rear Wheel Drive,3.2,386,,4287,1820,1140,2718,1140
mclaren,McLaren,GT,GT (2019),2019,2023,,4.0L V8 7AT RWD (620 HP),Gasoline,8,3994,620,630,7-speed automatic,Rear Wheel Drive,3.2,327,10.8,4684,2096,1214,2675,1530
mclaren,McLaren,GTS,GTS (2023),2023,,,4.0L V8 7AT RWD (635 HP),Gasoline,8,3994,635,630,"7-speed automatic+reverse SSG. Comfort, Sport and Track modes",Rear Wheel Drive,3.2,327,11.9,4684,2045,1214,2675,1520
mclaren,McLaren,MP4-12C,MP4-12C (2011),2011,2014,,3.8L V8 7AT RWD (600 HP),Gasoline,8,3799,600,601,7-speed automatic,Rear Wheel Drive,3.3,322,13.1,4506,1910,1199,2670,1399
mclaren,McLaren,MP4-12C,MP4-12C (2011),2011,2014,,3.8L V8 7AT RWD (625 HP),Gasoline,8,3799,625,601,7-speed automatic (SSG),Rear Wheel Drive,3.1,333,11.7,4506,1910,1199,2670,1336
mclaren,McLaren,MP4-12C,MP4-12C Spider (2012),2012,2015,,3.8 v8 7AT (625 HP),Gasoline,8,3799,625,601,7-speed automatic (SSG),Rear Wheel Drive,3.1,328,13.1,4509,2093,1204,2670,1376
mclaren,McLaren,P1,P1 (2013),2013,2015,,3.8 V8 7AT (737 HP),Hybrid,8,3799,737,720,7-speed automatic (SSG),Rear Wheel Drive,2.5,349,,4587,1946,1189,2670,1395
mclaren,McLaren,Senna,Senna (2018),2018,2020,,4.0 V8 (800 HP),Gasoline,8,3999,800,800,,Rear Wheel Drive,2.8,340,,,,,,1198
mclaren,McLaren,Speedtail,Speedtail (2018),2018,,,4.0L V8 8AT (1050 HP),Hybrid,8,3994,1050,0,7-speed automatic (SSG),All Wheel Drive,,402,,5136,,1120,,1430
mclaren,McLaren,W1,W1 (2026),2026,,,4.0L V8 PHEV 8AT RWD (1275 HP),Plug-in Hybrid,8,3988,1275,,8-automatic speed DCT,Rear Wheel Drive,2.7,349,,4636,2075,1181,2680,1399
mercedes-amg,Mercedes-AMG,A-Class,A-Class (2019),2019,2023,,2.0L 7AT AWD (306 HP),Gasoline,4,1991,306,400,7-speed automatic,All Wheel Drive,4.8,249,7.3,,,,,
mercedes-amg,Mercedes-AMG,A-Class,A-Class (2019),2019,2023,,A 45 2.0L 8AT AWD (387 HP),Gasoline,4,1991,387,480,8-speed automatic AMG Speedshift DCT,All Wheel Drive,4,249,8.4,4445,1849,1407,2728,1545
mercedes-amg,Mercedes-AMG,A-Class,A-Class (2019),2019,2023,,A 45 S 2.0L 8AT AWD (421 HP),Gasoline,4,1991,421,500,8-speed automatic AMG Speedshift DCT,All Wheel Drive,3.9,270,8.4,4445,1849,1407,2728,1545
mercedes-amg,Mercedes-AMG,A-Class,A-Class (2018),2018,2023,,2.0L 4MATIC 7AT AWD (306 HP),Gasoline,4,19991,306,400,7-Speed automatic with AMG Speedshift,All Wheel Drive,4.7,249,7.4,,,,,
mercedes-amg,Mercedes-AMG,A-Class,A-Class (2015),2015,2018,,2.0L 4MATIC 7AT AWD (381 HP),Gasoline,4,1991,381,475,7-speed automatic (AMG SPEEDSHIFT DCT),All Wheel Drive,4.2,249,7.3,4300,1781,1433,2700,1555
mercedes-amg,Mercedes-AMG,C-Class,C-Class Wagon (2022),2022,,,2.0L 4MATIC 9AT AWD (408 HP),Gasoline,4,1991,408,500,9-speed automatic AMG Speepshift,All Wheel Drive,4.7,249,9.2,4790,1824,1466,2865,1810
mercedes-amg,Mercedes-AMG,C-Class,C-Class Wagon (2022),2022,,,2.0L PHEV 4MATIC+ 9AT AWD (680 HP),,4,1991,476,545,9-speed automatic (9G-TRONIC),All Wheel Drive,3.4,249,,,,,,2145
mercedes-amg,Mercedes-AMG,C-Class,C-Class Wagon (2015),2015,2018,,3.0 V6 4MATIC 9AT (367 HP),Gasoline,6,2996,367,520,9-speed automatic (9G-TRONIC),All Wheel Drive,4.8,249,8.1,4717,1811,1440,2840,1735
mercedes-amg,Mercedes-AMG,C-Class,C-CLASS COUPE (2018),2018,2021,,3.0L V6 9AT AWD (390 HP),Gasoline,6,2996,390,520,9-Speed automatic (AMG SPEEDSHIFT MCT 9G),All Wheel Drive,4.9,249,9.5,4696,2017,1405,2840,
mercedes-amg,Mercedes-AMG,C-Class,C-CLASS COUPE (2018),2018,2021,,4.0L V8 9G RWD (476 HP),Gasoline,8,3982,476,650,9-Speed automatic (AMG SPEEDSHIFT MCT 9G),Rear Wheel Drive,4,249,10.1,,,,,
mercedes-amg,Mercedes-AMG,C-Class,C-CLASS COUPE (2018),2018,2021,,4.0L V8 9G RWD (510 HP),Gasoline,8,3982,510,700,9-Speed automatic (AMG SPEEDSHIFT MCT 9G),Rear Wheel Drive,3.9,290,10.1,,,,,
mercedes-amg,Mercedes-AMG,C-Class,C-CLASS COUPE (2016),2016,2018,,4.0 V8 7AT (476 HP),Gasoline,8,3982,475.9,650,7-speed automatic (AMG SPEEDSHIFT MCT),Rear Wheel Drive,4,249,8.9,4686,1811,1405,2840,1785
mercedes-amg,Mercedes-AMG,C-Class,C-CLASS COUPE (2016),2016,2018,,4.0 V8 S 7AT (510 HP),Gasoline,8,3982,510,700,7-speed automatic (AMG SPEEDSHIFT MCT),Rear Wheel Drive,3.9,249,8.9,4686,1811,1405,2840,1800
mercedes-amg,Mercedes-AMG,C-CLASS,C-CLASS (2022),2022,,,2.0L 4MATIC 9AT AWD (408 HP),Gasoline,4,1991,408,500,9-speed automatic AMG Speepshift,All Wheel Drive,4.6,249,9,4790,1824,1450,2865,1765
mercedes-amg,Mercedes-AMG,C-CLASS,C-CLASS (2022),2022,,,2.0L PHEV 4MATIC+ 9AT AWD (680 HP),Plug-in Hybrid,4,1991,476,545,9-speed automatic (9G-TRONIC),All Wheel Drive,3.4,249,6.9,,,,,2111
mercedes-amg,Mercedes-AMG,C-CLASS,C-CLASS (2018),2018,2022,,3.0L V6 4MATIC 9AT (390 HP),Gasoline,6,2996,390.2,520,9-speed automatic (9G-TRONIC),All Wheel Drive,4.7,249,9.1,4702,1811,1430,2840,1690
mercedes-amg,Mercedes-AMG,C-CLASS,C-CLASS (2015),2015,2018,,3.0 V6 4MATIC 9AT (367 HP),Gasoline,6,2996,367,520,9-speed automatic (9G-TRONIC),All Wheel Drive,4.7,249,8,4702,1811,1430,2840,1690
mercedes-amg,Mercedes-AMG,C-CLASS,C-CLASS (2015),2015,2018,,4.0L V8 7AT RWD (476 HP),Gasoline,8,3982,476,649,7-speed automatic (AMG SPEEDSHIFT MCT),Rear Wheel Drive,4.1,249,8.4,4755,1839,1425,2840,1715
mercedes-amg,Mercedes-AMG,C-CLASS,C-CLASS (2015),2015,2018,,S 4.0L V8 7AT RWD (510 HP),Gasoline,8,3982,510,700,7-speed automatic (AMG SPEEDSHIFT MCT),Rear Wheel Drive,4,249,8.4,4755,1839,1425,1839,1800
mercedes-amg,Mercedes-AMG,C-CLASS,C-CLASS Cabriolet (2016),2016,2018,,4.0 V8 7AT (476 HP),Gasoline,8,3982,475.9,650,7-speed automatic (AMG SPEEDSHIFT MCT),Rear Wheel Drive,4.2,249,9.3,4686,1811,1410,2840,1910
mercedes-amg,Mercedes-AMG,C-CLASS,C-CLASS Cabriolet (2016),2016,2018,,4.0 V8 S 7AT (510 HP),Gasoline,8,3982,510,700,7-speed automatic (AMG SPEEDSHIFT MCT),Rear Wheel Drive,4.1,249,8.9,4686,1811,1410,2840,1925
mercedes-amg,Mercedes-AMG,C-CLASS T-MODELL,C-CLASS T-MODELL (2018),2018,2021,,3.0 V6 4MATIC 9AT (390 HP),Gasoline,6,2996,390,520,AMG Speedshift TCT 9G,All Wheel Drive,4.8,249,9.6,4702,1811,1443,2840,1760
mercedes-amg,Mercedes-AMG,CLA 45 Shooting Brake,CLA 45 Shooting Brake (2026),2026,,,94 kWh 4MATIC+ (680 HP),Electric,,,680,,,All Wheel Drive,3,249,,4742,1859,1471,2789,2295
mercedes-amg,Mercedes-AMG,CLA Shooting brake,CLA Shooting brake (2023),2023,,,35 4MATIC 8AT AWD 306 HP),Gasoline,4,1991,306,400,8-speed automatic DCT,All Wheel Drive,4.9,249,8.7,,,,,
mercedes-amg,Mercedes-AMG,CLA Shooting brake,CLA Shooting brake (2019),2019,2023,,2.0L 4MATIC 7AT AWD (306 HP),Gasoline,4,1991,306,400,7-speed automatic AMG SPEEDSHIFT DCT,All Wheel Drive,4.9,249,7.5,,,,,
mercedes-amg,Mercedes-AMG,CLA Shooting brake,CLA Shooting brake (2019),2019,2023,,2.0L 4MATIC CLA 45 8AT AWD (387 HP),Gasoline,4,1991,387,480,8-speed automatic AMG Speedshift DCT,All Wheel Drive,4.1,249,8.3,,,,,
mercedes-amg,Mercedes-AMG,CLA Shooting brake,CLA Shooting brake (2019),2019,2023,,2.0L 4MATIC CLA 45 S 8AT AWD (421 HP),Gasoline,4,1991,421,500,8-speed automatic AMG Speedshift DCT,All Wheel Drive,4,270,8.4,,,,,
mercedes-amg,Mercedes-AMG,CLA Shooting brake,CLA Shooting brake (2015),2015,2019,,2.0L 4MATIC 7AT AWD (360 HP),Gasoline,4,1991,360,450,7-speed automatic (AMG SPEEDSHIFT MCT),All Wheel Drive,4.7,249,7.1,4630,1778,1435,2700,1615
mercedes-amg,Mercedes-AMG,CLA Shooting brake,CLA Shooting brake (2015),2015,2019,,2.0L 4MATIC 7AT AWD (380 HP),Gasoline,4,1991,380,475,7-speed automatic (AMG SPEEDSHIFT DCT),All Wheel Drive,4.3,249,7.3,4630,1778,1435,2700,1615
mercedes-amg,Mercedes-AMG,CLA-Class,CLA-Class (2023),2023,,,35 4MATIC 8AT AWD (302 HP),Gasoline,4,1991,306,400,8-speed automatic AMG Speedshift,All Wheel Drive,4.9,249,8.5,,,,,
mercedes-amg,Mercedes-AMG,CLA-Class,CLA-Class (2023),2023,,,45 S 4MATIC+ 8AT AWD (421 HP),Gasoline,4,1991,421,500,8-speed automatic AMG Speedshift,All Wheel Drive,4.1,270,9,,,,,
mercedes-amg,Mercedes-AMG,CLA-Class,CLA-Class (2019),2019,2023,,2.0L 7AT AWD (306 HP),Gasoline,4,1991,306,400,7-speed automatic DCT,All Wheel Drive,4.9,249,7.3,,,,,
mercedes-amg,Mercedes-AMG,CLA-Class,CLA-Class (2019),2019,2023,,CLA 45 2.0L 8AT AWD (387 HP),Gasoline,4,1991,387,480,8-speed automatic AMG Speedshift DCT,All Wheel Drive,4.1,249,8.4,4445,1849,1407,2728,
mercedes-amg,Mercedes-AMG,CLA-Class,CLA-Class (2019),2019,2023,,CLA 45 S 2.0L 8AT AWD (421 HP),Gasoline,4,1991,421,500,8-speed automatic AMG Speedshift DCT,All Wheel Drive,4.1,249,8.4,4445,1849,1407,2728,1550
mercedes-amg,Mercedes-AMG,CLA-Class,CLA-Class (2016),2016,2019,,2.0L 4MATIC 7AT AWD (381 HP),Gasoline,4,1991,381,475,7-speed automatic (AMG SPEEDSHIFT DCT),All Wheel Drive,4.2,249,7.3,4641,1778,1433,2700,1585
mercedes-amg,Mercedes-AMG,CLE,CLE Cabriolet (2024),2024,,,3.0L MHEV 4MATIC+ 9AT AWD (449 HP),Mild Hybrid,6,2999,449.1,560,9-speed automatic AMG Speepshift,All Wheel Drive,,249,,,,,,
mercedes-amg,Mercedes-AMG,CLE,CLE Coupe (2023),2023,,,CLE 53 3.0L MHEV 4MATIC+ 9AT AWD (449 HP),Mild Hybrid,6,2999,449,560,9-speed automatic AMG Speepshift,All Wheel Drive,4.2,249,9.7,,,,,
mercedes-amg,Mercedes-AMG,CLS-Class,CLS-Class (2021),2021,,,53 4MATIC+ 9AT (435 HP),Mild Hybrid,6,2999,435,520,9-speed automatic AMG Speepshift,All Wheel Drive,4.5,249,9,,,,,
mercedes-amg,Mercedes-AMG,CLS-Class,CLS-Class (2018),2018,2021,,3.0 4MATIC+ 9AT (435 HP),Gasoline,6,,435,520,9-speed automatic (AMG SPEEDSHIFT TCT),All Wheel Drive,4.5,270,8.4,,,,,
mercedes-amg,Mercedes-AMG,E-Class,E-Class Estate (2024),2024,,,3.0L 4MATIC+ 9AT AWD (585 HP),Hybrid Gasoline,6,2999,449,560,9-speed automatic AMG Speepshift,All Wheel Drive,4.1,249,9.5,,,,,
mercedes-amg,Mercedes-AMG,E-Class,E-Class (2024),2024,,,3.0L 4MATIC+ 9AT AWD (585 HP),Plug-in Hybrid,6,2999,449,560,9-speed automatic AMG Speepshift,All Wheel Drive,4,249,0.8,4958,1902,1427,2962,2315
mercedes-amg,Mercedes-AMG,E-Class,E-Class (2024),2024,,,3.0L 4MATIC+ 9AT AWD (612 HP) DYNAMIC PLUS,Plug-in Hybrid,6,2999,449,560,9-speed automatic AMG Speepshift,All Wheel Drive,3.8,280,0.8,4958,1902,1427,2962,
mercedes-amg,Mercedes-AMG,E-Class,E-Class (2020),2020,2024,,3.0L 4MATIC+ 9AT AWD (435 HP),Mild Hybrid,6,2999,435,520,9-speed automatic AMG Speedshift,All Wheel Drive,4.5,249,8.8,4923,1852,1468,2939,
mercedes-amg,Mercedes-AMG,E-Class,E-Class (2020),2020,2023,,3.0L 4MATIC+ 9AT AWD (435 HP),Mild Hybrid,6,2999,435,520,9-speed automatic AMG SPeedshift,All Wheel Drive,4.6,249,9,,,,,
mercedes-amg,Mercedes-AMG,E-Class,E-Class (2020),2020,2024,,4.0L V8 4MATIC+ 9AT AWD (571 HP),Gasoline,8,3982,571,750,9-speed automatic AMG Speepshift,All Wheel Drive,3.5,249,11.6,,,,,
mercedes-amg,Mercedes-AMG,E-Class,E-Class (2020),2020,2024,,4.0L V8 S 4MATIC+ 9AT AWD (612 HP),Gasoline,8,3982,612,850,9-speed automatic AMG Speepshift,All Wheel Drive,3.4,299,11.6,,,,,
mercedes-amg,Mercedes-AMG,E-Class,E-Class (2020),2020,2024,,4.0L V8 4MATIC+ 9AT AWD (571 HP),Gasoline,8,3982,571,750,9-speed automatic AMG Speepshift,All Wheel Drive,3.6,249,11.8,,,,,
mercedes-amg,Mercedes-AMG,E-Class,E-Class (2020),2020,2024,,4.0L V8 S 4MATIC+ 9AT AWD (612 HP),Gasoline,8,3982,612,850,9-speed automatic AMG Speepshift,All Wheel Drive,3.5,290,11.9,,,,,
mercedes-amg,Mercedes-AMG,E-Class,E-Class (2018),2018,2020,,3.0L 4MATIC+ 9AT (435 HP),Mild Hybrid,6,2999,435,520,9-speed automatic AMG Speedshift,All Wheel Drive,4.5,249,8.6,4923,1852,1468,2939,1870
mercedes-amg,Mercedes-AMG,E-Class,E-Class (2018),2018,2020,,3.0L 4MATIC+ 9AT AWD (435 HP),Mild Hybrid,6,2996,435,,9-speed automatic AMG Speepshift,All Wheel Drive,,249,8.9,4933,1852,1476,2939,
mercedes-amg,Mercedes-AMG,E-Class,E-Class (2017),2017,2020,,4.0L V8 4MATIC 9AT AWD (571 HP),Gasoline,8,3982,571,750,9-speed automatic (9G-TRONIC),All Wheel Drive,3.6,249,9.4,4933,1852,1476,2939,2060
mercedes-amg,Mercedes-AMG,E-Class,E-Class (2017),2017,2020,,4.0L V8 S 4MATIC 9AT AWD (612 HP),Gasoline,8,3982,612,850,9-speed automatic (9G-TRONIC),All Wheel Drive,3.5,249,9.4,4933,1852,1476,2939,2070
mercedes-amg,Mercedes-AMG,E-Class,E-Class (2016),2016,2018,,3.0L V6 4MATIC 9AT AWD (401 HP),Gasoline,6,2996,401,520,9-speed automatic (9G-TRONIC),All Wheel Drive,4.7,249,8.6,4933,1852,1476,2939,1930
mercedes-amg,Mercedes-AMG,E-Class,E-Class (2016),2016,2018,,3.0L V6 4MATIC 9AT AWD (401 HP),Gasoline,6,2996,401,520,8-automatic speed G-TRONIC,All Wheel Drive,4.7,249,8.6,4933,1852,1476,2939,
mercedes-amg,Mercedes-AMG,E-Class,E-Class (2016),2016,2018,,3.0L V6 4MATIC 9AT AWD (401 HP),Gasoline,6,2996,401,520,9-speed automatic (9G-TRONIC),All Wheel Drive,4.6,249,8.4,4923,1852,1468,2939,1765
mercedes-amg,Mercedes-AMG,E-Class,E-Class (2016),2016,2020,,4.0L V8 9AT 4MATIC+ AWD (571 HP),Gasoline,8,3982,571,750,9-speed automatic (AMG SPEEDSHIFT MCT),All Wheel Drive,3.5,249,9.1,4923,1852,1468,2939,1950
mercedes-amg,Mercedes-AMG,E-Class,E-Class (2016),2016,2020,,4.0L V8 S 9AT 4MATIC+ AWD (612 HP),Gasoline,8,3982,612,850,9-speed automatic (AMG SPEEDSHIFT MCT),All Wheel Drive,3.4,249,9.1,4923,1852,1468,2939,1955
mercedes-amg,Mercedes-AMG,E-Class,E-Class Cabriolet (2020),2020,2023,,3.0L 4MATIC+ 9AT (435 HP),Gasoline,6,2999,435,520,9-speed automatic AMG Speepshift,All Wheel Drive,4.6,249,9.2,,,,,
mercedes-amg,Mercedes-AMG,E-Class,E-Class Cabriolet (2018),2018,2020,,3.0 4MATIC+ 9AT (435 HP),Gasoline,6,,435,520,9-speed automatic (AMG SPEEDSHIFT TCT),All Wheel Drive,,,,,,,,
mercedes-amg,Mercedes-AMG,E-Class,E-Class Coupe (2020),2020,2024,,3.0L 4MATIC+ 9AT AWD (435 HP),Gasoline,6,2999,435,520,9-speed automatic (9G-TRONIC),All Wheel Drive,4.4,249,8.9,4849,1859,1427,2873,
mercedes-amg,Mercedes-AMG,E-Class,E-Class Coupe (2018),2018,2020,,3.0L 4MATIC+ 9AT (435 HP),Gasoline,6,2999,435,520,9-speed automatic (AMG SPEEDSHIFT TCT),All Wheel Drive,4.4,249,7.2,4849,1859,1427,2873,1970
mercedes-amg,Mercedes-AMG,EQE,EQE (2022),2022,,,43 4MATIC AWD 350 KW (476 HP),Electric,,,476,,,All Wheel Drive,4.2,209,,4963,1905,1463,,
mercedes-amg,Mercedes-AMG,EQE,EQE (2022),2022,,,53 4MATIC+ AMG DYNAMIC PLUS AWD 505 KW (687 HP),Electric,,,687,,,All Wheel Drive,3.3,240,,4963,1905,1463,,
mercedes-amg,Mercedes-AMG,EQE,EQE (2022),2022,,,53 4MATIC+ AWD 460 KW (626 HP),Electric,,,625,,,All Wheel Drive,3.5,220,,4963,1905,1463,,
mercedes-amg,Mercedes-AMG,EQE SUV,EQE SUV (2022),2022,,,43 4MATIC (476 HP),Plug-in Hybrid,,,476,,,All Wheel Drive,4.3,209,,4879,1930,1671,3030,2600
mercedes-amg,Mercedes-AMG,EQE SUV,EQE SUV (2022),2022,,,53 4MATIC (626 HP),Plug-in Hybrid,,,626,,,All Wheel Drive,,220,,4879,1930,1671,3030,2690
mercedes-amg,Mercedes-AMG,EQS,EQS (2021),2021,,,53 4MATIC+ AMG Dynamic Plus 107.8 KWh AWD (761 HP),Electric,,,761,,1-Speed automatic,All Wheel Drive,3.4,249,,5217,1925,1511,3211,2655
mercedes-amg,Mercedes-AMG,EQS,EQS (2021),2021,,,EQS 53 4MATIC+ 107.8 KWh AWD (658 HP),Electric,,,658,,1-Speed automatic,All Wheel Drive,3.8,220,,5217,1925,1511,3211,2655
mercedes-amg,Mercedes-AMG,G 63,G 63 (2024),2024,,,4.0L V8 MHEV 9AT AWD (585 HP),Mild Hybrid,8,3982,585,850,9-speed automatic AMG Speepshift,All Wheel Drive,4.4,220,,4874,1984,1971,2891,2565
mercedes-amg,Mercedes-AMG,G 63,G 63 (2018),2018,2024,,4.0 V8 4MATIC 9AT (585 HP),Gasoline,8,3982,585,850,9-speed automatic,All Wheel Drive,4.5,220,13.2,4816,1930,1969,2891,2560
mercedes-amg,Mercedes-AMG,GLA,GLA (2023),2023,,,2.0L 4MATIC 8AT AWD (306 HP),Gasoline,4,1991,306,400,8-speed automatic AMG Speedshift,All Wheel Drive,5.2,249,9.2,,,,,
mercedes-amg,Mercedes-AMG,GLA,GLA (2023),2023,,,2.0L 4MATIC+ 8AT AWD (421 HP),Gasoline,4,1991,421,500,8-speed automatic,All Wheel Drive,4.3,270,10,,,,,
mercedes-amg,Mercedes-AMG,GLA,GLA (2020),2020,2023,,2.0L 4MATIC 8AT AWD (306 HP),Gasoline,4,1991,306,400,8-speed automatic DCT,All Wheel Drive,5.1,249,7.5,,,,,
mercedes-amg,Mercedes-AMG,GLA,GLA (2020),2020,2023,,2.0L 4MATIC+ 8AT (387 HP),Gasoline,4,1991,387,480,8-Speed automatic AMG SPEEDSHIFT DCT,All Wheel Drive,4.4,249,9.2,4425,1803,1494,2700,
mercedes-amg,Mercedes-AMG,GLA,GLA (2020),2020,2023,,S 2.0L 4MATIC+ 8AT (421 HP),Gasoline,4,1991,421,500,8-Speed automatic AMG SPEEDSHIFT DCT,All Wheel Drive,4.3,270,9.3,4425,1803,1494,2700,
mercedes-amg,Mercedes-AMG,GLA,GLA (2017),2017,2020,,2.0L 4MATIC 7AT (380 HP),Gasoline,4,1991,380,475,7-speed automatic (AMG SPEEDSHIFT DCT),All Wheel Drive,4.4,249,7.4,4425,1803,1494,2700,1585
mercedes-amg,Mercedes-AMG,GLA,GLA (2014),2014,2017,,2.0L 4MATIC 7AT (360 HP),Gasoline,4,1991,360,450,7-speed automatic (AMG SPEEDSHIFT DCT),All Wheel Drive,4.8,249,7.5,4417,1803,1494,2700,1585
mercedes-amg,Mercedes-AMG,GLA,GLA (2014),2014,2017,,2.0L 4MATIC 7AT (380 HP),Gasoline,4,1991,380,475,7-speed automatic (AMG SPEEDSHIFT DCT),All Wheel Drive,4.4,249,7.4,4417,1803,1494,2700,1585
mercedes-amg,Mercedes-AMG,GLB,GLB (2023),2023,,,2.0L 4MATIC 8AT AWD (306 HP),Gasoline,4,1991,306,400,8-speed automatic AMG Speedshift,All Wheel Drive,5.5,249,9.4,,,,,
mercedes-amg,Mercedes-AMG,GLB,GLB (2019),2019,2023,,2.0L 8AT AWD (306 HP),Gasoline,4,1991,306,400,8-speed automatic AMG SpeedShift DCT,All Wheel Drive,5.2,249,7.6,,,,,
mercedes-amg,Mercedes-AMG,GLC,GLC  Coupe (2026),2026,,,GLC 53 4MATIC+ 9AT AWD (449 HP),Mild Hybrid,6,2999,449,600,9-speed automatic AMG Speepshift,All Wheel Drive,4.2,249,9.9,,,,,
mercedes-amg,Mercedes-AMG,GLC,GLC  Coupe (2023),2023,,,2.0L MHEV 4MATIC 9AT AWD (421 HP),Mild Hybrid,4,1991,421,500,9-speed automatic AMG Speepshift,All Wheel Drive,4.8,249,9.8,4793,1920,1603,,1920
mercedes-amg,Mercedes-AMG,GLC,GLC  Coupe (2023),2023,,,63 S E Performance 2.0L PHEV 4MATIC 9AT AWD (680 HP),Plug-in Hybrid,4,1991,476,545,9-speed automatic AMG Speepshift,All Wheel Drive,3.5,275,7.5,4793,1920,1603,2888,2235
mercedes-amg,Mercedes-AMG,GLC,GLC  Coupe (2019),2019,2022,,GLC 63 4.0L V8 9AT (476 HP),Gasoline,8,3982,476,650,9-Speed automatic,All Wheel Drive,4,270,12.3,4732,1890,1603,2873,
mercedes-amg,Mercedes-AMG,GLC,GLC  Coupe (2019),2019,2022,,GLC 63 S 4.0L V8 9AT (510 HP),Gasoline,8,3982,510,700,9-Speed automatic,All Wheel Drive,3.8,280,12.3,4732,1890,1603,2873,
mercedes-amg,Mercedes-AMG,GLC,GLC  Coupe (2019),2019,2023,,3.0L V6 4MATIC 9AT AWD (390 HP),Gasoline,6,2996,390,520,9-speed automatic AMG Speedshift,All Wheel Drive,4.9,249,10.5,4656,1890,1638,2873,
mercedes-amg,Mercedes-AMG,GLC,GLC  Coupe (2017),2017,2019,,4.0L V8 4MATIC 9AT AWD (476 HP),Gasoline,8,3982,476,650,9-speed automatic (9G-TRONIC),All Wheel Drive,4,249,10.7,4732,1890,1603,2873,2010
mercedes-amg,Mercedes-AMG,GLC,GLC  Coupe (2017),2017,2019,,S 4.0L V8 4MATIC 9AT AWD (510 HP),Gasoline,8,3982,510,700,9-speed automatic (9G-TRONIC),All Wheel Drive,3.8,249,10.7,4732,1890,1603,2873,2020
mercedes-amg,Mercedes-AMG,GLC,GLC  Coupe (2016),2016,2019,,3.0L V6 4MATIC 9AT AWD (367 HP),Gasoline,6,2996,367,520,9-speed automatic (9G-TRONIC),All Wheel Drive,4.9,249,8.9,4732,1890,1603,2873,1855
mercedes-amg,Mercedes-AMG,GLC-Class,GLC-Class (2023),2023,,,2.0L 4MATIC PHEV 9AT AWD (680 HP),Plug-in Hybrid,4,1991,476,545,9-speed automatic AMG Speepshift,All Wheel Drive,3.5,275,,4750,1920,1636,2888,2310
mercedes-amg,Mercedes-AMG,GLC-Class,GLC-Class (2019),2019,2022,,GLC 63 4.0L V8 9AT AWD (476 HP),Gasoline,8,3982,476,650,9-Speed automatic,All Wheel Drive,4,270,12.4,4656,1890,1638,2873,
mercedes-amg,Mercedes-AMG,GLC-Class,GLC-Class (2019),2019,2022,,GLC 63 S 4.0L V8 9AT AWD (510 HP),Gasoline,8,3982,510,700,9-Speed automatic,All Wheel Drive,3.8,280,12.4,4656,1890,1638,2873,
mercedes-amg,Mercedes-AMG,GLC-Class,GLC-Class (2019),2019,2022,,3.0L V6 4MATIC 9AT AWD (390 HP),Gasoline,6,2996,390,520,9-speed automatic AMG Speedshift,All Wheel Drive,4.9,249,10.6,4656,1890,1638,2873,
mercedes-amg,Mercedes-AMG,GLC-Class,GLC-Class (2017),2017,2019,,4.0L V8 4MATIC 9AT AWD (476 HP),Gasoline,8,3982,476,650,9-speed automatic (9G-TRONIC),All Wheel Drive,4,249,10.7,4656,1890,1638,2873,2000
mercedes-amg,Mercedes-AMG,GLC-Class,GLC-Class (2016),2016,2019,,3.0L V6 4MATIC 9AT AWD (367 HP),Gasoline,6,2996,367,520,9-speed automatic (9G-TRONIC),All Wheel Drive,4.9,249,8.7,4656,1890,1638,2873,1845
mercedes-amg,Mercedes-AMG,GLE,GLE  Coupe (2026),2026,,,4.0L V8 4MATIC MHEV EQ Boost 9AT AWD (612 HP),Mild Hybrid,8,3982,612,850,9-speed automatic AMG Speepshift,All Wheel Drive,3.9,280,,,,,,
mercedes-amg,Mercedes-AMG,GLE,GLE  Coupe (2023),2023,,,3.0L 4MATIC+ 9AT AWD (435 HP),Gasoline,6,2999,435,560,9-speed automatic AMG Speepshift,All Wheel Drive,,,,,,,,
mercedes-amg,Mercedes-AMG,GLE,GLE  Coupe (2023),2023,,,4.0L 4MATIC+ V8 9AT AWD (612 HP),Gasoline,8,3982,612,850,9-speed automatic AMG Speepshift,All Wheel Drive,,,,,,,,
mercedes-amg,Mercedes-AMG,GLE,GLE  Coupe (2019),2019,2023,,GLE 63 4.0L V8 9AT AWD 4MATIC+ (571 HP),Mild Hybrid,8,3982,571,750,9-speed automatic (9G-TRONIC),All Wheel Drive,4,249,,4961,2156,1720,2936,2365
mercedes-amg,Mercedes-AMG,GLE,GLE  Coupe (2019),2019,2023,,GLE 63 S 4.0L V8 9AT AWD 4MATIC+ (612 HP),Mild Hybrid,8,3982,612,850,9-speed automatic (9G-TRONIC),All Wheel Drive,3.8,280,,4961,2156,1720,2936,
mercedes-amg,Mercedes-AMG,GLE,GLE  Coupe (2019),2019,2023,,53 4MATIC 9AT (435 HP),Gasoline,6,2999,435,520,9-speed automatic (9G-TRONIC),All Wheel Drive,5.3,249,9.3,4925,1948,1773,2995,2230
mercedes-amg,Mercedes-AMG,GLE,GLE  Coupe (2015),2015,2019,,63 4MATIC 7AT AWD (557 HP),Gasoline,8,5461,557,700,7-speed automatic (G TRONIC),All Wheel Drive,4.3,249,11.9,4900,2004,1699,2916,2350
mercedes-amg,Mercedes-AMG,GLE,GLE  Coupe (2015),2015,2019,,63 S 4MATIC 7AT AWD (585 HP),Gasoline,8,5461,585,761,7-speed automatic (G TRONIC),All Wheel Drive,4.2,249,11.9,4900,2004,1699,2916,2350
mercedes-amg,Mercedes-AMG,GLE,GLE  Coupe (2015),2015,2016,,3.0L V6 9AT AWD (367 HP),Gasoline,6,2996,367,520,9-Speed automatic Gtronic,All Wheel Drive,,,,4900,2004,1730,2916,
mercedes-amg,Mercedes-AMG,GLE,GLE (2026),2026,,,3.0L 4MATIC+ 9AT AWD (449 HP),Hybrid Gasoline,6,2998,449,600,9-automatic speed AMG Speedshift,All Wheel Drive,4.9,249,,,,,,
mercedes-amg,Mercedes-AMG,GLE,GLE (2026),2026,,,3.0L MATIC+ PHEV 9AT AWD (585 HP),Plug-in Hybrid,6,2998,449,560,9-automatic speed AMG Speedshift,All Wheel Drive,4.5,249,,,,,,
mercedes-amg,Mercedes-AMG,GLE,GLE (2023),2023,,,3.0L 4MATIC 9AT AWD (435 HP),Gasoline,6,2999,435,560,9-speed automatic AMG Speepshift,All Wheel Drive,5,249,10.7,,,,,
mercedes-amg,Mercedes-AMG,GLE,GLE (2023),2023,,,4.0L 4MATIC V8 9AT AWD (612 HP),Gasoline,8,3982,612,560,9-speed automatic AMG Speepshift,All Wheel Drive,3.9,280,12.8,,,,,
mercedes-amg,Mercedes-AMG,GLE,GLE (2019),2019,2023,,3.0L 9AT (435 HP),Gasoline,6,2999,435,520,9-Speed automatic,Rear Wheel Drive,5.3,249,9.3,4925,1948,1773,2995,2230
mercedes-amg,Mercedes-AMG,GLE,GLE (2016),2016,2019,,3.0L V6 9At (367 HP),Gasoline,6,2996,367,520,9-Speed automatic Gtronic,All Wheel Drive,5.7,249,8.6,,,,,
mercedes-amg,Mercedes-AMG,GLE,GLE (2015),2015,2018,,63 4MATIC 7AT AWD (557 HP),Gasoline,8,5461,557,700,7-speed automatic (G TRONIC),All Wheel Drive,4.3,249,11.8,4818,1935,1796,2916,2345
mercedes-amg,Mercedes-AMG,GLE,GLE (2015),2015,2018,,63 S 4MATIC 7AT AWD (585 HP),Gasoline,8,5461,585,761,7-speed automatic (G TRONIC),All Wheel Drive,4.2,249,11.8,4818,1935,1796,2916,2345
mercedes-amg,Mercedes-AMG,GLS- Class,GLS- Class (2026),2026,,,4.0L V8 4MATIC MHEV EQ Boost 9AT AWD (612 HP),Mild Hybrid,8,3982,612,850,9-speed automatic AMG Speepshift,All Wheel Drive,4.2,249,,5232,2029,1836,3134,2625
mercedes-amg,Mercedes-AMG,GLS- Class,GLS- Class (2023),2023,,,4.0L V8 Biturbo 4MATIC+ 9AT AWD (603 HP),Hybrid Gasoline,8,3982,603,850,9-speed automatic AMG Speepshift,All Wheel Drive,4.2,280,,,,,,
mercedes-amg,Mercedes-AMG,GLS- Class,GLS- Class (2016),2016,2023,,5.5L V8 4MATIC 7AT (585 HP),Gasoline,8,5461,585,760,7-speed automatic (AMG SPEEDSHIFT PLUS),All Wheel Drive,4.6,249,12.3,5131,1933,1849,3076,2580
mercedes-amg,Mercedes-AMG,GT,GT Coupe (2024),2024,,,2.0L MHEV 9AT RWD (421 HP),Mild Hybrid,4,1991,421,500,9-speed automatic AMG Speepshift,Rear Wheel Drive,4.6,280,10.3,4727,1928,1354,2700,1775
mercedes-amg,Mercedes-AMG,GT,GT Coupe (2024),2024,,,4.0L V8 Biturbo 9AT AWD (805 HP),Plug-in Hybrid,8,3982,603,850,9-speed automatic AMG Speepshift,All Wheel Drive,2.7,320,,,,,,
mercedes-amg,Mercedes-AMG,GT,GT Coupe (2023),2023,,,4.0L V8 9AT AWD (585 HP),Gasoline,8,3982,585,800,9-speed automatic (9G-TRONIC),All Wheel Drive,3.2,315,14.1,4722,1984,1354,2700,1970
mercedes-amg,Mercedes-AMG,GT,GT Coupe (2020),2020,2023,,4.0L V8 7AT FWD (530 HP),Gasoline,8,3982,530,,77-speed automatic (AMG SPEEDSHIFT DCT),Rear Wheel Drive,,,13,,,,,
mercedes-amg,Mercedes-AMG,GT,GT Coupe (2019),2019,2020,,4.0L V8 7AT RWD (585 HP),Gasoline,8,3982,585,700,7-speed automatic (AMG SPEEDSHIFT DCT),Rear Wheel Drive,3.6,319,12.4,4547,2075,1288,2629,
mercedes-amg,Mercedes-AMG,GT,GT Coupe (2017),2017,2021,,4.0L V8 7AT RWD (585 HP),Gasoline,8,3982,585,700,7-speed automatic (AMG SPEEDSHIFT DCT),Rear Wheel Drive,,,12.4,4547,2075,1288,2629,1555
mercedes-amg,Mercedes-AMG,GT,GT Coupe (2017),2017,2022,,4.0L V8 7AT RWD (476 HP),Gasoline,8,3982,476,630,7-speed automatic (AMG SPEEDSHIFT DCT),Rear Wheel Drive,4,304,11.4,4544,2075,1288,2629,
mercedes-amg,Mercedes-AMG,GT,GT Coupe (2017),2017,2020,,4.0L V8 7AT (522 HP),Gasoline,8,3982,522,670,7-speed automatic (AMG SPEEDSHIFT DCT),Rear Wheel Drive,3.8,311,9.6,4547,2075,1288,2629,1645
mercedes-amg,Mercedes-AMG,GT,GT Coupe (2017),2017,2022,,4.0 V8 7AT (557 HP),Gasoline,8,3982,557,680,7-speed automatic (AMG SPEEDSHIFT DCT),Rear Wheel Drive,3.7,317,11.4,4547,2075,1288,2629,1700
mercedes-amg,Mercedes-AMG,GT,GT Coupe (2017),2017,2018,,4.0 V8 7AT (476 HP),Gasoline,8,3982,476,630,7-speed automatic (AMG SPEEDSHIFT DCT),Rear Wheel Drive,4,304,9.6,4544,2075,1288,2629,1615
mercedes-amg,Mercedes-AMG,GT,GT Coupe (2016),2016,2018,,4.0L V8 7AT RWD (585 HP),Gasoline,8,3982,585,700,7-speed automatic (AMG SPEEDSHIFT DCT),Rear Wheel Drive,3.6,319,11.4,4547,2075,1288,2629,1555
mercedes-amg,Mercedes-AMG,GT,GT Coupe (2015),2015,2017,,4.0L V8 7AT RWD (462 HP),Gasoline,8,3982,462,601,7G-DCT dual-clutch automatic transmission,Rear Wheel Drive,4,304,9.3,4547,2075,1288,2629,1615
mercedes-amg,Mercedes-AMG,GT,GT Coupe (2015),2015,2017,,4.0 V8 7AT (510 HP),Gasoline,8,3982,510,650,7-speed automatic (AMG SPEEDSHIFT DCT),Rear Wheel Drive,3.8,311,9.6,4547,2075,1288,2629,1645
mercedes-amg,Mercedes-AMG,GT,GT Roadster (2020),2020,2023,,4.0L V8 7AT FWD (530 HP),Gasoline,8,3982,530,,7-speed automatic (AMG SPEEDSHIFT DCT),Rear Wheel Drive,,,13,,,,,
mercedes-amg,Mercedes-AMG,GT,GT Roadster (2019),2019,2021,,4.0L V8 Turbo 7AT (585 HP),Gasoline,8,3982,585,700,7-speed automatic,All Wheel Drive,3.6,317,12.4,,,,,1635
mercedes-amg,Mercedes-AMG,GT,GT Roadster (2018),2018,2021,,4.0L V8 7AT RWD (557 HP),Gasoline,8,3982,557,680,7-speed automatic (AMG SPEEDSHIFT DCT),Rear Wheel Drive,3.7,317,12.4,4544,2075,1260,2629,1735
mercedes-amg,Mercedes-AMG,GT,GT Roadster (2018),2018,2020,,4.0L V8 7AT (522 HP),,8,3982,522,670,7-speed automatic 7-speed automatic (AMG SPEEDSHIFT DCT),Rear Wheel Drive,3.9,307,11.5,4544,2075,1260,2629,1625
mercedes-amg,Mercedes-AMG,GT,GT Roadster (2016),2016,2018,,4.0L V8 7AT RWD (476 HP),Gasoline,8,3982,476,630,7-speed automatic (AMG SPEEDSHIFT DCT),Rear Wheel Drive,4,303,9.6,4544,2075,1260,2629,1670
mercedes-amg,Mercedes-AMG,GT,GT Roadster (2016),2016,2018,,4.0L V8 7AT RWD (557 HP),Gasoline,8,3982,557,680,7-speed automatic (AMG SPEEDSHIFT DCT),Rear Wheel Drive,3.7,315,11.4,4544,2075,1260,2629,1735
mercedes-amg,Mercedes-AMG,GT 4-DOOR,GT 4-DOOR COUPE (2026),2026,,,55 106 kWh 4MATIC+ (816 HP),Electric,,,816,,1-speed automatic,All Wheel Drive,2.8,299,,5095,1958,1412,3040,2460
mercedes-amg,Mercedes-AMG,GT 4-DOOR,GT 4-DOOR COUPE (2026),2026,,,63 106 kWh 4MATIC+ (1169 HP),Electric,,,1169,,1-speed automatic,All Wheel Drive,2.4,299,,5095,1958,1412,3040,2460
mercedes-amg,Mercedes-AMG,GT 4-DOOR,GT 4-DOOR COUPE (2023),2023,,,4.0L V8 Biturbo 9AT AWD (843 HP),Plug-in Hybrid,8,3982,639,900,9-speed automatic AMG Speepshift,All Wheel Drive,2.9,315,8.7,5055,2070,1448,2951,2380
mercedes-amg,Mercedes-AMG,GT 4-DOOR,GT 4-DOOR COUPE (2023),2023,,,53 4MATIC+ 9AT AWD (435 HP),Mild Hybrid,6,2999,435,520,9-speed automatic (9G-TRONIC),All Wheel Drive,4.5,285,,,,,,
mercedes-amg,Mercedes-AMG,GT 4-DOOR,GT 4-DOOR COUPE (2020),2020,2023,,53 4MATIC+ 9AT AWD (435 HP),Mild Hybrid,6,2999,435,520,9-speed automatic (9G-TRONIC),All Wheel Drive,4.5,285,8.7,,,,,
mercedes-amg,Mercedes-AMG,GT 4-DOOR,GT 4-DOOR COUPE (2018),2018,2025,,3.0L 9AT AWD (367 HP),Gasoline,6,2999,367,500,9-speed automatic Speedshift,All Wheel Drive,4.9,270,9.4,5055,1872,1455,2951,1965
mercedes-amg,Mercedes-AMG,GT 4-DOOR,GT 4-DOOR COUPE (2018),2018,,,4.0L V8 9G AWD (585 HP),Gasoline,8,3982,585,800,9-Speed automatic (AMG SPEEDSHIFT MCT 9G),All Wheel Drive,3.4,311,11.2,5055,1872,1443,2951,2025
mercedes-amg,Mercedes-AMG,GT 4-DOOR,GT 4-DOOR COUPE (2018),2018,,,4.0L V8 9G AWD (639 HP),Gasoline,8,3982,639,900,9-Speed automatic (AMG SPEEDSHIFT MCT 9G),All Wheel Drive,3.2,315,11.2,5055,1872,1443,2951,2045
mercedes-amg,Mercedes-AMG,GT 4-DOOR,GT 4-DOOR COUPE (2018),2018,2020,,3.0 L6 4MATIC 9AT AWD (435 HP),Gasoline,6,2999,435,520,AMG SPEEDSHIFT TCT 9G,All Wheel Drive,4.5,285,9.4,5055,1872,1455,2951,1970
mercedes-amg,Mercedes-AMG,ONE,ONE (2022),2022,,,1.6L V6 PHEV Turbo 7AT AWD (1063 HP),Plug-in Hybrid,6,1599,574,,7-speed automatic,All Wheel Drive,2.9,352,8.7,4755,2009,1260,2720,1695
mercedes-amg,Mercedes-AMG,S-Class,S-Class (2023),2023,,,4.0L V8 4MATIC+ 9AT AWD (791 HP),Plug-in Hybrid,8,3982,603,900,9-speed automatic,All Wheel Drive,3.3,249,,5337,1920,1514,3216,
mercedes-amg,Mercedes-AMG,S-Class,S-Class (2017),2017,2020,,6.0L V12 7AT AWD (630 HP),Gasoline,12,5980,630,1000,7-speed automatic (AMG SPEEDSHIFT),All Wheel Drive,4.2,249,11.9,5255,1900,1494,3165,2250
mercedes-amg,Mercedes-AMG,S-Class,S-Class (2017),2017,2020,,4.0L V8 4MATIC 9AT AWD (612 HP),Gasoline,8,3982,612,900,9-speed automatic (9G-TRONIC),All Wheel Drive,3.5,249,8.9,5271,1905,1496,3165,2070
mercedes-amg,Mercedes-AMG,S-Class,S-Class Cabriolet (2017),2017,2021,,4.0 V8 4MATIC 9AT (612 HP),Gasoline,8,3982,612,900,9-speed automatic (AMG SPEEDSHIFT MCT),All Wheel Drive,3.5,249,10.1,5044,1913,1427,2944,2185
mercedes-amg,Mercedes-AMG,S-Class,S-Class Cabriolet (2017),2017,2021,,6.0 V12 7AT (630 HP),Gasoline,12,5980,630,1000,7-speed automatic (7G-TRONIC PLUS),All Wheel Drive,4.1,249,12,5044,1910,1427,2944,2255
mercedes-amg,Mercedes-AMG,S-Class,S-Class Cabriolet (2016),2016,2017,,5.5 V8 4MATIC 7AT (585 HP),Gasoline,8,5461,585,900,7-speed automatic (AMG SPEEDSHIFT MCT),All Wheel Drive,3.9,249,10.4,5027,1900,1417,2944,2185
mercedes-amg,Mercedes-AMG,S-Class,S-Class Cabriolet (2016),2016,2017,,6.0 V12 7AT (630 HP),Gasoline,12,5980,630,1000,7-speed automatic (AMG SPEEDSHIFT PLUS),Rear Wheel Drive,4.1,249,12,4026,1900,1417,2944,2255
mercedes-amg,Mercedes-AMG,S-Class,S-Class Coupe (2017),2017,2021,,6.0 V12 7AT (630 HP),Gasoline,12,5980,630,1000,7-speed automatic (7G-TRONIC PLUS),Rear Wheel Drive,4.1,249,11.9,5044,1913,1422,2944,2185
mercedes-amg,Mercedes-AMG,S-Class,S-Class Coupe (2017),2017,2021,,4.0 V8 4MATIC 9AT (612 HP),Gasoline,8,3982,612,900,9-speed automatic (9G-TRONIC),All Wheel Drive,3.5,249,9.3,5044,1913,1422,2944,2080
mercedes-amg,Mercedes-AMG,SL-Class,SL-Class (2023),2023,,,4.0L V8 PHEV 9AT AWD (816 HP),Plug-in Hybrid,8,3982,612,850,9-speed automatic AMG Speepshift,All Wheel Drive,2.9,317,7.7,,,,,
mercedes-amg,Mercedes-AMG,SL-Class,SL-Class (2021),2021,,,SL 55 4MATIC+ V8 9AT AWD (476 HP),Gasoline,8,3982,476,700,9-speed automatic AMG Speepshift,All Wheel Drive,3.9,295,12.7,4704,1915,1354,2700,1950
mercedes-amg,Mercedes-AMG,SL-Class,SL-Class (2021),2021,,,SL 63 4MATIC+ V8 9AT AWD (585 HP),Gasoline,8,3982,585,800,9-speed automatic AMG Speepshift,All Wheel Drive,3.6,315,12.7,4704,1915,1354,2700,1970
mercedes-amg,Mercedes-AMG,SL-Class,SL-Class (2021),2021,,,SL 43 9AT RWD (381 HP),Mild Hybrid,4,1991,381,480,9-speed automatic AMG Speepshift,Rear Wheel Drive,4.9,275,8.9,4704,1915,1354,2700,1810
mercedes-amg,Mercedes-AMG,SLC,SLC (2016),2016,2020,,3.0 V6 9AT (367 HP),Gasoline,6,2996,367,520,9-speed automatic (9G-TRONIC),Rear Wheel Drive,4.7,249,4.7,4133,1811,1300,2431,1595
morgan,Morgan,3 wheeler,3 wheeler (2011),2011,2021,,2.0L 5MT (115 HP),Gasoline,2,1983,117,190,5-speed manual,Rear Wheel Drive,4.5,193,10.2,3226,1720,1001,2337,500
morgan,Morgan,3 wheeler,3 wheeler (2011),2011,2021,,2.0L 5MT (83 HP),Gasoline,2,1983,83,140,5-speed manual,Rear Wheel Drive,6,185,9.3,3226,1720,1001,2337,500
morgan,Morgan,4/4 2 Seater,4/4 2 Seater (2008),2008,,,1.6l i4,Gasoline,4,1595,110,132,"5-speed, Manual",Rear Wheel Drive,8,185,6.4,4011,1631,1219,,795
morgan,Morgan,4/4 4 Seater,4/4 4 Seater (2006),2006,2011,,1.8 L,Gasoline,4,1798,,161,"Manual, 5 Speed",Rear Wheel Drive,8,170,6.1,4016,1516,1316,2441,1100
morgan,Morgan,Aero,Aero Coupe (2012),2012,2016,,4.8 v8,Gasoline,8,4799,362,489,6 speed manual or automatic,Rear Wheel Drive,4.7,274,12.4,4148,1750,1247,,1175
morgan,Morgan,Aero 8,Aero 8 (2015),2015,2018,,4.8L V8 6AT (367 HP),Gasoline,8,4799,367,489,6-speed automatic,Rear Wheel Drive,4.5,249,11,4148,1750,1247,,1100
morgan,Morgan,Aero 8,Aero 8 (2015),2015,2018,,4.8L V8 6MT (367 HP),Gasoline,8,4799,367,489,6-speed manual,Rear Wheel Drive,4.5,274,12.1,4148,1750,1247,,1180
morgan,Morgan,Aero 8,Aero 8 (2008),2008,2009,,4.8 V8 6MT (368 HP),Gasoline,8,4799,368,502,6-speed manual,Rear Wheel Drive,4.5,274,11.2,4120,1770,1199,2530,1145
morgan,Morgan,Aero 8,Aero 8 (2004),2004,2008,,4.4L V8 6MT (325 HP),Gasoline,8,4398,325,447,6-speed manual,Rear Wheel Drive,5,257,12.4,4120,1770,1199,2525,1130
morgan,Morgan,Aero 8,Aero 8 (2001),2001,2004,,4.4L V8 6MT (286 HP),Gasoline,8,4398,286,440,6-speed manual,Rear Wheel Drive,5,257,12.4,4120,1770,1199,2525,1145
morgan,Morgan,Aero SuperSports,Aero SuperSports (2009),2009,2016,,4.8 v8,Gasoline,8,4799,362,489,6 speed manual or automatic,Rear Wheel Drive,4.5,274,12.4,4148,1750,1247,,1180
morgan,Morgan,AeroMax,AeroMax (2005),2005,2011,,4.8L V8 6MT RWD (368 HP),Gasoline,8,4799,337,450,6-speed manual,Rear Wheel Drive,4.4,261,10.9,3970,1781,1300,2451,1000
morgan,Morgan,Plus 4,Plus 4 (2022),2022,,,2.0L 6MT RWD (255 HP),Gasoline,4,1998,255,,6-speed manual,Rear Wheel Drive,,,,,,,,
morgan,Morgan,Plus 4,Plus 4 (2020),2020,2022,,2.0L 6MT (258 HP),Gasoline,4,,258.5,350,6-Speed manual,All Wheel Drive,5.2,240,7.3,,,,,1031
morgan,Morgan,Plus 4,Plus 4 (2020),2020,2022,,2.0L 8AT (258 HP),Gasoline,4,,259,400,8-speed automatic,All Wheel Drive,4.8,240,7,,,,,1009
morgan,Morgan,Plus 4,Plus 4 (2006),2006,2020,,2.0l i4,Gasoline,4,1999,142,254,five speed manual,Rear Wheel Drive,8,177,6.9,4011,1720,1219,,927
morgan,Morgan,Plus 4,Plus 4 (2005),2005,2020,,2.0 L,Gasoline,4,1999,145,190,"Manual, 5 Speed",Rear Wheel Drive,7.5,190,6.9,4011,1610,1219,2489,880
morgan,Morgan,Plus 8,Plus 8 (2012),2012,2018,,4.8 v8,Gasoline,8,4799,362,489,6 speed manual or automatic,Rear Wheel Drive,4.5,249,12.4,4011,1750,1219,,1100
morgan,Morgan,Plus Six,Plus Six (2022),2022,,,3.0L RWD (335 HP),Gasoline,4,,335,,,Rear Wheel Drive,,,,,,,,
morgan,Morgan,Plus Six,Plus Six (2019),2019,2022,,B58 TwinPower Turbo 8AT RWD (340 HP),,6,,340,500,8-Speed automatic,Rear Wheel Drive,4.2,,,3889,1755,1219,,
morgan,Morgan,Roadster,Roadster (2006),2006,2019,,3.7L V6 6MT (280 HP),Gasoline,6,3721,280,353,6-Speed manual,Rear Wheel Drive,6,217,9.8,4011,1720,1321,,1000
morgan,Morgan,Roadster,Roadster (2004),2004,2019,,3.0L V6 5MT RWD (226 HP),Gasoline,6,2987,226,280,5-speed manual,Rear Wheel Drive,5,215,9.7,4011,1610,1219,2441,940
morgan,Morgan,Roadster,Roadster (2004),2004,2019,,3.7L V6 6MT RWD (284 HP),Gasoline,6,3721,284,353,6-speed manual,Rear Wheel Drive,5.5,225,9.8,4011,1610,1219,2441,950
nissan,Nissan,100 NX,100 NX (1991),1991,1996,,1.6L 4AT FWD (102 HP),Gasoline,4,1597,102,136,4-speed automatic,Front Wheel Drive,11,171,7.4,4140,1679,1321,2431,1080
nissan,Nissan,100 NX,100 NX (1991),1991,1996,,1.6L 4AT FWD (90 HP),Gasoline,4,1597,90,133,4-speed automatic,Front Wheel Drive,11,182,7.2,4140,1679,1321,2431,1075
nissan,Nissan,100 NX,100 NX (1991),1991,1996,,1.6L 5MT FWD (102 HP),Gasoline,4,1597,102,136,5-speed manual,Front Wheel Drive,10.8,180,6.9,4140,1679,1321,2431,1050
nissan,Nissan,100 NX,100 NX (1991),1991,1996,,1.6L 5MT FWD (90 HP),Gasoline,4,1597,90,133,5-speed manual,Front Wheel Drive,10.8,185,6.9,4140,1679,1321,2431,1050
nissan,Nissan,100 NX,100 NX (1991),1991,1996,,2.0L GTI 5MT FWD (143 HP),Gasoline,4,1998,143,178,5-speed manual,Front Wheel Drive,8.2,209,8.5,4140,1679,1321,2431,1100
nissan,Nissan,200 SX,200 SX (1994),1994,2000,,2.0L Turbo 4AT RWD (200 HP),Gasoline,4,1998,200,265,4-speed automatic,Rear Wheel Drive,8.3,224,9.4,4521,1730,1295,2525,1295
nissan,Nissan,200 SX,200 SX (1994),1994,2000,,2.0L Turbo 5MT RWD (200 HP),Gasoline,4,1998,200,265,5-speed manual,Rear Wheel Drive,7.5,235,8.8,4521,1730,1295,2525,1240
nissan,Nissan,200 SX,200 SX (1989),1989,1994,,1.8L 16V Turbo 4AT (169 HP),Gasoline,4,1809,169,224,4-speed automatic,Rear Wheel Drive,9.3,211,9.3,4539,1676,1290,2479,1240
nissan,Nissan,200 SX,200 SX (1989),1989,1994,,1.8L 16V Turbo 4AT (171 HP),Gasoline,4,1809,171,228,4-speed automatic,Rear Wheel Drive,9,216,9,4539,1676,1290,2479,1210
nissan,Nissan,200 SX,200 SX (1989),1989,1994,,1.8L 16V Turbo 5MT (169 HP),Gasoline,4,1809,169,224,5-speed manual,Rear Wheel Drive,7.5,220,9.1,4539,1676,1290,2479,1190
nissan,Nissan,200 SX,200 SX (1989),1989,1994,,1.8L 16V Turbo 5MT (171 HP),Gasoline,4,1809,171,228,5-speed manual,Rear Wheel Drive,7.2,225,8.3,4539,1676,1290,2479,1190
nissan,Nissan,300 ZX,300 ZX (1990),1990,1996,,3.0L V6 Turbo 4AT RWD (268 HP),Gasoline,6,2960,283,376,4-speed automatic,Rear Wheel Drive,7.1,249,11.2,4519,1801,1260,2570,1637
nissan,Nissan,300 ZX,300 ZX (1990),1990,1996,,3.0L V6 Turbo 5MT RWD (283 HP),Gasoline,6,2960,283,376,5-speed manual,Rear Wheel Drive,5.9,249,11.1,4519,1801,1260,2570,1620
nissan,Nissan,300 ZX,300 ZX (1984),1984,1989,,3.0L V6 4AT RWD (170 HP),Gasoline,6,2960,170,236,4-speed automatic,Rear Wheel Drive,10,211,10.8,4539,1720,1311,2520,1425
nissan,Nissan,300 ZX,300 ZX (1984),1984,1989,,3.0L V6 5MT RWD (170 HP),Gasoline,6,2960,170,236,5-speed manual,Rear Wheel Drive,9.1,220,10.7,4539,1720,1311,2520,1390
nissan,Nissan,300 ZX,300 ZX (1984),1984,1989,,3.0L V6 Turbo 5MT RWD (228 HP),Gasoline,6,2960,228,334,5-speed manual,Rear Wheel Drive,7.1,249,10.4,4539,1720,1311,2520,1479
nissan,Nissan,350Z,350Z (2006),2006,2008,,3.5L V6 6MT RWD (300 HP),Gasoline,6,3498,300,353,6-speed manual,Rear Wheel Drive,5.8,249,11.7,4321,1819,1321,2649,1534
nissan,Nissan,350Z,350Z (2006),2006,2008,,3.5L V6 6MT RWD (306 HP),Gasoline,6,3498,310,363,6-speed manual,Rear Wheel Drive,5.8,249,11.7,4321,1819,1321,2649,1534
nissan,Nissan,350Z,350Z (2002),2002,2005,,3.5L V6 6MT RWD (287 HP),Gasoline,6,3498,291,371,6-speed manual,Rear Wheel Drive,5.9,249,11.4,4310,1819,1321,2649,1545
nissan,Nissan,350Z,350Z (2002),2002,2005,,3.5L V6 6MT RWD (300 HP),Gasoline,6,3498,300,353,6-speed manual,Rear Wheel Drive,5.8,249,11.4,4310,1819,1321,2649,1545
nissan,Nissan,350Z,350Z Roadster (2008),2008,2009,,3.5L V6 6MT (313 HP),Gasoline,6,3498,313,358,6-speed manual,Rear Wheel Drive,6.1,249,14.2,4315,1816,1331,2649,1624
nissan,Nissan,350Z,350Z Roadster (2005),2005,2007,,3.5L V6 6MT RWD (287 HP),Gasoline,6,3498,291,363,6-speed manual,Rear Wheel Drive,6.4,249,11.4,4310,1819,1330,2649,1610
nissan,Nissan,350Z,350Z Roadster (2005),2005,2007,,3.5L V6 6MT RWD (300 HP),Gasoline,6,3498,300,353,6-Speed manual,Rear Wheel Drive,6.3,249,12,4310,1819,1331,2649,1631
nissan,Nissan,350Z,350Z Roadster (2005),2005,2007,,3.5L V6 6MT RWD (306 HP),Gasoline,6,3498,306,358,6-Speed manual,Rear Wheel Drive,6.2,249,11.4,4310,1819,1331,2649,1631
nissan,Nissan,370Z,370Z (2012),2012,2020,,3.7 V6 6MT (333 HP),Gasoline,6,3696,333,363,"Manual, 6 Speed",Rear Wheel Drive,5.3,249,10.5,4244,1849,1316,2550,1461
nissan,Nissan,370Z,370Z (2012),2012,2020,,3.7 V6 7AT (333 HP),Gasoline,6,3696,333,363,7 speed automatic,Rear Wheel Drive,5.6,249,10.4,4244,1849,1316,2550,1473
nissan,Nissan,370Z,370Z (2008),2008,2012,,3.7L V6 6MT RWD (328 HP),Gasoline,6,3696,328,363,6-speed manual,Rear Wheel Drive,5.3,249,10.6,4244,1849,1316,2550,1471
nissan,Nissan,370Z,370Z (2008),2008,2012,,3.7L V6 6MT RWD (330 HP),Gasoline,6,3696,330,366,6-speed manual,Rear Wheel Drive,5.3,249,10.5,4244,1849,1316,2550,1461
nissan,Nissan,370Z,370Z (2008),2008,2012,,3.7L V6 7AT RWD (328 HP),Gasoline,6,3696,328,363,7-speed automatic,Rear Wheel Drive,5.6,249,10.5,4244,1849,1316,2550,1483
nissan,Nissan,370Z,370Z (2008),2008,2012,,3.7L V6 7AT RWD (330 HP),Gasoline,6,3696,330,366,7-speed automatic,Rear Wheel Drive,5.6,249,10.4,4244,1849,1316,2550,1473
nissan,Nissan,370Z,370Z Roadster (2012),2012,2020,,3.7 V6 6MT (333 HP),Gasoline,6,3696,333,363,"6-speed, Manual",Rear Wheel Drive,5.5,249,11.2,4247,1849,1326,2550,1520
nissan,Nissan,370Z,370Z Roadster (2012),2012,2020,,3.7 V6 7AT (333 HP),Gasoline,6,3696,333,363,7 speed automatic,Rear Wheel Drive,5.8,249,10.9,4247,1849,1326,2550,1532
nissan,Nissan,370Z,370Z Roadster (2009),2009,2012,,3.7L V6 6MT RWD (328 HP),Gasoline,6,3696,328,363,6-speed manual,Rear Wheel Drive,5.5,249,11.2,4247,1849,1326,2550,1520
nissan,Nissan,370Z,370Z Roadster (2009),2009,2012,,3.7L V6 7AT RWD (328 HP),Gasoline,6,3696,328,363,7-speed automatic,Rear Wheel Drive,5.8,249,10.9,4247,1849,1326,2550,1532
nissan,Nissan,370Z Nismo,370Z Nismo (2014),2014,2021,,3.7L V6 6MT RWD (344 HP),Gasoline,6,3696,354.9,374,6-speed manual,Rear Wheel Drive,5.2,249,10.6,4409,1869,1311,2550,1500
nissan,Nissan,370Z Nismo,370Z Nismo (2014),2014,2021,,3.7L V6 7AT RWD (344 HP),Gasoline,6,3696,350,374,7-speed automatic,Rear Wheel Drive,5.2,249,11.2,4409,1869,1311,2550,1556
nissan,Nissan,370Z Nismo,370Z Nismo (2013),2013,2014,,3.7 6MT (350 HP),Gasoline,6,3696,354,371,6-speed manual,Rear Wheel Drive,5.4,261,10.6,4404,1844,1316,2550,1535
nissan,Nissan,370Z Nismo,370Z Nismo (2009),2009,2012,,3.7l 6MT (350 HP),Gasoline,6,3696,354,371,6-speed manual,Rear Wheel Drive,5.4,261,11.2,4404,1844,1316,2550,1535
nissan,Nissan,Almera / Pulsar,Almera / Pulsar 3 Doors (2002),2002,2007,,1.5L 16V 5MT FWD (98 HP),Gasoline,4,1497,98,136,5-speed manual,Front Wheel Drive,13.1,177,6.6,4199,1709,1450,2540,1145
nissan,Nissan,Almera / Pulsar,Almera / Pulsar 3 Doors (2002),2002,2007,,1.8L 16V 4AT FWD (116 HP),Gasoline,4,1769,116,163,4-speed automatic,Front Wheel Drive,12.5,175,7.8,4199,1709,1450,2540,1153
nissan,Nissan,Almera / Pulsar,Almera / Pulsar 3 Doors (2002),2002,2007,,1.8L 16V 5MT FWD (116 HP),Gasoline,4,1769,116,163,5-speed manual,Front Wheel Drive,10.8,187,7.5,4199,1709,1450,2540,1153
nissan,Nissan,Almera / Pulsar,Almera / Pulsar 3 Doors (2002),2002,2007,,1.5L dCi 5MT FWD (82 HP),Diesel,4,1461,82,184,5-speed manual,Front Wheel Drive,14.5,170,4.8,4199,1709,1450,2520,1141
nissan,Nissan,Almera / Pulsar,Almera / Pulsar 3 Doors (2002),2002,2007,,2.2L dCi 5MT FWD (112 HP),Diesel,4,2184,111,248,5-speed manual,Front Wheel Drive,11.4,187,5.9,4199,1709,1450,2520,1248
nissan,Nissan,Almera / Pulsar,Almera / Pulsar 3 Doors (2002),2002,2007,,2.2L dCi 6MT FWD (136 HP),Diesel,4,2184,136,304,6-speed manual,Front Wheel Drive,9.2,200,5.9,4199,1709,1450,2520,1263
nissan,Nissan,Almera / Pulsar,Almera / Pulsar 3 Doors (2002),2002,2007,,2.2L DT 5MT FWD (110 HP),Diesel,4,2184,110,238,5-speed manual,Front Wheel Drive,11.4,187,5.9,4199,1709,1450,2520,1280
nissan,Nissan,Almera / Pulsar,Almera / Pulsar 3 Doors (2000),2000,2002,,1.5L 16V 5MT FWD (90 HP),Gasoline,4,1498,90,128,5-speed manual,Front Wheel Drive,13.8,173,6.6,4181,1709,1450,2540,1170
nissan,Nissan,Almera / Pulsar,Almera / Pulsar 3 Doors (2000),2000,2002,,1.8L 16V 4AT FWD (114 HP),Gasoline,4,1769,114,158,4-speed automatic,Front Wheel Drive,12.8,172,7.8,4178,1709,1450,2540,1195
nissan,Nissan,Almera / Pulsar,Almera / Pulsar 3 Doors (2000),2000,2002,,1.8L 16V 5MT FWD (114 HP),Gasoline,4,1769,114,158,5-speed manual,Front Wheel Drive,11.1,185,7.5,4178,1709,1450,2540,1185
nissan,Nissan,Almera / Pulsar,Almera / Pulsar 3 Doors (2000),2000,2002,,2.2L Di 5MT FWD (110 HP),Diesel,4,2184,110,230,5-speed manual,Front Wheel Drive,12.3,185,5.7,4181,1709,1450,2540,1285
nissan,Nissan,Almera / Pulsar,Almera / Pulsar 3 Doors (1995),1995,2000,,1.4L 16V 5MT FWD (87 HP),Gasoline,4,1392,87,116,5-speed manual,Front Wheel Drive,12.6,172,6.6,4120,1689,1400,2540,1015
nissan,Nissan,Almera / Pulsar,Almera / Pulsar 3 Doors (1995),1995,2000,,1.6L 16V 4AT FWD (99 HP),Gasoline,4,1597,99,136,4-speed automatic,Front Wheel Drive,12.9,167,7.5,4120,1689,1400,2540,1075
nissan,Nissan,Almera / Pulsar,Almera / Pulsar 3 Doors (1995),1995,2000,,1.6L 16V 5MT FWD (99 HP),Gasoline,4,1597,99,136,5-speed manual,Front Wheel Drive,11,180,7.3,4120,1689,1400,2540,1055
nissan,Nissan,Almera / Pulsar,Almera / Pulsar 3 Doors (1995),1995,2000,,2.0L GTi 5MT FWD (143 HP),Gasoline,4,1998,143,178,5-speed manual,Front Wheel Drive,8.2,209,8.2,4120,1689,1400,2540,1130
nissan,Nissan,Almera / Pulsar,Almera / Pulsar 3 Doors (1995),1995,2000,,2.0L D 5MT FWD (75 HP),Diesel,4,1974,75,132,5-speed manual,Front Wheel Drive,16.8,156,6.1,4120,1689,1400,2540,1130
nissan,Nissan,Almera / Pulsar,Almera / Pulsar 5 Doors (2014),2014,2018,,1.2L DIG-T 6MT FWD (115 HP),Gasoline,4,1197,114,165,6-speed manual,Front Wheel Drive,10.7,190,5,4387,1768,1519,2700,1258
nissan,Nissan,Almera / Pulsar,Almera / Pulsar 5 Doors (2014),2014,2018,,1.2L DIG-T CVT FWD (115 HP),Gasoline,4,1197,114,165,CVT (Xtronic),Front Wheel Drive,12.7,185,5.1,4387,1768,1519,2700,1205
nissan,Nissan,Almera / Pulsar,Almera / Pulsar 5 Doors (2014),2014,2018,,1.6L DIG-T 6MT FWD (190 HP),Gasoline,4,1618,190,240,6-speed manual,Front Wheel Drive,7.7,217,5.9,4387,1768,1519,2700,1307
nissan,Nissan,Almera / Pulsar,Almera / Pulsar 5 Doors (2014),2014,2018,,1.5L dCi 6MT FWD (110 HP),Diesel,4,1461,110,260,6-speed manual,Front Wheel Drive,11.5,190,3.6,4387,1768,1519,2700,1307
nissan,Nissan,Almera / Pulsar,Almera / Pulsar 5 Doors (2002),2002,2007,,1.5L 16V 5MT FWD (98 HP),Gasoline,4,1497,98,136,5-speed manual,Front Wheel Drive,13.1,177,6.6,4199,1709,1450,2520,1154
nissan,Nissan,Almera / Pulsar,Almera / Pulsar 5 Doors (2002),2002,2007,,1.8L 16V 4AT FWD (116 HP),Gasoline,4,1769,116,163,4-speed automatic,Front Wheel Drive,12.5,175,7.8,4199,1709,1450,2520,1162
nissan,Nissan,Almera / Pulsar,Almera / Pulsar 5 Doors (2002),2002,2007,,1.8L 16V 5MT FWD (116 HP),Gasoline,4,1769,116,163,5-speed manual,Front Wheel Drive,10.8,187,7.5,4199,1709,1450,2520,1162
nissan,Nissan,Almera / Pulsar,Almera / Pulsar 5 Doors (2002),2002,2007,,1.5L dCi 5MT FWD (82 HP),Diesel,4,1461,82,184,5-speed manual,Front Wheel Drive,14.5,171,4.8,4199,1709,1450,2520,1165
nissan,Nissan,Almera / Pulsar,Almera / Pulsar 5 Doors (2002),2002,2007,,2.2L dCi 5MT FWD (112 HP),Diesel,4,2184,111,248,5-speed manual,Front Wheel Drive,11.4,187,5.9,4199,1709,1450,2540,1273
nissan,Nissan,Almera / Pulsar,Almera / Pulsar 5 Doors (2002),2002,2007,,2.2L dCi 6MT FWD (136 HP),Diesel,4,2184,136,304,6-speed manual,Front Wheel Drive,9.2,200,5.9,4199,1709,1450,2540,1279
nissan,Nissan,Almera / Pulsar,Almera / Pulsar 5 Doors (2002),2002,2007,,2.2L DT 5MT FWD (110 HP),Diesel,4,2184,110,238,5-speed manual,Front Wheel Drive,11.4,187,5.9,4199,1709,1450,2540,1295
nissan,Nissan,Almera / Pulsar,Almera / Pulsar 5 Doors (2000),2000,2002,,1.5L 16V 5MT FWD (90 HP),Gasoline,4,1498,90,128,5-speed manual,Front Wheel Drive,13.8,173,6.6,4181,1709,1450,2540,1175
nissan,Nissan,Almera / Pulsar,Almera / Pulsar 5 Doors (2000),2000,2002,,1.8L 16V 4AT FWD (114 HP),Gasoline,4,1769,114,158,4-speed automatic,Front Wheel Drive,12.8,172,7.8,4181,1709,1450,2540,1215
nissan,Nissan,Almera / Pulsar,Almera / Pulsar 5 Doors (2000),2000,2002,,1.8L 16V 5MT FWD (114 HP),Gasoline,4,1769,114,158,5-speed manual,Front Wheel Drive,11.1,185,7.5,4181,1709,1450,2540,1205
nissan,Nissan,Almera / Pulsar,Almera / Pulsar 5 Doors (2000),2000,2002,,2.2L Di 5MT FWD (110 HP),Diesel,4,2184,110,230,5-speed manual,Front Wheel Drive,12.3,185,5.7,4181,1709,1450,2540,1300
nissan,Nissan,Almera / Pulsar,Almera / Pulsar 5 Doors (1995),1995,2000,,1.4L 16V 5MT FWD (87 HP),Gasoline,4,1392,87,116,5-speed manual,Front Wheel Drive,12.6,156,7,4140,1689,1420,2540,1065
nissan,Nissan,Almera / Pulsar,Almera / Pulsar 5 Doors (1995),1995,2000,,1.6L 16V 4AT FWD (99 HP),Gasoline,4,1597,99,136,4-speed automatic,Front Wheel Drive,12.9,167,7.5,4140,1689,1420,2540,1090
nissan,Nissan,Almera / Pulsar,Almera / Pulsar 5 Doors (1995),1995,2000,,1.6L 16V 5MT FWD (99 HP),Gasoline,4,1597,99,136,5-speed manual,Front Wheel Drive,11,180,7.3,4140,1689,1420,2540,1060
nissan,Nissan,Almera / Pulsar,Almera / Pulsar 5 Doors (1995),1995,2000,,2.0L D 5MT FWD (75 HP),Diesel,4,1974,75,132,5-speed manual,Front Wheel Drive,16.8,156,6.1,4140,1689,1420,2540,1130
nissan,Nissan,Almera / Pulsar,Almera / Pulsar Sedan (2011),2011,2019,,1.2L ECO CVT (79 HP),Gasoline,3,1200,79,106,manual or the XTRONIC-CVT,Front Wheel Drive,,,5,4424,1695,1500,2600,1000
nissan,Nissan,Almera / Pulsar,Almera / Pulsar Sedan (2000),2000,2007,,1.5L 16V 5MT FWD (90 HP),Gasoline,4,1498,90,128,5-speed manual,Front Wheel Drive,13.8,173,6.6,4440,1699,1440,2540,1080
nissan,Nissan,Almera / Pulsar,Almera / Pulsar Sedan (2000),2000,2007,,1.5L 16V 5MT FWD (98 HP),Gasoline,4,1497,98,136,5-speed manual,Front Wheel Drive,13.1,177,6.6,4440,1699,1440,2540,1164
nissan,Nissan,Almera / Pulsar,Almera / Pulsar Sedan (2000),2000,2007,,1.8L 16V 4AT FWD (114 HP),Gasoline,4,1769,114,158,4-speed automatic,Front Wheel Drive,12.8,172,7.8,4440,1699,1440,2540,1135
nissan,Nissan,Almera / Pulsar,Almera / Pulsar Sedan (2000),2000,2007,,1.8L 16V 4AT FWD (116 HP),Gasoline,4,1769,116,163,4-speed automatic,Front Wheel Drive,12.5,175,7.8,4440,1699,1440,2540,1161
nissan,Nissan,Almera / Pulsar,Almera / Pulsar Sedan (2000),2000,2007,,1.8L 16V 5MT FWD (114 HP),Gasoline,4,1769,114,158,5-speed manual,Front Wheel Drive,11.1,185,7.5,4440,1699,1440,2540,1135
nissan,Nissan,Almera / Pulsar,Almera / Pulsar Sedan (2000),2000,2007,,1.8L 16V 5MT FWD (116 HP),Gasoline,4,1769,116,163,5-speed manual,Front Wheel Drive,10.8,187,7.6,4440,1699,1440,2540,1161
nissan,Nissan,Almera / Pulsar,Almera / Pulsar Sedan (2000),2000,2007,,1.5L dCi 5MT FWD (82 HP),Diesel,4,1461,82,184,5-speed manual,Front Wheel Drive,14.5,171,4.8,4440,1699,1440,2540,1163
nissan,Nissan,Almera / Pulsar,Almera / Pulsar Sedan (2000),2000,2007,,2.2L dCi 5MT FWD (112 HP),Diesel,4,2184,112,248,5-speed manual,Front Wheel Drive,11.4,187,5.9,4440,1699,1440,2540,1277
nissan,Nissan,Almera / Pulsar,Almera / Pulsar Sedan (2000),2000,2007,,2.2L DT 5MT FWD (110 HP),Diesel,4,2184,109,238,5-speed manual,Front Wheel Drive,12.3,185,5.9,4440,1699,1440,2540,1225
nissan,Nissan,Almera / Pulsar,Almera / Pulsar Sedan (1995),1995,2000,,1.4L 16V 5MT FWD (87 HP),Gasoline,4,1392,87,116,5-speed manual,Front Wheel Drive,12.6,172,6.6,4321,1689,1400,2540,1020
nissan,Nissan,Almera / Pulsar,Almera / Pulsar Sedan (1995),1995,2000,,1.6L 16V 4AT FWD (99 HP),Gasoline,4,1597,99,136,4-speed automatic,Front Wheel Drive,12.9,167,7.5,4321,1689,1400,2540,1085
nissan,Nissan,Almera / Pulsar,Almera / Pulsar Sedan (1995),1995,2000,,1.6L 16V 5MT FWD (99 HP),Gasoline,4,1597,99,136,5-speed manual,Front Wheel Drive,11,180,7.1,4321,1689,1400,2540,1055
nissan,Nissan,Almera / Pulsar,Almera / Pulsar Sedan (1995),1995,2000,,2.0L D 5MT FWD (75 HP),Diesel,4,1974,75,132,5-speed manual,Front Wheel Drive,16.8,156,5.9,4321,1689,1400,2540,1120
nissan,Nissan,Almera Tino,Almera Tino (2000),2000,2006,,1.8L 16V 5MT FWD (114 HP),Gasoline,4,1769,114,163,5-speed manual,Front Wheel Drive,12.7,173,7.8,4260,1760,1610,2540,1345
nissan,Nissan,Almera Tino,Almera Tino (2000),2000,2006,,2.0L 16V CVT FWD (136 HP),Gasoline,4,1998,136,175,CVT,Front Wheel Drive,12.6,180,9.3,4260,1760,1610,2540,1410
nissan,Nissan,Almera Tino,Almera Tino (2000),2000,2006,,2.2L Di 5MT FWD (114 HP),Diesel,4,2184,114,230,5-speed manual,Front Wheel Drive,12.5,180,6.4,4260,1760,1610,2540,1455
nissan,Nissan,Altima,Altima (2022),2022,,,2.0L Turbo CVT FWD (248 HP),Gasoline,4,1970,248,370,CVT Xtronic,Front Wheel Drive,,,8.1,4900,1852,1443,2824,1569
nissan,Nissan,Altima,Altima (2022),2022,,,2.5L CVT AWD (180 HP),Gasoline,4,2488,180,241,CVT Xtronic,All Wheel Drive,,,,4900,1852,1455,2824,
nissan,Nissan,Altima,Altima (2022),2022,,,2.5L CVT FWD (180 HP),Gasoline,4,2488,180,244,CVT Xtronic,Front Wheel Drive,,,7.4,4900,1852,1440,2824,
nissan,Nissan,Altima,Altima (2018),2018,2022,,2.0L VC-Turbo CVT Xtronic FWD (248 HP),Gasoline,4,1977,248,370,CVT Xtronic,Front Wheel Drive,,,8.1,4900,1852,1440,2824,1550
nissan,Nissan,Altima,Altima (2018),2018,2022,,2.5L CVT Xtronic AWD (188 HP),Gasoline,4,2488,188,180,CVT Xtronic,All Wheel Drive,,,7.6,4900,1852,1440,2824,1450
nissan,Nissan,Altima,Altima (2018),2018,2022,,2.5L CVT Xtronic AWD (188 HP),Gasoline,4,2488,188,180,CVT Xtronic,All Wheel Drive,,,9.4,4900,1852,1440,2824,1512
nissan,Nissan,Altima,Altima (2012),2012,2018,,2.5L CVT FWD (182 HP),Gasoline,4,2488,182,244,CVT,Front Wheel Drive,7.3,209,,4864,1829,1471,2776,1410
nissan,Nissan,Altima,Altima (2012),2012,2018,,3.5L V6 CVT FWD (270 HP),Gasoline,6,3498,271,251,CVT,Front Wheel Drive,5.7,235,,4864,1829,1476,2776,1495
nissan,Nissan,Altima,Altima (2012),2012,2013,,2.5l CVT (175 HP),Gasoline,4,,175,244,CVT,Front Wheel Drive,,,,4595,1796,1420,2675,1417
nissan,Nissan,Altima,Altima (2007),2007,2012,,2.5L 16V 6MT FWD (175 HP),Gasoline,4,2490,177,244,6-Speed manual,Front Wheel Drive,,,,4636,1796,1405,2675,1405
nissan,Nissan,Altima,Altima (2007),2007,2012,,2.5L 16V CVT FWD (175 HP),Gasoline,4,2490,177,244,CVT,Front Wheel Drive,,,,4636,1796,1405,2675,1417
nissan,Nissan,Altima,Altima (2007),2007,2012,,3.5L V6 6MT FWD (270 HP),Gasoline,6,3506,269,350,6-manual speed,Front Wheel Drive,,,,4636,1796,1405,2675,1494
nissan,Nissan,Altima,Altima (2007),2007,2012,,3.5L V6 CVT FWD (270 HP),Gasoline,6,3506,269,350,CVT,Front Wheel Drive,,,,4636,1796,1405,2675,1512
nissan,Nissan,Altima,Altima (2007),2007,2012,,2.5L 16V 6AT FWD (175 HP),Gasoline,4,2490,177,244,6-speed manual,Front Wheel Drive,,,,4821,1780,1471,2776,1418
nissan,Nissan,Altima,Altima (2007),2007,2012,,2.5L 16V CVT FWD (175 HP),Gasoline,4,2490,177,244,CVT (Xtronic),Front Wheel Drive,,,,4821,1780,1471,2776,1444
nissan,Nissan,Altima,Altima (2007),2007,2012,,3.5L V6 24V 6MT FWD (270 HP),Gasoline,6,3506,274,350,6-speed manual,Front Wheel Drive,,,,4821,1780,1471,2776,1494
nissan,Nissan,Altima,Altima (2007),2007,2012,,3.5L V6 24V CVT FWD (270 HP),Gasoline,6,3506,274,350,CVT (Xtronic),Front Wheel Drive,,,,4821,1780,1471,2776,1524
nissan,Nissan,Altima,Altima (2007),2007,2012,,2.5L CVT FWD (158 HP),Hybrid,4,2490,160,220,CVT (Xtronic),Front Wheel Drive,,,,4821,1780,1471,2776,1574
nissan,Nissan,Altima,Altima (2002),2002,2006,,2.5L 16V 4AT FWD (175 HP),Gasoline,4,2488,177,244,4-speed automatic,Front Wheel Drive,,175,,4884,1788,1471,2799,1385
nissan,Nissan,Altima,Altima (2002),2002,2006,,2.5L 16V 5MT FWD (175 HP),Gasoline,4,2488,177,244,5-speed manual,Front Wheel Drive,,180,,4884,1788,1471,2799,1379
nissan,Nissan,Altima,Altima (2002),2002,2006,,3.5L V6 4AT FWD (250 HP),Gasoline,6,3505,253,338,4-speed automatic,Front Wheel Drive,,,,4884,1788,1471,2799,1475
nissan,Nissan,Altima,Altima (2002),2002,2006,,3.5L V6 5MT FWD (250 HP),Gasoline,6,3505,253,338,5-speed manual,Front Wheel Drive,,,,4884,1788,1471,2799,1464
nissan,Nissan,Altima,Altima (2002),2002,2006,,3.5L V6 SE-R 5MT FWD (260 HP),Gasoline,6,3491,264,340,5-speed automatic,Front Wheel Drive,,,,4890,1788,1458,2799,1498
nissan,Nissan,Altima,Altima (2002),2002,2006,,3.5L V6 SE-R 6MT FWD (260 HP),Gasoline,6,3491,264,340,6-speed manual,Front Wheel Drive,,,,4890,1788,1458,2799,1487
nissan,Nissan,Altima,Altima (1998),1998,2002,,2.4L 16V 4AT FWD (154 HP),Gasoline,4,2398,154,209,4-speed automatic,Front Wheel Drive,9,180,,4661,1760,1420,2619,1325
nissan,Nissan,Altima,Altima (1998),1998,2002,,2.4L 16V 5MT FWD (154 HP),Gasoline,4,2398,154,209,5-manual speed,Front Wheel Drive,8.2,180,,4661,1760,1420,2619,1325
nissan,Nissan,Ariya,Ariya (2024),2024,,,66 KWh B6 e-4ORCE AWD,Electric,,,367,,,All Wheel Drive,,,,4651,1849,1656,2776,
nissan,Nissan,Ariya,Ariya (2024),2024,,,91 KWh B9 e-4ORCE AWD,Electric,,,435,,,All Wheel Drive,,,,4651,1849,1651,2776,
nissan,Nissan,Ariya,Ariya (2020),2020,,,63 KWh 2WD (218 HP),Electric,,,218,300,,Rear Wheel Drive,7.5,159,,4595,1849,1656,2776,
nissan,Nissan,Ariya,Ariya (2020),2020,,,63 KWh AWD (340 HP),Electric,,,340,560,,All Wheel Drive,5.4,200,,4595,1849,1656,2776,
nissan,Nissan,Ariya,Ariya (2020),2020,,,66 KWh (214 HP),Electric,,,214,,Single speed,Front Wheel Drive,,,,4595,1849,1656,2776,
nissan,Nissan,Ariya,Ariya (2020),2020,,,87 KWh 2WD (242 HP),Electric,,,242,300,,Rear Wheel Drive,7.6,159,,4595,1849,1656,2776,
nissan,Nissan,Ariya,Ariya (2020),2020,,,87 KWh AWD (394 HP),Electric,,,394,600,,All Wheel Drive,5.1,200,,4595,1849,1656,2776,
nissan,Nissan,Ariya,Ariya (2020),2020,,,91 KWH (238 HP),Electric,,,238,,Single speed,Front Wheel Drive,,,,4595,1849,1656,2776,
nissan,Nissan,Armada,Armada (2025),2025,,,3.5L V6 9AT AWD (466 HP),Gasoline,6,3492,466.4,700,9-speed automatic,All Wheel Drive,,,,5357,2350,1946,3076,2747
nissan,Nissan,Armada,Armada (2024),2024,,,3.5L V6 9AT AWD (431 HP),Gasoline,6,3492,431,700,9-speed automatic,All Wheel Drive,,,,5324,2116,1946,3076,2663
nissan,Nissan,Armada,Armada (2024),2024,,,3.5L V6 9AT RWD (431 HP),Gasoline,6,3492,430.9,700,9-speed automatic,Rear Wheel Drive,,,,5324,2116,1946,3076,2575
nissan,Nissan,Armada,Armada (2020),2020,2024,,5.6L V8 7AT (400 HP),Gasoline,8,5552,400,560,7-speed automatic,Rear Wheel Drive,,,14.7,5306,2029,1925,3076,
nissan,Nissan,Armada,Armada (2020),2020,2024,,5.6L V8 7AT AWD (400 HP),Gasoline,8,5552,400,560,7-speed automatic,All Wheel Drive,,,14.7,5306,2029,1925,3076,
nissan,Nissan,Armada,Armada (2016),2016,2020,,5.6L V8 7AT 4WD (390 HP),Gasoline,8,5600,395,544,7-speed automatic,All Wheel Drive,,,,5306,2029,1925,3076,
nissan,Nissan,Armada,Armada (2016),2016,2020,,5.6L V8 7AT RWD (390 HP),Gasoline,8,5600,395,544,7-speed automatic,Rear Wheel Drive,,,,5306,2029,1925,3076,
nissan,Nissan,Armada,Armada (2008),2008,2016,,5.6L V8 2WD 5AT (317 HP),Gasoline,8,5552,321,522,5-speed automatic,Rear Wheel Drive,,185,15.7,5276,2014,1961,3129,2350
nissan,Nissan,Armada,Armada (2008),2008,2016,,5.6L V8 4WD 5AT (317 HP),Gasoline,8,5552,321,500,5-speed automatic,All Wheel Drive,7.1,185,16.8,5276,2014,1961,3129,2405
nissan,Nissan,Armada,Armada (2003),2003,2008,,5.6L V8 5AT 4WD (305 HP),Gasoline,8,5552,309,522,5-speed automatic,All Wheel Drive,,,,5255,2002,1976,3129,2400
nissan,Nissan,Armada,Armada (2003),2003,2008,,5.6L V8 5AT RWD (305 HP),Gasoline,8,5552,309,522,5-speed automatic,Rear Wheel Drive,,,,5255,2002,1976,3129,2274
nissan,Nissan,Bluebird,Bluebird Hatchback (1986),1986,1990,,1.6L 5MT FWD (83 HP),Gasoline,4,1598,83,130,5-speed manual,Front Wheel Drive,14.5,166,8.4,4359,1689,1400,2550,1160
nissan,Nissan,Bluebird,Bluebird Hatchback (1986),1986,1990,,1.8L 4AT FWD (90 HP),Gasoline,4,1809,90,147,4-speed automatic,Front Wheel Drive,14,167,9.5,4359,1689,1400,2550,1185
nissan,Nissan,Bluebird,Bluebird Hatchback (1986),1986,1990,,1.8L 5MT FWD (90 HP),Gasoline,4,1809,90,147,5-speed manual,Front Wheel Drive,13,171,8.6,4359,1689,1400,2550,1165
nissan,Nissan,Bluebird,Bluebird Hatchback (1986),1986,1990,,1.8L Turbo 5MT FWD (135 HP),Gasoline,4,1809,135,191,5-speed manual,Front Wheel Drive,9.8,195,9.4,4359,1689,1400,2550,1220
nissan,Nissan,Bluebird,Bluebird Hatchback (1986),1986,1990,,2.0L 4AT FWD (105 HP),Gasoline,4,1973,105,162,4-speed automatic,Front Wheel Drive,12.5,171,10,4359,1689,1400,2550,1200
nissan,Nissan,Bluebird,Bluebird Hatchback (1986),1986,1990,,2.0L 4AT FWD (105 HP),Gasoline,4,1973,105,156,4-speed automatic,Front Wheel Drive,13.3,166,9.5,4359,1689,1400,2550,1260
nissan,Nissan,Bluebird,Bluebird Hatchback (1986),1986,1990,,2.0L 5MT FWD (105 HP),Gasoline,4,1973,105,156,5-speed manual,Front Wheel Drive,12.5,175,9,4359,1689,1400,2550,1240
nissan,Nissan,Bluebird,Bluebird Hatchback (1986),1986,1990,,2.0L 5MT FWD (105 HP),Gasoline,4,1973,105,162,5-speed manual,Front Wheel Drive,11.4,175,8.7,4359,1689,1400,2550,1170
nissan,Nissan,Bluebird,Bluebird Hatchback (1986),1986,1990,,2.0L D 5MT FWD (67 HP),Diesel,4,1938,67,127,5-speed manual,Front Wheel Drive,19.8,150,7.3,4359,1689,1400,2550,1270
nissan,Nissan,Bluebird,Bluebird Sedan (1986),1986,1990,,1.6L 5MT FWD (83 HP),Gasoline,4,1598,83,130,5-speed manual,Front Wheel Drive,14.5,165,8.2,4399,1689,1400,2550,1100
nissan,Nissan,Bluebird,Bluebird Sedan (1986),1986,1990,,1.8L 5MT FWD (90 HP),Gasoline,4,1809,90,147,5-speed manual,Front Wheel Drive,13,171,8.6,4399,1689,1400,2550,1160
nissan,Nissan,Bluebird,Bluebird Sedan (1986),1986,1990,,1.8L Turbo 5MT FWD (135 HP),Gasoline,4,1809,135,191,5-speed manual,Front Wheel Drive,9.8,195,8.7,4399,1689,1400,2550,1220
nissan,Nissan,Bluebird,Bluebird Sedan (1986),1986,1990,,2.0L 4AT FWD (105 HP),Gasoline,4,1973,105,160,4-speed automatic,Front Wheel Drive,12.5,470,9.6,4399,1689,1400,2550,1190
nissan,Nissan,Bluebird,Bluebird Sedan (1986),1986,1990,,2.0L 4AT FWD (105 HP),Gasoline,4,1960,105,156,4-speed automatic,Front Wheel Drive,13.3,166,9.1,4399,1689,1400,2550,1220
nissan,Nissan,Bluebird,Bluebird Sedan (1986),1986,1990,,2.0L 5MT FWD (105 HP),Gasoline,4,1960,105,156,5-speed manual,Front Wheel Drive,12.5,175,9,4399,1689,1400,2550,1170
nissan,Nissan,Bluebird,Bluebird Sedan (1986),1986,1990,,2.0L 5MT FWD (105 HP),Gasoline,4,1973,105,160,5-speed manual,Front Wheel Drive,11.4,180,8.8,4399,1689,1400,2550,1180
nissan,Nissan,Bluebird,Bluebird Sedan (1986),1986,1990,,2.0L D 5MT FWD (67 HP),Diesel,4,1938,67,127,5-speed manual,Front Wheel Drive,19.8,145,7.2,4399,1689,1400,2550,1240
nissan,Nissan,Bluebird Traveller,Bluebird Traveller (1986),1986,1990,,2.0i 5MT FWD (105 HP),Gasoline,4,1973,105,156,5-Speed manual,Front Wheel Drive,11.8,170,9.3,4440,1689,1420,2550,1200
nissan,Nissan,Bluebird Traveller,Bluebird Traveller (1986),1986,1990,,2.0L 5MT FWD (102 HP),Gasoline,4,1973,102,160,5-Speed manual,Front Wheel Drive,11.8,175,8.8,4440,1689,1420,2550,1190
nissan,Nissan,Bluebird Traveller,Bluebird Traveller (1986),1986,1990,,2.0L D 5MT FWD (67 HP),Diesel,4,1952,67,127,5-Speed manual,Front Wheel Drive,19.8,146,7.3,4440,1689,1420,2550,1250
nissan,Nissan,Cube,Cube (2008),2008,2019,,1.5L CVT AWD (109 HP),Gasoline,4,1498,109,148,CVT,All Wheel Drive,13.3,171,6.4,3980,1694,1669,2530,1250
nissan,Nissan,Cube,Cube (2008),2008,2019,,1.5L CVT FWD (109 HP),Gasoline,4,1498,109,148,CVT,Front Wheel Drive,12.6,171,5.8,3980,1694,1669,2530,1210
nissan,Nissan,Cube,Cube (2008),2008,2019,,1.5L CVT FWD (116 HP),Gasoline,4,1498,116,156,CVT,Front Wheel Drive,10,171,6,3980,1694,1669,2530,1200
nissan,Nissan,Cube,Cube (2008),2008,2019,,1.6L 5MT FWD (110 HP),Gasoline,4,1598,110,153,5-speed manual,Front Wheel Drive,11.3,175,6.6,3980,1694,1669,2530,1090
nissan,Nissan,Cube,Cube (2008),2008,2019,,1.6L CVT FWD (110 HP),Gasoline,4,1598,110,153,CVT,Front Wheel Drive,12.4,171,6.6,3980,1694,1669,2530,1150
nissan,Nissan,Elgrand,Elgrand (2025),2025,,,1.5L AWD,Hybrid Gasoline,3,1498,,,,All Wheel Drive,,,,,,,,
nissan,Nissan,Grand Livina,Grand Livina (2006),2006,2013,,1.6L 4AT FWD (105 HP),Gasoline,4,1598,105,150,4-speed automatic,Front Wheel Drive,,,,4486,1699,1590,2601,1245
nissan,Nissan,Grand Livina,Grand Livina (2006),2006,2013,,1.6L 5MT FWD (105 HP),Gasoline,4,1598,105,150,5-manual speed,Front Wheel Drive,,,,4486,1699,1590,2601,1220
nissan,Nissan,Grand Livina,Grand Livina (2006),2006,2013,,1.8L 4AT FWD (126 HP),Gasoline,4,1798,126,174,4-speed automatic,Front Wheel Drive,,,,4486,1699,1590,2601,1280
nissan,Nissan,GT-R,GT-R (2023),2023,,,3.8L V6 6AT 4WD (570 HP),Gasoline,6,3799,573,633,6-automatic speed GR6 dual clutch,All Wheel Drive,,,,4709,1895,1369,2779,1785
nissan,Nissan,GT-R,GT-R (2016),2016,2022,,3.8L V6 6AT AWD (565 HP),Gasoline,6,3799,572.8,633,6-speed automatic,All Wheel Drive,3.4,320,16.9,4689,1895,1369,2779,1740
nissan,Nissan,GT-R,GT-R (2011),2011,2016,,3.8L V6 6AT AWD (530 HP),Gasoline,6,3799,529.9,612,6-speed automatic,All Wheel Drive,2.9,315,12,4671,1895,1369,2779,1740
nissan,Nissan,GT-R,GT-R (2011),2011,2016,,3.8L V6 6AT AWD (550 HP),Gasoline,6,3799,550,632,6-speed automatic,All Wheel Drive,2.84,315,8.7,4671,1895,1369,2779,1740
nissan,Nissan,GT-R,GT-R (2007),2007,2011,,3.8L V6 TT 6AT (480 HP),Gasoline,6,3799,480,588,6-speed automatic,All Wheel Drive,3.9,311,12.7,4656,1895,1369,2779,1730
nissan,Nissan,GT-R,GT-R (2007),2007,2011,,3.8L V6 TT 6AT (485 HP),Gasoline,6,3799,485,588,"Sequential, 6 Speed",All Wheel Drive,3.5,311,10.3,4656,1895,1369,2779,1740
nissan,Nissan,GT-R,GT-R (1999),1999,2002,,2.6 TT 6MT (280 HP),Gasoline,6,2568,280,397,6-speed manual (Getrag 233),All Wheel Drive,4.9,249,12.3,4600,1786,1359,2664,1540
nissan,Nissan,GT-R,GT-R (1999),1999,2002,,2.6L TT 6MT AWD (280 HP),Gasoline,6,2568,280,397,6-speed manual (Getrag 233),All Wheel Drive,4.9,249,12.3,4600,1786,1359,2664,1560
nissan,Nissan,GT-R,GT-R (1995),1995,1998,,2.6L TT 5MT AWD (280 HP),Gasoline,6,2568,280,367,5-speed manual,All Wheel Drive,4.9,249,8.1,4676,1781,1359,2720,1530
nissan,Nissan,GT-R,GT-R (1995),1995,1998,,2.6L TT 5MT AWD (280 HP),Gasoline,6,2568,280,367,5-speed manual,All Wheel Drive,4.9,,8.3,4676,1781,1359,2720,1540
nissan,Nissan,GT-R,GT-R (1993),1993,1994,,2.6L TT 5MT AWD (280 HP),Gasoline,6,2568,280,361,5-speed manual,All Wheel Drive,4.7,249,8.3,4544,1755,1354,2616,1500
nissan,Nissan,GT-R,GT-R (1989),1989,1994,,2.6L TT 5MT AWD (280 HP),Gasoline,6,2568,280,361,5-speed manual,All Wheel Drive,4.7,249,9.8,4544,1755,1341,2616,1480
nissan,Nissan,GT-R,GT-R (1972),1972,1973,,S20 5MT RWD (160 HP),Gasoline,6,1989,160,178,5-speed manual,Rear Wheel Drive,8.8,195,11.6,4460,1694,1379,2611,1145
nissan,Nissan,GT-R,GT-R (1971),1971,1972,,S20 5MT RWD (160 HP),Gasoline,6,1989,160,180,5-speed manual,Rear Wheel Drive,8.3,200,11.6,4331,1666,1372,2570,1100
nissan,Nissan,GT-R,GT-R (1969),1969,1972,,S20 5MT RWD (160 HP),Gasoline,6,1989,160,178,5-speed manual,Rear Wheel Drive,8.3,201,11.7,4399,1666,1372,2639,1120
nissan,Nissan,GT-R Nismo,GT-R Nismo (2023),2023,,,3.8L V6 6AT 4WD (600 HP),Gasoline,6,3799,600,652,6-speed manual GR6 dual clutch,All Wheel Drive,,,13.1,4699,1895,1369,2779,1754
nissan,Nissan,GT-R Nismo,GT-R Nismo (2019),2019,2022,,3.8L V6 6AT AWD (600 HP),Gasoline,6,3799,600,652,6-speed automatic,All Wheel Drive,,,,4689,1895,1369,2779,
nissan,Nissan,GT-R Nismo,GT-R Nismo (2014),2014,2016,,3.8L V6 6AT AWD (600 HP),Gasoline,6,3799,600,652,6-speed automatic,All Wheel Drive,,,,4669,1895,1369,2779,1747
nissan,Nissan,Juke,Juke (2019),2019,,,1.0L 6MT FWD (117 HP),Gasoline,3,999,117,180,6-Speed manual,Front Wheel Drive,10.4,180,,4209,1801,1595,2637,1192
nissan,Nissan,Juke,Juke (2019),2019,,,1.0L 7AT FWD (117 HP),Gasoline,3,999,117,180,6-Speed manual,Front Wheel Drive,11.1,180,,4209,1801,1595,2637,1210
nissan,Nissan,Juke,Juke (2019),2019,,,1.0L DIG-T 6MT FWD (114 HP),Gasoline,3,999,114,200,6-Speed manual,Front Wheel Drive,10.7,180,5,4209,1801,1595,2637,
nissan,Nissan,Juke,Juke (2019),2019,,,1.0L DIG-T 7AT FWD (114 HP),Gasoline,3,999,114,200,7-speed automatic DCT,Front Wheel Drive,11.8,180,5,4209,1801,1595,2637,
nissan,Nissan,Juke,Juke (2010),2010,2019,,1.6i CVT 5AT FWD (117 HP),Gasoline,4,1598,117,157,5-speed automatic (CVT),Front Wheel Drive,11.5,171,6.3,4135,1765,1570,2530,1255
nissan,Nissan,Juke,Juke (2010),2010,2019,,1.6i FWD 5MT FWD (117 HP),Gasoline,4,1598,117,157,5-speed manual,Front Wheel Drive,11,179,6,4135,1765,1570,2530,1215
nissan,Nissan,Juke,Juke (2010),2010,2019,,1.6i FWD 5MT FWD (94 HP),Gasoline,4,1598,94,140,5-speed manual,Front Wheel Drive,12,167,6,4135,1765,1570,2530,1195
nissan,Nissan,Juke,Juke (2010),2010,2019,,1.6i Turbo 6MT FWD (190 HP),Gasoline,4,1618,190,240,6-speed manual,Front Wheel Drive,8,216,6.9,4135,1765,1570,2530,1325
nissan,Nissan,Juke,Juke (2010),2010,2019,,1.6i Turbo CVT 6AT AWD (190 HP),Gasoline,4,1618,190,240,6-speed automatic (CVT),All Wheel Drive,8.4,200,7.6,4135,1765,1570,2530,1455
nissan,Nissan,Juke,Juke (2010),2010,2019,,1.5L dCi 6MT FWD (110 HP),Diesel,4,1461,110,240,6-speed manual,Front Wheel Drive,11.2,175,4.9,4135,1765,1570,2530,1320
nissan,Nissan,Juke,Juke (2010),2010,2019,,1.5L dCi 6MT FWD (110 HP) II,Diesel,4,1461,110,260,6-speed manual,Front Wheel Drive,11.2,175,4.9,4135,1765,1570,2530,1320
nissan,Nissan,Juke EV,Juke EV (2026),2026,,,52 KWh,Electric,,,,,,,,,,,,,,
nissan,Nissan,Juke EV,Juke EV (2026),2026,,,75 KWh,Electric,,,,,,,,,,,,,,
nissan,Nissan,Juke Nismo,Juke Nismo (2013),2013,2017,,1.6L Turbo AWD CVT (200 HP),Gasoline,4,1618,200,250,CVT (Xtronic),All Wheel Drive,8.2,200,7.6,4166,1770,1565,2530,1355
nissan,Nissan,Juke Nismo,Juke Nismo (2013),2013,2017,,1.6L Turbo FWD 6MT (200 HP),Gasoline,4,1618,200,250,6-speed manual,Front Wheel Drive,8.2,200,6.9,4166,1770,1565,2530,1225
nissan,Nissan,Juke Nismo,Juke Nismo (2013),2013,2017,,RS 1.6L Turbo AWD CVT (218 HP),Gasoline,4,1618,214,250,CVT (Xtronic),All Wheel Drive,8,200,7.3,4166,1770,1565,2530,1469
nissan,Nissan,Juke Nismo,Juke Nismo (2013),2013,2017,,RS 1.6L Turbo FWD 6MT (218 HP),Gasoline,4,1618,218,280,6-speed manual,Front Wheel Drive,7,220,7,4166,1770,1565,2530,1225
nissan,Nissan,Kicks,Kicks (2024),2024,,,2.0L Xtronic AWD (143 HP),Gasoline,4,1997,143,190,Xtronic,All Wheel Drive,,,7.8,4366,1801,1631,2664,
nissan,Nissan,Kicks,Kicks (2024),2024,,,2.0L Xtronic FWD (143 HP),Gasoline,4,1997,143,190,Xtronic,Front Wheel Drive,,,7.6,4366,1801,1631,2657,
nissan,Nissan,Kicks,Kicks (2020),2020,2024,,1.6L CVT Xtronic (122 HP),Gasoline,4,1598,122,114,CVT Xtronic,Front Wheel Drive,,,7.1,4295,1760,1608,2619,
nissan,Nissan,Kicks,Kicks (2016),2016,2020,,1.6L CVT FWD (118 HP),Gasoline,4,1598,120,149,CVT (Xtronic),Front Wheel Drive,11.5,,7.1,4295,1760,1585,2619,1116
nissan,Nissan,Kicks,Kicks (2016),2016,2020,,1.6L CVT FWD (125 HP),Gasoline,4,1598,126.7,156,CVT (Xtronic),Front Wheel Drive,,,7.1,4295,1760,1585,2619,1116
nissan,Nissan,Leaf,Leaf (2025),2025,,,52 KWh FWD (177 HP),Electric,,,177,,1-speed automatic,Front Wheel Drive,,159,,4404,1811,1557,2690,1794
nissan,Nissan,Leaf,Leaf (2025),2025,,,75 KWh FWD (218 HP),Electric,,,218,,1-speed automatic,Front Wheel Drive,,159,,4404,1811,1557,2690,
nissan,Nissan,Leaf,Leaf (2022),2022,2025,,40 KWh FWD (150 HP),Electric,,,150,,1-speed automatic,Front Wheel Drive,7.9,143,,4491,1788,1529,2700,1505
nissan,Nissan,Leaf,Leaf (2022),2022,2025,,e+ 62 KWh FWD (217 HP),Electric,,,217,,1-speed automatic,Front Wheel Drive,7.3,158,,4491,1788,1529,2700,1731
nissan,Nissan,Leaf,Leaf (2017),2017,2022,,40 Kw (150 HP),Electric,,,150,320,Single speed,Front Wheel Drive,7.9,143,,4481,1791,1560,2700,1557
nissan,Nissan,Leaf,Leaf (2017),2017,2022,,e+ 62 Kw (218 HP),Electric,,,218,340,Single speed,Front Wheel Drive,6.9,158,,4481,1791,1560,2700,1670
nissan,Nissan,Leaf,Leaf (2010),2010,2017,,24 kW FWD (109 HP),Electric,,,109,254,Single gear,Front Wheel Drive,11.9,145,,4445,1770,1549,2690,1567
nissan,Nissan,Leaf,Leaf (2010),2010,2017,,30 kWh FWD (109 HP),Electric,,,109,254,Single gear,Front Wheel Drive,11.5,145,,4445,1770,1549,2690,1591
nissan,Nissan,Liberty,Liberty (1999),1999,2004,,2.0i 16V GT4 4AT AWD (230 Hp),Gasoline,4,1998,230,275,4-Speed automatic,All Wheel Drive,,,,4575,1694,1631,2690,1630
nissan,Nissan,Liberty,Liberty (1999),1999,2004,,2.0L CVT FWD (146 HP),Gasoline,4,1998,146,198,CVT,Front Wheel Drive,,180,6.8,4575,1694,1631,2690,1480
nissan,Nissan,Maxima,Maxima (2018),2018,2023,,3.5L V6 FWD (300 HP),Gasoline,6,3498,300,354,CVT Xtronic,Front Wheel Drive,,,9.8,4897,1859,1435,2776,
nissan,Nissan,Maxima,Maxima (2016),2016,2018,,3.5L V6 CVT FWD (300 HP),Gasoline,6,3498,305,354,CVT (Xtronic),Front Wheel Drive,,,9.4,4897,1859,1435,2776,1574
nissan,Nissan,Maxima,Maxima (2009),2009,2016,,3.5L V6 CVT FWD (290 HP),Gasoline,6,3498,290,354,CVT,Front Wheel Drive,6.3,225,10.7,4841,1859,1468,2776,1611
nissan,Nissan,Maxima,Maxima (2004),2004,2009,,3.5L V6 5AT FWD (265 HP),Gasoline,6,3498,268,346,5-speed automatic,Front Wheel Drive,,220,,4915,1821,1481,2824,1581
nissan,Nissan,Maxima,Maxima (2004),2004,2009,,3.5L V6 6MT FWD (265 HP),Gasoline,6,3498,268,346,6-Speed manual,Front Wheel Drive,,220,,4915,1821,1481,2824,1610
nissan,Nissan,Maxima,Maxima (2000),2000,2004,,2.0L V6 4AT FWD (140 HP),Gasoline,6,1997,140,179,4-speed automatic,Front Wheel Drive,14.1,183,9.7,4920,1781,1440,2751,1490
nissan,Nissan,Maxima,Maxima (2000),2000,2004,,2.0L V6 5MT FWD (140 HP),Gasoline,6,1997,140,179,5-Speed manual,Front Wheel Drive,11.3,203,9.2,4920,1781,1440,2751,1415
nissan,Nissan,Maxima,Maxima (2000),2000,2004,,2.5L V6 24V 4AT FWD (209 HP),Gasoline,6,2496,209,265,4-speed automatic,Front Wheel Drive,9.6,209,,4920,1780,1440,2751,1430
nissan,Nissan,Maxima,Maxima (2000),2000,2004,,3.0L V6 4AT FWD (200 HP),Gasoline,6,2988,200,271,4-speed automatic,Front Wheel Drive,9.6,212,10.5,4920,1780,1440,2751,1500
nissan,Nissan,Maxima,Maxima (2000),2000,2004,,3.0L V6 5MT FWD (200 HP),Gasoline,6,2988,200,271,5-Speed manual,Front Wheel Drive,8.2,230,9.5,4920,1780,1440,2751,1425
nissan,Nissan,Maxima,Maxima (2000),2000,2004,,3.5L V6 4AT FWD (255 HP),Gasoline,6,,255,333,4-Speed automatic,Front Wheel Drive,8.2,230,,4920,1780,1440,2751,1425
nissan,Nissan,Maxima,Maxima (2000),2000,2004,,3.5L V6 5MT FWD (255 HP),Gasoline,6,,255,333,6-Speed manual,Front Wheel Drive,8.2,230,,4920,1780,1440,2751,1460
nissan,Nissan,Maxima,Maxima (1995),1995,2000,,2.0L 5MT FWD (90 HP),Gasoline,4,1974,90,177,5-speed manual,Front Wheel Drive,11.3,201,,4770,1770,1420,2700,1310
nissan,Nissan,Maxima,Maxima (1995),1995,2000,,2.0L V6 4AT FWD (140 HP),Gasoline,6,1997,140,177,4-speed automatic,Front Wheel Drive,14.1,183,,4770,1770,1420,2700,1431
nissan,Nissan,Maxima,Maxima (1995),1995,2000,,2.0L V6 5MT FWD (140 HP),Gasoline,6,1997,140,177,5-Speed manual,Front Wheel Drive,11.3,200,9.9,4770,1770,1420,2700,1350
nissan,Nissan,Maxima,Maxima (1995),1995,2000,,3.0L V6 4AT FWD (193 HP),Gasoline,6,2988,193,255,4-speed automatic,Front Wheel Drive,9.6,209,9.4,4770,1770,1420,2700,1468
nissan,Nissan,Maxima,Maxima (1995),1995,2000,,3.0L V6 5MT FWD (193 HP),Gasoline,6,2988,193,255,5-Speed manual,Front Wheel Drive,8.3,230,10.3,4770,1770,1420,2700,1365
nissan,Nissan,Maxima,Maxima (1989),1989,1995,,3.0L V6 4AT FWD (170 HP),Gasoline,6,2960,170,248,4-speed automatic,Front Wheel Drive,8.7,220,9.8,4780,1760,1400,2649,1374
nissan,Nissan,Maxima,Maxima (1989),1989,1995,,3.0L V6 5MT FWD (170 HP),Gasoline,6,2960,170,248,5-Speed manual,Front Wheel Drive,8.7,220,9.8,4780,1760,1400,2649,1380
nissan,Nissan,Micra,Micra 5 Doors (2025),2025,,,40 KWh FWD (122 HP),Electric,,,122,,1-speed automatic,Front Wheel Drive,,,,,,,2540,1400
nissan,Nissan,Micra,Micra 5 Doors (2025),2025,,,52 KWh FWD (150 HP),Electric,,,150,,1-speed automatic,Front Wheel Drive,,,,,,,2540,1524
nissan,Nissan,Micra,Micra 5 Doors (2017),2017,2020,,0.9L IG-T 5MT (90 HP),Gasoline,3,898,90,140,5-speed manual,Front Wheel Drive,12.1,175,4.4,3998,1735,1455,2525,1053
nissan,Nissan,Micra,Micra 5 Doors (2017),2017,2020,,1.0L 5MT (71 HP),Gasoline,3,998,71,95,5-speed manual,Front Wheel Drive,15.1,161,4.6,3998,1735,1455,2525,997
nissan,Nissan,Micra,Micra 5 Doors (2017),2017,2020,,1.0L DIG-T 6MT (117 HP),Gasoline,3,999,171,180,5-speed manual,Front Wheel Drive,11.9,179,3.2,3998,1735,1455,2525,1140
nissan,Nissan,Micra,Micra 5 Doors (2017),2017,2020,,1.5L dCi 5MT (90 HP),Diesel,4,1461,90,220,6-speed manual,Front Wheel Drive,9.9,195,5,3998,1735,1455,2525,
nissan,Nissan,Micra,Micra 5 Doors (2013),2013,2017,,1.2L 5MT (80 HP),Gasoline,3,1198,80,110,5-speed manual,Front Wheel Drive,13.7,171,5,3825,1666,1509,2451,1001
nissan,Nissan,Micra,Micra 5 Doors (2013),2013,2017,,1.2L CVT (80 HP),Gasoline,3,1198,80,110,CVT,Front Wheel Drive,14.5,161,5.4,3825,1666,1509,2451,1020
nissan,Nissan,Micra,Micra 5 Doors (2013),2013,2017,,1.2L DIG-S 5MT (98 HP),Gasoline,3,1198,98,146,5-speed manual,Front Wheel Drive,11.3,180,4.1,3825,1666,1509,2451,1030
nissan,Nissan,Micra,Micra 5 Doors (2013),2013,2017,,1.2L DIG-S CVT (98 HP),Gasoline,3,1198,98,146,CVT,Front Wheel Drive,11.8,175,5,3825,1666,1509,2451,1082
nissan,Nissan,Micra,Micra 5 Doors (2010),2010,2013,,1.2L 5MT FWD (80 HP),Gasoline,3,1198,80,108,5-speed manual,Front Wheel Drive,13.7,171,5,3780,1664,1529,2451,910
nissan,Nissan,Micra,Micra 5 Doors (2010),2010,2013,,1.2L DIG-S 5MT FWD (98 HP),Gasoline,3,1198,98,142,5-speed manual,Front Wheel Drive,11.3,180,4.1,3780,1664,1529,2451,980
nissan,Nissan,Micra,Micra 5 Doors (2010),2010,2013,,1.2L DIG-S CVT FWD (98 HP),Gasoline,3,1198,98,142,CVT,Front Wheel Drive,11.9,179,5,3780,1664,1529,2451,1040
nissan,Nissan,Micra,Micra 5 Doors (2007),2007,2010,,1.2L 5MT FWD (80 HP),Gasoline,4,1240,80,110,5-speed manual,Front Wheel Drive,13.9,167,5.9,3719,1661,1539,2431,932
nissan,Nissan,Micra,Micra 5 Doors (2007),2007,2010,,1.2L CVT FWD (80 HP),Gasoline,4,1240,80,110,CVT,Front Wheel Drive,17.9,145,6.6,3719,1661,1539,2431,974
nissan,Nissan,Micra,Micra 5 Doors (2007),2007,2010,,1.4L 5MT FWD (88 HP),Gasoline,4,1386,88,128,5-speed manual,Front Wheel Drive,11.9,172,6.3,3719,1661,1539,2431,960
nissan,Nissan,Micra,Micra 5 Doors (2007),2007,2010,,1.4L CVT FWD (88 HP),Gasoline,4,1386,88,128,CVT,Front Wheel Drive,15,158,6.8,3719,1661,1539,2431,980
nissan,Nissan,Micra,Micra 5 Doors (2007),2007,2010,,1.6L 5MT FWD (110 HP),Gasoline,4,1598,110,152,5-speed manual,Front Wheel Drive,9.8,183,6.6,3719,1661,1539,2431,999
nissan,Nissan,Micra,Micra 5 Doors (2007),2007,2010,,1.5L dCi 5MT FWD (86 HP),Diesel,4,1461,86,200,5-speed manual,Front Wheel Drive,11.9,171,4.7,3719,1661,1539,2431,1036
nissan,Nissan,Micra,Micra 5 Doors (2005),2005,2007,,1.2L 16V 5MT FWD (65 HP),Gasoline,4,1240,65,110,5-speed manual,Front Wheel Drive,16.3,154,5.9,3719,1659,1539,2431,957
nissan,Nissan,Micra,Micra 5 Doors (2005),2005,2007,,1.2L 16V 5MT FWD (80 HP),Gasoline,4,1240,80,110,5-speed manual,Front Wheel Drive,13.9,167,5.9,3719,1659,1539,2431,957
nissan,Nissan,Micra,Micra 5 Doors (2005),2005,2007,,1.4L 16V 5MT FWD (88 HP),Gasoline,4,1386,88,128,5-Speed manual,Front Wheel Drive,11.9,172,6.3,3719,1659,1539,2431,985
nissan,Nissan,Micra,Micra 5 Doors (2005),2005,2007,,1.6L 16V 5MT FWD (110 HP),Gasoline,4,1598,110,153,5-Speed manual,Front Wheel Drive,9.8,183,6.6,3719,1659,1539,2431,1024
nissan,Nissan,Micra,Micra 5 Doors (2005),2005,2007,,1.5L dCi 5MT FWD (65 HP),Diesel,4,1461,65,160,5-speed manual,Front Wheel Drive,15.9,155,4.6,3719,1659,1539,2431,991
nissan,Nissan,Micra,Micra 5 Doors (2005),2005,2007,,1.5L dCi 5MT FWD (82 HP),Diesel,4,1461,82,185,5-speed manual,Front Wheel Drive,12.9,169,4.5,3719,1659,1539,2431,991
nissan,Nissan,Micra,Micra 5 Doors (2003),2003,2005,,1.2L 16V FWD (65 HP),Gasoline,4,1240,65,110,"Manual, 5 Speed",Front Wheel Drive,16.3,154,5.9,3719,1659,1539,2431,955
nissan,Nissan,Micra,Micra 5 Doors (2003),2003,2005,,1.2L 16V FWD (80 HP),Gasoline,4,1240,80,110,"Manual, 5 Speed",Front Wheel Drive,13.9,167,5.9,3719,1659,1539,2431,955
nissan,Nissan,Micra,Micra 5 Doors (2003),2003,2005,,1.4L 16V 5MT FWD (88 HP),Gasoline,4,1386,88,127,5-Speed manual,Front Wheel Drive,11.9,172,6.3,3719,1659,1539,2431,965
nissan,Nissan,Micra,Micra 5 Doors (2003),2003,2005,,1.5L dCi FWD (65 HP),Diesel,4,1461,65,160,"Manual, 5 Speed",Front Wheel Drive,17,154,4.6,3719,1659,1539,2431,1005
nissan,Nissan,Micra,Micra 5 Doors (2003),2003,2005,,1.5L dCi FWD (82 HP),Diesel,4,1461,82,185,"Manual, 5 Speed",Front Wheel Drive,12.9,170,4.5,3719,1659,1539,2431,1010
nissan,Nissan,Micra,Micra 5 Doors (2000),2000,2003,,1.0L 16V 5MT FWD (60 HP),Gasoline,4,998,60,80,5-Speed manual,Front Wheel Drive,15.5,150,6,3749,1600,1440,2360,820
nissan,Nissan,Micra,Micra 5 Doors (2000),2000,2003,,1.0L 16V CVT FWD (60 HP),Gasoline,4,998,60,80,CVT,Front Wheel Drive,18,146,,3749,1600,1440,2360,835
nissan,Nissan,Micra,Micra 5 Doors (2000),2000,2003,,1.4L 16V 5MT FWD (82 HP),Gasoline,4,1348,82,108,5-Speed manual,Front Wheel Drive,11.9,170,6.1,3749,1600,1440,2360,845
nissan,Nissan,Micra,Micra 5 Doors (2000),2000,2003,,1.5L D 5MT FWD (58 HP),Diesel,4,1527,57,95,5-Speed manual,Front Wheel Drive,18.7,146,5.2,3749,1600,1440,2360,885
nissan,Nissan,Micra,Micra 5 Doors (1998),1998,2000,,1.0L 16V 5MT FWD (55 HP),Gasoline,4,998,54,79,5-Speed manual,Front Wheel Drive,16.4,150,6,3719,1580,1440,2360,915
nissan,Nissan,Micra,Micra 5 Doors (1998),1998,2000,,1.3L 16V 5MT FWD (75 HP),Gasoline,4,1275,75,103,5-Speed manual,Front Wheel Drive,12,170,6.6,3719,1580,1440,2360,940
nissan,Nissan,Micra,Micra 5 Doors (1998),1998,2000,,1.5L D 5MT FWD (58 HP),Diesel,4,1527,57,95,5-Speed manual,Front Wheel Drive,18.7,146,5.2,3719,1580,1440,2360,960
nissan,Nissan,Micra,Micra 5 Doors (1992),1992,1998,,1.0L 5MT FWD (55 HP),Gasoline,4,998,54,79,5-Speed manual,Front Wheel Drive,16.4,150,5.8,3701,1580,1430,2360,800
nissan,Nissan,Micra,Micra 5 Doors (1992),1992,1998,,1.0L CVT FWD (55 HP),Gasoline,4,998,54,79,CVT,Front Wheel Drive,19.7,145,6.1,3701,1580,1430,2360,775
nissan,Nissan,Micra,Micra 5 Doors (1992),1992,1998,,1.3L 5MT FWD (75 HP),Gasoline,4,1275,75,103,5-Speed manual,Front Wheel Drive,12,171,6.1,3701,1580,1430,2360,820
nissan,Nissan,Micra,Micra 5 Doors (1992),1992,1998,,1.3L CVT FWD (75 HP),Gasoline,4,1275,75,103,CVT,Front Wheel Drive,13.7,166,6,3701,1580,1430,2360,825
nissan,Nissan,Micra,Micra 5 Doors (1989),1989,1992,,1.0L 4MT FWD (50 HP),Gasoline,4,988,50,72,4-Speed manual,Front Wheel Drive,16.8,140,6,3739,1560,1400,2299,695
nissan,Nissan,Micra,Micra 5 Doors (1989),1989,1992,,1.2L 5MT FWD (54 HP),Gasoline,4,1235,54,93,5-Speed manual,Front Wheel Drive,14.9,150,6.8,3739,1560,1400,2299,740
nissan,Nissan,Micra,Micra 3 Doors (2005),2005,2007,,1.2L 16V 5MT FWD (65 HP),Gasoline,4,1240,65,110,5-Speed manual,Front Wheel Drive,16.3,154,5.9,3719,1659,1539,2431,946
nissan,Nissan,Micra,Micra 3 Doors (2005),2005,2007,,1.2L 16V 5MT FWD (80 HP),Gasoline,4,1240,80,110,5-speed manual,Front Wheel Drive,13.9,167,5.9,3719,1659,1539,2431,946
nissan,Nissan,Micra,Micra 3 Doors (2005),2005,2007,,1.4L 16V 5MT FWD (88 HP),Gasoline,4,1386,88,128,5-Speed manual,Front Wheel Drive,11.9,172,6.3,3719,1659,1539,2431,960
nissan,Nissan,Micra,Micra 3 Doors (2005),2005,2007,,1.6L 16V 5MT FWD (110 HP),Gasoline,4,1598,110,153,5-Speed manual,Front Wheel Drive,9.8,183,6.6,3719,1659,1539,2431,1017
nissan,Nissan,Micra,Micra 3 Doors (2005),2005,2007,,1.5L dCi 5MT FWD (65 HP),Diesel,4,1461,65,160,5-Speed manual,Front Wheel Drive,15.9,155,4.6,3719,1659,1539,2431,978
nissan,Nissan,Micra,Micra 3 Doors (2005),2005,2007,,1.5L dCi 5MT FWD (82 HP),Diesel,4,1461,82,185,5-speed manual,Front Wheel Drive,12.9,169,4.5,3719,1659,1539,2431,978
nissan,Nissan,Micra,Micra 3 Doors (2005),2005,2007,,1.6L SR 5MT FWD (110 HP),Diesel,4,1459,110,185,5-Speed manual,Front Wheel Drive,12.9,169,4.5,3719,1659,1539,2431,978
nissan,Nissan,Micra,Micra 3 Doors (2003),2003,2005,,1.0L 16V 5MT FWD (65 HP),Gasoline,4,998,65,89,5-Speed manual,Front Wheel Drive,15.7,154,5.8,3719,1659,1539,2431,915
nissan,Nissan,Micra,Micra 3 Doors (2003),2003,2005,,1.2L 16V 5MT FWD (65 HP),Gasoline,4,1240,65,110,5-Speed manual,Front Wheel Drive,16.3,154,5.9,3719,1659,1539,2431,940
nissan,Nissan,Micra,Micra 3 Doors (2003),2003,2005,,1.2L 16V 5MT FWD (80 HP),Gasoline,4,1240,80,110,"Manual, 5 Speed",Front Wheel Drive,13.9,167,5.9,3719,1659,1539,2431,940
nissan,Nissan,Micra,Micra 3 Doors (2003),2003,2005,,1.4L 16V 5MT FWD (88 HP),Gasoline,4,1386,88,127,5-Speed manual,Front Wheel Drive,11.9,172,6.3,3719,1659,1539,2431,945
nissan,Nissan,Micra,Micra 3 Doors (2003),2003,2005,,1.6L 5MT FWD (110 HP),Gasoline,4,1599,110,153,5-Speed manual,Front Wheel Drive,9.8,183,,3719,1659,1539,2431,1024
nissan,Nissan,Micra,Micra 3 Doors (2003),2003,2005,,1.5L dCi 5MT FWD (65 HP),Diesel,4,1461,65,160,5-Speed manual,Front Wheel Drive,17,177,4.6,3719,1659,1539,2431,954
nissan,Nissan,Micra,Micra 3 Doors (2003),2003,2005,,1.5L dCi 5MT FWD (82 HP),Diesel,4,1461,82,185,5-Speed manual,Front Wheel Drive,12.9,170,4.5,3719,1659,1539,2431,1010
nissan,Nissan,Micra,Micra 3 Doors (2000),2000,2003,,1.0L 5MT FWD (60 HP),Gasoline,4,998,60,80,5-Speed manual,Front Wheel Drive,15.5,150,6,3749,1600,1440,2360,810
nissan,Nissan,Micra,Micra 3 Doors (2000),2000,2003,,1.4L 5MT FWD (82 HP),Gasoline,4,1348,82,108,5-Speed manual,Front Wheel Drive,11.9,170,6.1,3749,1600,1440,2360,840
nissan,Nissan,Micra,Micra 3 Doors (2000),2000,2003,,1.5L D 5MT FWD (58 HP),Diesel,4,1527,58,95,5-Speed manual,Front Wheel Drive,18.7,146,5.2,3749,1600,1440,2360,875
nissan,Nissan,Micra,Micra 3 Doors (1998),1998,2000,,1.0L 5MT FWD (55 HP),Gasoline,4,988,54,79,5-Speed manual,Front Wheel Drive,16.4,150,6,3719,1580,1440,2360,835
nissan,Nissan,Micra,Micra 3 Doors (1998),1998,2000,,1.3L 5MT FWD (75 HP),Gasoline,4,1275,75,103,5-Speed manual,Front Wheel Drive,12,170,6.6,3719,1580,1440,2360,860
nissan,Nissan,Micra,Micra 3 Doors (1998),1998,2000,,1.5L D 5MT FWD (58 HP),Diesel,4,1527,57,95,5-Speed manual,Front Wheel Drive,18.7,146,5.2,3719,1580,1440,2360,900
nissan,Nissan,Micra,Micra 3 Doors (1992),1992,1998,,1.0L 5MT FWD (55 HP),Gasoline,4,998,54,79,5-speed manual,Front Wheel Drive,16.4,150,5.8,3701,1580,1430,2360,780
nissan,Nissan,Micra,Micra 3 Doors (1992),1992,1998,,1.3L 5MT FWD (75 HP),Gasoline,4,1275,75,103,5-Speed manual,Front Wheel Drive,12,171,6.1,3701,1580,1430,2360,800
nissan,Nissan,Micra,Micra 3 Doors (1989),1989,1992,,1.0L 4MT FWD (50 HP),Gasoline,4,988,50,72,4-Speed manual,Front Wheel Drive,16.8,140,6,3739,1560,1400,2299,680
nissan,Nissan,Micra,Micra 3 Doors (1989),1989,1992,,1.2L 5MT FWD (54 HP),Gasoline,4,1235,54,93,5-Speed manual,Front Wheel Drive,14.9,150,6.8,3739,1560,1400,2299,720
nissan,Nissan,Micra,Micra 3 Doors (1982),1982,1989,,1.0L 4MT FWD (50 HP),Gasoline,4,998,50,72,4-Speed manual,Front Wheel Drive,16.8,140,6,3759,1560,1400,2299,680
nissan,Nissan,Micra C+C,Micra C+C (2005),2005,2008,,1.4L 16V 5MT FWD (88 HP),Gasoline,4,1386,88,127,5-Speed manual,Front Wheel Drive,12.8,174,6.6,3810,1669,1440,2431,1135
nissan,Nissan,Micra C+C,Micra C+C (2005),2005,2008,,1.6L 16V 5MT FWD (110 HP),Gasoline,4,1598,110,153,5-Speed manual,Front Wheel Drive,10.6,190,6.7,3810,1669,1440,2431,1150
nissan,Nissan,Murano,Murano (2024),2024,,,2.0L VC-Turbo 9AT FWD (244 HP),Gasoline,4,,244.3,353,9-speed automatic,Front Wheel Drive,,,,,,,,
nissan,Nissan,Murano,Murano (2024),2024,,,2.0L VC-Turbo 9AT i-AWD (244 HP),Gasoline,4,,244,353,9-speed automatic,All Wheel Drive,,,,,,,,
nissan,Nissan,Murano,Murano (2018),2018,2024,,3.5L V6 CVT AWD (260 HP),Gasoline,6,3498,260,325,CVT Xtronic,All Wheel Drive,,,10.2,4897,1915,1722,2824,
nissan,Nissan,Murano,Murano (2018),2018,2024,,3.5L V6 CVT FWD (260 HP),Gasoline,6,3498,260,325,CVT Xtronic,Front Wheel Drive,,,10.2,4897,1915,1722,2824,
nissan,Nissan,Murano,Murano (2015),2015,2018,,3.5L V6 DOHC CVT AWD (260 HP),Gasoline,6,3498,264,325,CVT,All Wheel Drive,,,9.8,4887,1915,1692,2824,1778
nissan,Nissan,Murano,Murano (2015),2015,2018,,3.5L V6 DOHC CVT FWD (260 HP),Gasoline,6,3498,264,325,CVT,Front Wheel Drive,,,9.8,4887,1915,1692,2824,1719
nissan,Nissan,Murano,Murano (2015),2015,2018,,2.5L CVT AWD (250 HP),Hybrid Gasoline,4,2488,250,329,CVT,All Wheel Drive,8.3,209,8.4,4887,1915,1692,2824,
nissan,Nissan,Murano,Murano (2008),2008,2015,,3.5L V6 CVT AWD (256 HP),Gasoline,6,3498,256,334,CVT(Continuous Variable Transmission),All Wheel Drive,8,209,10.6,4788,1882,1702,2824,1865
nissan,Nissan,Murano,Murano (2008),2008,2015,,3.5L V6 FWD CVT (256 HP),Gasoline,6,3498,256,334,CVT(Continuous Variable Transmission),Front Wheel Drive,,,,4788,1882,1702,2824,1742
nissan,Nissan,Murano,Murano (2008),2008,2015,,2.5L 6AT AWD (190 HP),Diesel,4,2488,190,450,6 speed automatic,All Wheel Drive,10.5,196,8,4788,1882,1702,2824,1950
nissan,Nissan,Murano,Murano (2003),2003,2007,,3.5L V6 CVT FWD (248 HP),Gasoline,6,3498,248,333,CVT,Front Wheel Drive,8.4,200,12.3,4770,1880,1699,2819,1870
nissan,Nissan,Murano CrossCabriolet,Murano CrossCabriolet (2011),2011,2014,,3.5L V6 CVT (265 HP),Gasoline,6,3498,265,336,CVT,All Wheel Drive,8,187,12.4,4829,1892,1681,2824,2012
nissan,Nissan,N7,N7 (2024),2024,,,58 KWh FWD (218 HP),Electric,,,218,,1-speed automatic,Front Wheel Drive,,,,4930,1895,1486,2916,
nissan,Nissan,N7,N7 (2024),2024,,,73 KWh FWD (272 HP),Electric,,,272,,1-speed automatic,Front Wheel Drive,,,,4930,1895,1486,2916,
nissan,Nissan,Navara / Frontier,Navara / Frontier King Cab (2019),2019,2025,,2.3L 6MT AWD (163 HP),Diesel,4,,163,425,6-Speed manual,All Wheel Drive,12.5,172,6.9,5210,1849,1821,3150,2035
nissan,Nissan,Navara / Frontier,Navara / Frontier King Cab (2018),2018,2019,,2.5L SE 6MT AWD (150 HP),Diesel,4,2488,150,232,6-Speed manual,All Wheel Drive,11.8,170,11.2,5220,1849,1783,3198,2072
nissan,Nissan,Navara / Frontier,Navara / Frontier King Cab (2018),2018,2019,,4.0L PRO-4X 6MT AWD (261 HP),Diesel,6,3954,261,381,6-Speed manual,All Wheel Drive,8.3,170,13.8,5220,1849,1783,3198,2072
nissan,Nissan,Navara / Frontier,Navara / Frontier King Cab (2018),2018,2019,,4.0L V6 6MT AWD (261 HP),Diesel,6,3954,261,381,6-Speed manual,All Wheel Drive,8.3,170,13.8,5220,1849,1783,3198,2072
nissan,Nissan,Navara / Frontier,Navara / Frontier King Cab (2015),2015,2020,,2.3 dCi 6MT 2WD (160 HP),Diesel,4,2298,160,403,6-speed manual,Rear Wheel Drive,11.6,172,6.2,5225,1791,1781,3150,1874
nissan,Nissan,Navara / Frontier,Navara / Frontier King Cab (2015),2015,2020,,2.3 dCi 6MT 4WD (160 HP),Diesel,4,2298,160,403,6-speed manual,All Wheel Drive,12,172,6.4,5225,1791,1781,3150,1956
nissan,Nissan,Navara / Frontier,Navara / Frontier King Cab (2009),2009,2018,,2.5L SE 6MT AWD (150 HP),Diesel,4,2488,150,403,6-Speed manual,All Wheel Drive,11.8,170,9.8,5220,1849,1783,3198,2112
nissan,Nissan,Navara / Frontier,Navara / Frontier King Cab (2009),2009,2018,,4.0L LE 5AT AWD (261 HP),Diesel,6,3954,264,381,"Automatic, 5 Speed",All Wheel Drive,8.3,170,14.3,5220,1849,1783,3198,2072
nissan,Nissan,Navara / Frontier,Navara / Frontier King Cab (2009),2009,2018,,4.0L PRO-4X 6MT AWD (261 HP),Diesel,6,3954,264,381,6-Speed manual,All Wheel Drive,8.3,170,14.3,5220,1849,1783,3198,2072
nissan,Nissan,Navara / Frontier,Navara / Frontier King Cab (2009),2009,2018,,4.0L SE V6 6MT AWD (261 HP),Diesel,6,3954,261,381,6-Speed manual,All Wheel Drive,8.3,170,14.3,5220,1849,1783,3198,2072
nissan,Nissan,Navara / Frontier,Navara / Frontier King Cab (2005),2005,2015,,2.5L 16V 6MT 2WD (154 HP),Gasoline,4,2488,154,235,6-speed manual,Rear Wheel Drive,,,,5220,1849,1750,3200,1667
nissan,Nissan,Navara / Frontier,Navara / Frontier King Cab (2005),2005,2015,,4.0L V6 6MT 2WD (265 HP),Gasoline,6,3954,268,385,6-speed manual,Rear Wheel Drive,,,,5220,1849,1750,3200,1878
nissan,Nissan,Navara / Frontier,Navara / Frontier King Cab (2005),2005,2015,,2.5L dCi 6MT 2WD (144 HP),Diesel,4,2488,144,356,6-speed manual,Rear Wheel Drive,11.8,171,8.1,5220,1849,1750,3200,1827
nissan,Nissan,Navara / Frontier,Navara / Frontier King Cab (2005),2005,2015,,2.5L dCi 6MT 4WD (174 HP),Diesel,4,2488,174,403,6-speed manual,All Wheel Drive,10.8,170,8.5,5220,1849,1750,3200,1925
nissan,Nissan,Navara / Frontier,Navara / Frontier Double Cab (2021),2021,,,3.8L V6 9AT AWD (310 HP),Gasoline,6,,310,381,9-speed automatic,All Wheel Drive,,,,,,,,
nissan,Nissan,Navara / Frontier,Navara / Frontier Double Cab (2019),2019,2021,,2.3L 6MT AWD (163 HP),Diesel,4,,163,425,6-Speed manual,All Wheel Drive,12.5,172,6.9,5255,1849,1821,3198,
nissan,Nissan,Navara / Frontier,Navara / Frontier Double Cab (2019),2019,2021,,2.3L 7AT AWD (190 HP),Diesel,4,,190,450,7-speed automatic,All Wheel Drive,11.2,180,7.4,5281,1849,1824,3198,
nissan,Nissan,Navara / Frontier,Navara / Frontier Double Cab (2019),2019,2021,,2.3L6MT AWD (190 HP),Diesel,4,,190,450,6-Speed manual,All Wheel Drive,12.5,183,7,5281,1849,1824,3198,
nissan,Nissan,Navara / Frontier,Navara / Frontier Double Cab (2015),2015,2020,,2.3L dCi 6MT AWD (160 HP),Diesel,4,2298,160,403,6-speed manual,All Wheel Drive,12,172,6.4,5301,1849,1806,3150,1948
nissan,Nissan,Navara / Frontier,Navara / Frontier Double Cab (2015),2015,2020,,2.3L dCi Twin Turbo 6MT AWD (190 HP),Diesel,4,2298,190,450,6-speed manual,All Wheel Drive,10.8,183,7,5329,1849,1806,3150,1963
nissan,Nissan,Navara / Frontier,Navara / Frontier Double Cab (2015),2015,2020,,2.3L dCi Twin Turbo 7AT AWD (190 HP),Diesel,4,2298,190,450,7-speed automatic,All Wheel Drive,10.8,180,7,5329,1849,1806,3150,1958
nissan,Nissan,Navara / Frontier,Navara / Frontier Double Cab (2005),2005,2015,,4.0L V6 6MT 2WD (265 HP),Gasoline,6,3954,268,385,6-speed manual,Rear Wheel Drive,,,,5220,1849,1781,3200,1877
nissan,Nissan,Navara / Frontier,Navara / Frontier Double Cab (2005),2005,2015,,2.5L dCi 4AT 2WD (144 HP),Diesel,4,2488,144,356,4-speed automatic,Rear Wheel Drive,13,171,9.2,5220,1849,1781,3200,1949
nissan,Nissan,Navara / Frontier,Navara / Frontier Double Cab (2005),2005,2015,,2.5L dCi 4AT 4WD (174 HP),Diesel,4,2488,174,403,4-speed automatic,All Wheel Drive,11.5,166,8.5,5220,1849,1781,3200,2049
nissan,Nissan,Navara / Frontier,Navara / Frontier Double Cab (2005),2005,2015,,2.5L dCi 6MT 2WD (144 HP),Diesel,4,2488,144,356,6-speed manual,Rear Wheel Drive,12.7,167,8.1,5220,1849,1781,3200,1941
nissan,Nissan,Navara / Frontier,Navara / Frontier Double Cab (2005),2005,2015,,2.5L dCi 6MT 4WD (174 HP),Diesel,4,2488,174,403,6-speed manual,All Wheel Drive,11.2,171,8.5,5220,1849,1781,3200,1993
nissan,Nissan,Note,Note (2017),2017,2019,,1.6L CVT FWD (109 HP),Gasoline,4,1598,109,145,CVT,Front Wheel Drive,,,6,4140,1694,1537,2601,1116
nissan,Nissan,Note,Note (2013),2013,2017,,1.2L DIG-S 5MT FWD (98 HP),Gasoline,4,1198,98,146,5-Speed manual,Front Wheel Drive,11.7,180,4.3,4100,1694,1529,2601,1118
nissan,Nissan,Note,Note (2013),2013,2017,,1.2L DIG-S CVT FWD (98 HP),Gasoline,4,1198,98,146,CVT,Front Wheel Drive,12.2,172,5.2,4100,1694,1529,2601,1137
nissan,Nissan,Note,Note (2013),2013,2017,,1.2L MPI 5MT FWD (80 HP),Gasoline,4,1198,80,110,5-Speed manual,Front Wheel Drive,13.7,167,4.7,4100,1694,1529,2601,1136
nissan,Nissan,Note,Note (2013),2013,2017,,1.5L dCI 5MT FWD (90 HP),Diesel,4,1461,90,201,5-Speed manual,Front Wheel Drive,11.9,179,3.6,4100,1694,1529,2601,1129
nissan,Nissan,Note,Note (2008),2008,2012,,1.4L MPI 5MT FWD (88 HP),Gasoline,4,1386,88,127,5-speed manual,Front Wheel Drive,13.4,166,5.9,4100,1692,1549,2601,1067
nissan,Nissan,Note,Note (2008),2008,2012,,1.6L MPI 4AT FWD (110 HP),Gasoline,4,1598,110,153,4-speed automatic,Front Wheel Drive,11.7,174,6.8,4100,1692,1549,2601,1106
nissan,Nissan,Note,Note (2008),2008,2012,,1.6L MPI 5MT FWD (110 HP),Gasoline,4,1598,110,153,5-speed manual,Front Wheel Drive,10.7,183,6.6,4100,1692,1549,2601,1082
nissan,Nissan,Note,Note (2008),2008,2012,,1.5L dCI 6MT FWD (106 HP),Diesel,4,1461,106,240,6-speed manual,Front Wheel Drive,11.1,180,5.1,4100,1692,1549,2601,1178
nissan,Nissan,Note,Note (2008),2008,2012,,1.5L dCI 6MT FWD (90 HP),Diesel,4,1461,90,201,6-speed manual,Front Wheel Drive,12.8,167,4.2,4100,1692,1549,2601,1180
nissan,Nissan,Note,Note (2005),2005,2008,,1.4L 16V 5MT FWD (88 HP),Gasoline,4,1386,88,128,5-Speed manual,Front Wheel Drive,13.1,165,6.3,4079,1689,1549,2601,1092
nissan,Nissan,Note,Note (2005),2005,2008,,1.5L 16V CVT FWD (110 HP),Gasoline,4,1461,110,148,CVT,Front Wheel Drive,,,5.1,4079,1689,1549,2601,1165
nissan,Nissan,Note,Note (2005),2005,2008,,1.6L 16V 5MT FWD (110 HP),Gasoline,4,1598,110,153,5-Speed manual,Front Wheel Drive,10.7,183,6.6,4079,1689,1549,2601,1107
nissan,Nissan,Note,Note (2005),2005,2008,,1.5L dCi 5MT FWD (68 HP),Diesel,4,1461,68,160,5-Speed manual,Front Wheel Drive,16.5,155,5.2,4079,1689,1549,2601,1164
nissan,Nissan,Note,Note (2005),2005,2008,,1.5L dCi 5MT FWD (86 HP),Diesel,4,1461,86,200,"Manual, 5 Speed",Front Wheel Drive,13,168,5.1,4079,1689,1549,2601,1165
nissan,Nissan,NP300,NP300 (2008),2008,2015,,2.5L dCi 5MT (133 HP),Diesel,4,2488,133,304,5-speed manual,All Wheel Drive,,160,9.2,5019,1689,1610,2949,2010
nissan,Nissan,NP300,NP300 (2008),2008,2014,,2.5L dCi 5MT (133 HP),Diesel,4,2488,133,412,5-speed manual,All Wheel Drive,,159,9.2,5019,1826,1610,2949,1745
nissan,Nissan,NP300,NP300 (2008),2008,2014,,2.5L dCi 5MT (133 HP),Diesel,4,2488,133,304,5-speed manual,All Wheel Drive,,159,9.2,5042,1826,1715,2949,1780
nissan,Nissan,NV,NV (2009),2009,2019,,1.5L dCi 5MT FWD (90 HP),Diesel,4,1461,90,201,5-speed manual,Front Wheel Drive,,158,4.9,4399,1694,1859,2725,1355
nissan,Nissan,NV,NV (2009),2009,2019,,1.5L dCi 6MT FWD (110 HP),Diesel,4,1461,110,240,6-speed manual,Front Wheel Drive,,169,4.9,4399,1694,1859,2725,1369
nissan,Nissan,Pathfinder,Pathfinder (2025),2025,,,3.5L V6 AWD 9AT (288 HP),Gasoline,6,3498,288,351,9-speed automatic,All Wheel Drive,,,,5022,1979,1801,2901,
nissan,Nissan,Pathfinder,Pathfinder (2025),2025,,,3.5L V6 FWD 9AT (288 HP),Gasoline,6,3498,288,351,9-speed automatic,Front Wheel Drive,,,,5022,1979,1801,2901,
nissan,Nissan,Pathfinder,Pathfinder (2025),2025,,,Rock Creek 3.5L V6 9AT AWD (299 HP),Gasoline,6,3498,299.1,366,9-speed automatic,All Wheel Drive,,,,5022,1979,1801,2901,
nissan,Nissan,Pathfinder,Pathfinder (2021),2021,2025,,3.5L V6 9AT AWD (279 HP),Gasoline,6,3498,279,340,9-speed automatic,All Wheel Drive,,,0,5004,1979,1801,2901,
nissan,Nissan,Pathfinder,Pathfinder (2021),2021,2025,,3.5L V6 9AT AWD (288 HP),Gasoline,6,3498,287.9,351,9-speed automatic,All Wheel Drive,,,10.2,5022,1979,1796,2901,
nissan,Nissan,Pathfinder,Pathfinder (2021),2021,2025,,3.5L V6 9AT FWD (279 HP),Gasoline,6,3498,278.8,340,9-speed automatic,Front Wheel Drive,,,10,5004,1979,1801,2901,
nissan,Nissan,Pathfinder,Pathfinder (2021),2021,2025,,3.5L V6 9AT FWD (288 HP),Gasoline,6,3498,288,351,9-speed automatic,Front Wheel Drive,,,10.2,5022,1979,1796,2901,
nissan,Nissan,Pathfinder,Pathfinder (2016),2016,2021,,3.5L V6 CVT AWD (284 HP),,6,3498,287.9,351,CVT (Xtronic),All Wheel Drive,,,,,,,,
nissan,Nissan,Pathfinder,Pathfinder (2016),2016,2021,,3.5L V6 CVT FWD (284 HP),,6,3498,287.9,351,CVT (Xtronic),Front Wheel Drive,,,,,,,,
nissan,Nissan,Pathfinder,Pathfinder (2012),2012,2016,,3.5L V6 CVT AWD (260 HP),Gasoline,6,3498,263.6,325,CVT,All Wheel Drive,,,11.2,5009,1961,1768,2901,1998
nissan,Nissan,Pathfinder,Pathfinder (2012),2012,2016,,3.5L V6 CVT FWD (260 HP),Gasoline,6,3498,263.6,325,CVT,Front Wheel Drive,,,10.7,5009,1961,1768,2901,1932
nissan,Nissan,Pathfinder,Pathfinder (2007),2007,2012,,4.0L V6 5AT AWD (270 HP),Gasoline,6,3954,269,390,5-speed automatic,All Wheel Drive,8.9,190,13.5,4884,1849,1844,2850,2116
nissan,Nissan,Pathfinder,Pathfinder (2007),2007,2012,,5.6L V8 5AT AWD (315 HP),Gasoline,8,5552,314,526,5-speed automatic,All Wheel Drive,,,14.7,4890,1849,1847,2850,2316
nissan,Nissan,Pathfinder,Pathfinder (2007),2007,2012,,2.5L dCi 5AT AWD (171 HP),Diesel,4,2488,171,403,5-speed automatic,All Wheel Drive,11.8,175,10.5,4740,1849,1783,2850,2081
nissan,Nissan,Pathfinder,Pathfinder (2007),2007,2012,,2.5L dCI 5AT AWD (190 HP),Diesel,4,2488,190,450,5-speed automatic,All Wheel Drive,10.7,185,9,4740,1849,1783,2850,2160
nissan,Nissan,Pathfinder,Pathfinder (2007),2007,2012,,2.5L dCi 6MT AWD (171 HP),Diesel,4,2488,171,403,6-speed manual,All Wheel Drive,11.9,175,9.8,4740,1849,1783,2850,2265
nissan,Nissan,Pathfinder,Pathfinder (2007),2007,2012,,2.5L dCI 6MT AWD (190 HP),Diesel,4,2488,190,450,6-speed manual,All Wheel Drive,11,185,8.5,4740,1849,1783,2850,2110
nissan,Nissan,Pathfinder,Pathfinder (2007),2007,2012,,3.0L dCI 7AT (231 HP),Diesel,6,2488,231,550,7-speed automatic,All Wheel Drive,8.9,200,9.5,4740,1849,1783,2850,2285
nissan,Nissan,Pathfinder,Pathfinder (2005),2005,2007,,4.0L V6 5AT AWD (269 HP),Gasoline,6,3954,269,385,5-speed automatic,All Wheel Drive,8.9,190,13.5,4740,1849,1760,2850,2170
nissan,Nissan,Pathfinder,Pathfinder (2005),2005,2007,,2.5L dCi 6MT AWD (171 HP),Diesel,4,2488,171,403,6-Speed manual,All Wheel Drive,11.9,175,9.8,4740,1849,1760,2850,2116
nissan,Nissan,Pathfinder,Pathfinder (2001),2001,2005,,3.3 V6,Gasoline,6,3274,150,266,"Automatic, 4 Speed",All Wheel Drive,11.4,166,13.9,4641,1819,1750,2700,1950
nissan,Nissan,Patrol LWB,Patrol LWB (2024),2024,,,3.5L V6 9AT AWD (425 HP),Gasoline,6,,425,700,9-speed automatic,All Wheel Drive,,,,,,,,
nissan,Nissan,Patrol LWB,Patrol LWB (2024),2024,,,3.8L V6 9AT AWD (316 HP),Gasoline,6,,316,386,9-speed automatic,All Wheel Drive,,,,,,,,
nissan,Nissan,Patrol LWB,Patrol LWB (2014),2014,2019,,5.6L V8 5AT AWD (321 HP),Gasoline,8,5552,321,527,5-speed automatic,All Wheel Drive,7.9,216,19,5141,1994,1941,3076,2610
nissan,Nissan,Patrol LWB,Patrol LWB (2014),2014,2019,,5.6L V8 6MT AWD (321 HP),Gasoline,8,5552,321,527,6-speed manual,All Wheel Drive,7,220,23.1,5141,1994,1941,3076,2600
nissan,Nissan,Patrol LWB,Patrol LWB (2014),2014,2019,,5.6L V8 7AT AWD (405 HP),Gasoline,8,5552,405,560,7-speed manual,All Wheel Drive,6.6,209,14.5,5141,1994,1941,3076,267
nissan,Nissan,Patrol LWB,Patrol LWB (2010),2010,2014,,5.6L V8 5AT AWD (321 HP),Gasoline,8,5552,321,527,5-speed automatic,All Wheel Drive,7.6,220,19,5141,1941,1994,3076,2600
nissan,Nissan,Patrol LWB,Patrol LWB (2010),2010,2014,,5.6L V8 6MT AWD (321 HP),Gasoline,8,5552,321,527,6-speed manual,All Wheel Drive,7,225,19.9,5141,1941,1994,3076,2580
nissan,Nissan,Patrol LWB,Patrol LWB (2010),2010,2014,,5.6L V8 7AT AWD (405 HP),Gasoline,8,5552,405,560,7-speed automatic,All Wheel Drive,6.5,386,14.5,5141,1941,1994,3076,2645
nissan,Nissan,Patrol LWB,Patrol LWB (2004),2004,2010,,3.0L Di 4AT AWD (160 HP),Diesel,4,2953,160,380,4-Speed automatic,All Wheel Drive,16.3,159,10.8,5050,1839,1859,2969,2465
nissan,Nissan,Patrol LWB,Patrol LWB (2004),2004,2010,,3.0L Di 5MT AWD (160 HP),Diesel,4,2953,160,380,5-Speed manual,All Wheel Drive,15.2,159,10.8,5050,1839,1859,2969,2355
nissan,Nissan,Patrol LWB,Patrol LWB (2004),2004,2010,,4.2d 4AT AWD (145 HP),Diesel,4,4169,145,331,4-Speed automatic,All Wheel Drive,14,146,,5044,1839,1839,2969,2350
nissan,Nissan,Patrol LWB,Patrol LWB (2004),2004,2010,,4.2d 4AT AWD (160 HP),Diesel,6,4169,160,330,4-Speed automatic,All Wheel Drive,,145,,5044,1839,1839,2969,
nissan,Nissan,Patrol LWB,Patrol LWB (2004),2004,2010,,4.2d 5MT AWD (145 HP),Diesel,4,4169,145,331,5-Speed manual,All Wheel Drive,,150,,5044,1839,1839,2969,2320
nissan,Nissan,Patrol LWB,Patrol LWB (2004),2004,2010,,4.2d 5MT AWD (160 HP),Diesel,6,4169,160,330,5-Speed manual,All Wheel Drive,14,150,,5044,1839,1839,2969,2350
nissan,Nissan,Patrol LWB,Patrol LWB (2004),2004,2010,,4.8L 5AT AWD (245 HP),Diesel,6,4759,245,400,5-speed automatic,All Wheel Drive,10.8,190,18.2,5044,1839,1839,2969,2574
nissan,Nissan,Patrol LWB,Patrol LWB (1998),1998,2004,,2.8L TD 5MT AWD (129 HP),Diesel,6,2825,129,252,5-Speed manual,All Wheel Drive,18.4,155,11.2,4961,1839,1859,2969,2175
nissan,Nissan,Patrol LWB,Patrol LWB (1998),1998,2004,,3.0L Di 5MT AWD (158 HP),Diesel,4,2953,158,354,5-Speed manual,All Wheel Drive,15.4,160,10.8,4961,1839,1859,2969,2245
nissan,Nissan,Patrol LWB,Patrol LWB (1988),1988,1998,,2.8 TD,Diesel,6,2826,116,235,"Manual, 5 Speed",All Wheel Drive,,145,12,4821,1801,1791,2969,2020
nissan,Nissan,Patrol SWB,Patrol SWB (2004),2004,2010,,3.0 Di,Diesel,4,2953,160,380,"Manual, 5 Speed",All Wheel Drive,14.8,160,10.8,4481,1839,1839,2400,2235
nissan,Nissan,Patrol SWB,Patrol SWB (1998),1998,2004,,2.8 TD,Diesel,6,2825,130,252,"Manual, 5 Speed",All Wheel Drive,17.5,155,11.2,4399,1839,1839,2400,2055
nissan,Nissan,Patrol SWB,Patrol SWB (1998),1998,2004,,3.0 Di,Diesel,4,2953,158,354,"Manual, 5 Speed",All Wheel Drive,15,160,10.8,4399,1839,1839,2400,2155
nissan,Nissan,Patrol SWB,Patrol SWB (1988),1988,1998,,2.8 TD,Diesel,6,2826,116,235,"Manual, 5 Speed",All Wheel Drive,16.4,145,11.6,4249,1801,1801,2400,1920
nissan,Nissan,Pixo,Pixo (2009),2009,2013,,1.0L 4AT (68 HP),Gasoline,3,996,68,89,4-speed automatic,Front Wheel Drive,17,150,5.1,3566,1844,1471,2360,910
nissan,Nissan,Pixo,Pixo (2009),2009,2013,,1.0L 5MT (68 HP),Gasoline,3,996,68,89,5-speed manual,Front Wheel Drive,13.5,154,4.3,3566,1844,1471,2360,885
nissan,Nissan,Platina,Platina (2006),2006,2010,,1.6,Gasoline,4,1598,110,145,"Manual, 5 Speed",Front Wheel Drive,,,6.1,4171,1638,1438,2471,1063
nissan,Nissan,Prairie,Prairie (1989),1989,1996,,2.0L 5MT (98 HP),Gasoline,4,1974,98,150,5-Speed manual,Front Wheel Drive,13.7,171,9.4,4361,1689,1631,2611,1250
nissan,Nissan,Prairie,Prairie (1989),1989,1996,,2.4L 5MT (133 HP),Gasoline,4,2389,133,193,5-Speed manual,Front Wheel Drive,10.9,185,9.9,4361,1689,1631,2611,1300
nissan,Nissan,Primera,Primera Hatchback (2002),2002,2007,,1.6L 16V 5MT FWD (109 HP),Gasoline,4,1596,109,144,5-Speed manual,Front Wheel Drive,12.8,190,7.2,4569,1760,1481,2680,1271
nissan,Nissan,Primera,Primera Hatchback (2002),2002,2007,,1.8L 16V 5MT FWD (116 HP),Gasoline,4,1769,116,163,5-Speed manual,Front Wheel Drive,12.1,194,7.4,4569,1760,1481,2680,1281
nissan,Nissan,Primera,Primera Hatchback (2002),2002,2007,,2.0L 16v 6MT FWD (140 HP),Gasoline,4,1998,140,193,6-Speed manual,Front Wheel Drive,9.8,200,8.7,4569,1760,1481,2680,1314
nissan,Nissan,Primera,Primera Hatchback (2002),2002,2007,,1.9L dCi 6MT FWD (120 HP),Diesel,4,1870,120,270,6-Speed manual,Front Wheel Drive,11,195,5.7,4569,1760,1481,2680,1414
nissan,Nissan,Primera,Primera Hatchback (2002),2002,2007,,2.2L dCi 6MT FWD (138 HP),Diesel,4,2184,138,315,6-Speed manual,Front Wheel Drive,10.2,203,6.1,4569,1760,1481,2680,1411
nissan,Nissan,Primera,Primera Hatchback (2002),2002,2007,,2.2L DCT 6MT FWD (126 HP),Diesel,4,2184,126,280,6-Speed manual,Front Wheel Drive,10.9,195,5.9,4569,1760,1481,2680,1394
nissan,Nissan,Primera,Primera Hatchback (1999),1999,2002,,1.6L 16V 5MT FWD (99 HP),Gasoline,4,1597,99,136,5-speed manual,Front Wheel Drive,12,181,7.2,4519,1720,1410,2601,1235
nissan,Nissan,Primera,Primera Hatchback (1999),1999,2002,,1.8L 16V 5MT FWD (113 HP),Gasoline,4,1769,113,158,5-speed manual,Front Wheel Drive,11,196,7.4,4519,1720,1410,2601,1240
nissan,Nissan,Primera,Primera Hatchback (1999),1999,2002,,2.0L 16V 5MT FWD (140 HP),Gasoline,4,1998,140,181,5-speed manual,Front Wheel Drive,9.6,210,8.1,4519,1720,1410,2601,1260
nissan,Nissan,Primera,Primera Hatchback (1999),1999,2002,,2.0L TD 5MT FWD (90 HP),Diesel,4,1974,90,177,5-speed manual,Front Wheel Drive,14,175,6.5,4519,1720,1410,2604,1325
nissan,Nissan,Primera,Primera Hatchback (1996),1996,1999,,1.6L 16V 5MT FWD (99 HP),Gasoline,4,1597,99,136,5-speed manual,Front Wheel Drive,12,180,7.2,4430,1720,1410,2601,1205
nissan,Nissan,Primera,Primera Hatchback (1996),1996,1999,,2.0L 16V 5MT FWD (131 HP),Gasoline,4,1998,131,173,5-speed manual,Front Wheel Drive,9.6,205,7.9,4430,1720,1410,2601,1235
nissan,Nissan,Primera,Primera Hatchback (1996),1996,1999,,2.0L 16V GT 5MT FWD (150 HP),Gasoline,4,1998,150,181,5-speed manual,Front Wheel Drive,8.8,218,8.1,4430,1720,1410,2601,1245
nissan,Nissan,Primera,Primera Hatchback (1996),1996,1999,,2.0L TD 5MT FWD (150 HP),Diesel,4,1974,90,177,"Manual, 5 Speed",Front Wheel Drive,14,174,6.7,4430,1720,1410,2601,1290
nissan,Nissan,Primera,Primera Hatchback (1994),1994,1996,,1.6L 16V 5MT FWD (102 HP),Gasoline,4,1597,102,136,5-speed manual,Front Wheel Drive,10.9,190,7.1,4399,1699,1389,2550,1145
nissan,Nissan,Primera,Primera Hatchback (1994),1994,1996,,2.0L 16V 5MT FWD (125 HP),Gasoline,4,1998,125,170,5-speed manual,Front Wheel Drive,9.8,205,8.3,4399,1699,1389,2550,1210
nissan,Nissan,Primera,Primera Hatchback (1994),1994,1996,,2.0L 16V GT 5MT FWD (150 HP),Gasoline,4,1998,150,181,5-speed manual,Front Wheel Drive,8.4,220,8.3,4399,1699,1389,2550,1250
nissan,Nissan,Primera,Primera Hatchback (1994),1994,1996,,2.0L D 5MT FWD (75 HP),Diesel,4,1974,75,132,5-speed manual,Front Wheel Drive,16.8,165,6,4399,1699,1389,2550,1210
nissan,Nissan,Primera,Primera Hatchback (1990),1990,1993,,1.6L 16V 5MT FWD (102 HP),Gasoline,4,1597,102,136,5-Speed manual,Front Wheel Drive,10.9,190,7.1,4399,1699,1389,2550,1145
nissan,Nissan,Primera,Primera Hatchback (1990),1990,1993,,1.6L 16V 5MT FWD (90 HP),Gasoline,4,1597,90,133,5-Speed manual,Front Wheel Drive,11.2,180,7.1,4399,1699,1389,2550,1095
nissan,Nissan,Primera,Primera Hatchback (1990),1990,1993,,2.0L 16V 5MT FWD (116 HP),Gasoline,4,1998,116,165,5-Speed manual,Front Wheel Drive,9.9,200,8.3,4399,1699,1389,2550,1180
nissan,Nissan,Primera,Primera Hatchback (1990),1990,1993,,2.0L 16V 5MT FWD (125 HP),Gasoline,4,1998,125,170,5-Speed manual,Front Wheel Drive,9.8,205,8.3,4399,1699,1389,2550,1210
nissan,Nissan,Primera,Primera Hatchback (1990),1990,1993,,2.0L 16V GT 5MT FWD (150 HP),Gasoline,4,1998,150,180,5-Speed manual,Front Wheel Drive,8.4,220,8.3,4399,1699,1389,2550,1210
nissan,Nissan,Primera,Primera Hatchback (1990),1990,1993,,2.0L D 5MT FWD (75 HP),Diesel,4,1974,75,132,5-Speed manual,Front Wheel Drive,17.5,155,6.8,4399,1699,1389,2550,1180
nissan,Nissan,Primera,Primera Sedan (2002),2002,2008,,1.6L 16V 5MT FWD (109 HP),Gasoline,4,1596,109,144,5-Speed manual,Front Wheel Drive,12.6,190,7.2,4569,1760,1481,2680,1262
nissan,Nissan,Primera,Primera Sedan (2002),2002,2008,,1.8L 16V 5MT FWD (116 HP),Gasoline,4,1769,116,163,5-Speed manual,Front Wheel Drive,11.9,195,7.4,4569,1760,1481,2680,1268
nissan,Nissan,Primera,Primera Sedan (2002),2002,2008,,2.0L 16V 6MT FWD (140 HP),Gasoline,4,1998,140,193,6-speed manual,Front Wheel Drive,9.6,200,8.7,4569,1760,1481,2680,1315
nissan,Nissan,Primera,Primera Sedan (2002),2002,2008,,1.9L dCi 6MT FWD (120 HP),Diesel,4,1870,120,270,6-speed manual,Front Wheel Drive,10.8,195,5.7,4569,1760,1481,2680,1388
nissan,Nissan,Primera,Primera Sedan (2002),2002,2008,,2.2L dCi 6MT FWD (139 HP),Diesel,4,2184,139,315,6-speed manual,Front Wheel Drive,9.8,203,6.1,4569,1760,1481,2680,1399
nissan,Nissan,Primera,Primera Sedan (2002),2002,2008,,2.2L DCT 6MT FWD (126 HP),Diesel,4,2184,126,280,6-speed manual,Front Wheel Drive,10.9,195,5.9,4569,1760,1481,2680,1394
nissan,Nissan,Primera,Primera Sedan (1999),1999,2002,,1.6L 16V 5MT FWD (100 HP),Gasoline,4,1597,99,136,5-Speed manual,Front Wheel Drive,12,181,7.2,4519,1720,1410,2601,1215
nissan,Nissan,Primera,Primera Sedan (1999),1999,2002,,1.8L 16V 5MT FWD (114 HP),Gasoline,4,1769,113,158,5-Speed manual,Front Wheel Drive,11,196,7.3,4519,1720,1410,2601,1235
nissan,Nissan,Primera,Primera Sedan (1999),1999,2002,,2.0L 16v 5MT FWD (140 HP),Gasoline,4,1998,140,181,5-Speed manual,Front Wheel Drive,9.6,210,8.1,4519,1720,1410,2601,1245
nissan,Nissan,Primera,Primera Sedan (1999),1999,2002,,2.0L TD 5MT FWD (90 HP),Diesel,4,1974,90,177,5-Speed manual,Front Wheel Drive,14,175,6.5,4519,1720,1410,2601,1315
nissan,Nissan,Primera,Primera Sedan (1996),1996,1999,,1.6L 16V 5MT FWD (100),Gasoline,4,1597,99,136,5-Speed manual,Front Wheel Drive,12,180,7.2,4430,1720,1410,2601,1185
nissan,Nissan,Primera,Primera Sedan (1996),1996,1999,,2.0L 16V GT 5MT FWD (150 HP),Gasoline,4,1998,150,181,5-Speed manual,Front Wheel Drive,8.8,218,8.1,4430,1720,1410,2601,1225
nissan,Nissan,Primera,Primera Sedan (1996),1996,1999,,2.0L 16v Turbo 5MT FWD (131 HP),Gasoline,4,1998,131,173,5-Speed manual,Front Wheel Drive,9.6,205,7.9,4430,1720,1410,2601,1215
nissan,Nissan,Primera,Primera Sedan (1996),1996,1999,,2.0L TD 5MT FWD (90 HP),Diesel,4,1974,90,177,5-Speed manual,Front Wheel Drive,14,174,6.7,4430,1720,1410,2601,1270
nissan,Nissan,Primera,Primera Sedan (1994),1994,1996,,1.6L 16V 5MT FWD (102 HP),Gasoline,4,1597,102,136,5-Speed manual,Front Wheel Drive,10.9,190,7.1,4399,1699,1389,2550,1125
nissan,Nissan,Primera,Primera Sedan (1994),1994,1996,,2.0L 16V 5MT FWD (125 HP),Gasoline,4,1998,125,170,5-Speed manual,Front Wheel Drive,9.8,205,8.3,4399,1699,1389,2550,1190
nissan,Nissan,Primera,Primera Sedan (1994),1994,1996,,2.0L 16V GT 5MT FWD (150 HP),Gasoline,4,1998,150,181,5-Speed manual,Front Wheel Drive,8.4,220,8.3,4399,1699,1389,2550,1230
nissan,Nissan,Primera,Primera Sedan (1994),1994,1996,,2.0L D 5MT FWD (75 HP),Diesel,4,1974,75,132,5-Speed manual,Front Wheel Drive,16.8,165,6,4399,1699,1389,2550,1190
nissan,Nissan,Primera,Primera Sedan (1990),1990,1993,,1.6L 16V FWD (102 HP),Gasoline,4,1597,102,136,"Manual, 5 Speed",Front Wheel Drive,10.9,190,7.1,4399,1699,1389,2550,1125
nissan,Nissan,Primera,Primera Sedan (1990),1990,1993,,1.6L 16V FWD (90 HP),Gasoline,4,1597,90,133,"Manual, 5 Speed",Front Wheel Drive,11.2,180,7.1,4399,1699,1389,2550,1075
nissan,Nissan,Primera,Primera Sedan (1990),1990,1993,,2.0L 16V FWD (116 HP),Gasoline,4,1998,116,165,"Manual, 5 Speed",Front Wheel Drive,9.9,200,8.3,4399,1699,1389,2550,1160
nissan,Nissan,Primera,Primera Sedan (1990),1990,1993,,2.0L 16V FWD (125 HP),Gasoline,4,1998,125,169,"Manual, 5 Speed",Front Wheel Drive,9.8,205,8.3,4399,1699,1389,2550,1190
nissan,Nissan,Primera,Primera Sedan (1990),1990,1993,,2.0L 16V GT 5MT FWD (150 HP),Gasoline,4,1998,150,181,5-Speed manual,Front Wheel Drive,8.4,220,8.3,4399,1699,1389,2550,1190
nissan,Nissan,Primera,Primera Sedan (1990),1990,1993,,2.0L D 5MT FWD (75 HP),Diesel,4,1974,75,132,5-Speed manual,Front Wheel Drive,17.5,155,6.8,4399,1699,1389,2550,1160
nissan,Nissan,Primera Break,Primera Break (2002),2002,2007,,1.6L 16V 5MT FWD (109 HP),Gasoline,4,1596,109,144,5-Speed manual,Front Wheel Drive,12.9,190,7.2,4679,1760,1481,2680,1296
nissan,Nissan,Primera Break,Primera Break (2002),2002,2007,,1.8L 16V 4AT FWD (116 HP),Gasoline,4,1769,116,163,4-Speed automatic,Front Wheel Drive,13.6,182,8,4679,1760,1481,2680,1345
nissan,Nissan,Primera Break,Primera Break (2002),2002,2007,,1.8L 16V 5MT FWD (116 HP),Gasoline,4,1769,116,163,5-Speed manual,Front Wheel Drive,12.3,195,7.4,4679,1760,1481,2680,1318
nissan,Nissan,Primera Break,Primera Break (2002),2002,2007,,2.0L 16V 6MT FWD (140 HP),Gasoline,4,1998,140,193,6-Speed manual,Front Wheel Drive,9.9,200,9.1,4679,1760,1481,2680,1335
nissan,Nissan,Primera Break,Primera Break (2002),2002,2007,,2.0L 16V CVT FWD (140 HP),Gasoline,4,1998,140,193,CVT,Front Wheel Drive,10.9,192,8.8,4679,1760,1481,2680,1385
nissan,Nissan,Primera Break,Primera Break (2002),2002,2007,,1.9L dCi 6MT FWD (120 HP),Diesel,4,1870,120,270,6-Speed manual,Front Wheel Drive,11.1,195,5.7,4679,1760,1481,2680,1438
nissan,Nissan,Primera Break,Primera Break (2002),2002,2007,,2.2L dCi 6MT FWD (138 HP),Diesel,4,2184,139,315,6-Speed manual,Front Wheel Drive,10.1,203,6.1,4679,1760,1481,2680,1449
nissan,Nissan,Primera Break,Primera Break (2002),2002,2007,,2.2L DCT 6MT FWD (126 HP),Diesel,4,2184,126,280,6-Speed manual,Front Wheel Drive,10.9,195,6.1,4679,1760,1481,2680,1431
nissan,Nissan,Primera Break,Primera Break (1999),1999,2002,,1.6L 16V 5MT FWD (99 HP),Gasoline,4,1597,99,136,5-Speed manual,Front Wheel Drive,12.8,176,7.5,4580,1720,1410,2601,1270
nissan,Nissan,Primera Break,Primera Break (1999),1999,2002,,1.8L 16V 5MT FWD (113 HP),Gasoline,4,1769,113,158,5-Speed manual,Front Wheel Drive,11.7,191,7.4,4580,1720,1410,2601,1310
nissan,Nissan,Primera Break,Primera Break (1999),1999,2002,,2.0L 16V 5MT FWD (140 HP),Gasoline,4,1998,140,181,5-Speed manual,Front Wheel Drive,10.5,205,8.3,4580,1720,1410,2601,1310
nissan,Nissan,Primera Break,Primera Break (1999),1999,2002,,2.0L TD 5MT FWD (90 HP),Diesel,4,1974,90,177,5-Speed manual,Front Wheel Drive,14.6,170,6.7,4580,1720,1410,2601,1365
nissan,Nissan,Primera Break,Primera Break (1998),1998,1999,,1.6L 16V 5MT FWD (99 HP),Gasoline,4,1597,99,136,5-Speed manual,Front Wheel Drive,12.8,175,7.5,4519,1720,1450,2601,1245
nissan,Nissan,Primera Break,Primera Break (1998),1998,1999,,2.0L 16V 5MT FWD (131 HP),Gasoline,4,1998,131,173,5-Speed manual,Front Wheel Drive,10.5,200,8,4519,1720,1450,2601,1280
nissan,Nissan,Primera Break,Primera Break (1998),1998,1999,,2.0L TD 5MT FWD (90 HP),Diesel,4,1974,90,177,5-Speed manual,Front Wheel Drive,14.6,170,6.7,4519,1720,1450,2601,1335
nissan,Nissan,Primera Break,Primera Break (1990),1990,1997,,1.6L 16V 5MT FWD (102 HP),Gasoline,4,1597,102,136,5-Speed manual,Front Wheel Drive,12.9,175,7.5,4460,1699,1471,2550,1160
nissan,Nissan,Primera Break,Primera Break (1990),1990,1997,,1.6L 16V 5MT FWD (90 HP),Gasoline,4,1597,90,133,5-Speed manual,Front Wheel Drive,13.1,170,7.7,4460,1699,1471,2550,1140
nissan,Nissan,Primera Break,Primera Break (1990),1990,1997,,2.0L 16V 5MT FWD (116 HP),Gasoline,4,1998,116,165,5-Speed manual,Front Wheel Drive,10.5,190,9.1,4460,1699,1471,2550,1180
nissan,Nissan,Primera Break,Primera Break (1990),1990,1997,,2.0L 5MT FWD (75 HP),Diesel,4,1974,75,132,5-Speed manual,Front Wheel Drive,17.5,155,6.8,4460,1699,1471,2550,1210
nissan,Nissan,Qashqai,Qashqai (2024),2024,,,1.3L DIG-T MHEV 6MT FWD (140 HP),Mild Hybrid,4,1332,140,240,6-manual speed,Front Wheel Drive,10.2,196,6.3,4425,1834,1626,2664,
nissan,Nissan,Qashqai,Qashqai (2024),2024,,,1.3L DIG-T MHEV 6MT FWD (158 HP),Mild Hybrid,4,1332,158,260,6-manual speed,Front Wheel Drive,9.5,206,6.3,4425,1834,1626,2664,
nissan,Nissan,Qashqai,Qashqai (2024),2024,,,1.3L DIG-T MHEV Xtronic AWD (158 HP),Mild Hybrid,4,1332,158,270,automatic transmission Xtronic,All Wheel Drive,9.9,190,6.8,4425,1834,1626,2664,
nissan,Nissan,Qashqai,Qashqai (2024),2024,,,1.3L DIG-T MHEV Xtronic FWD (158 HP),Mild Hybrid,4,1332,158,270,automatic transmission Xtronic,Front Wheel Drive,9.2,200,6.3,4425,1834,1626,2664,
nissan,Nissan,Qashqai,Qashqai (2024),2024,,,1.5L VC-T e-POWER FWD (190 HP),Hybrid Gasoline,3,1477,158,250,1-speed automatic,Front Wheel Drive,7.9,171,5.1,4425,1834,1626,2664,
nissan,Nissan,Qashqai,Qashqai (2021),2021,2024,,1.5L e-Power (187 HP),Electric,4,1461,187,,,Front Wheel Drive,,,,4425,1839,1636,2667,
nissan,Nissan,Qashqai,Qashqai (2021),2021,2024,,1.3L 6MT (138 HP),Mild Hybrid,4,1298,138,240,6-speed manual,Front Wheel Drive,,,,4425,1839,1636,2667,
nissan,Nissan,Qashqai,Qashqai (2021),2021,2024,,1.3L 6MT (156 HP),Mild Hybrid,4,1298,156,260,6-speed manual,Front Wheel Drive,,,,4425,1839,1636,2667,
nissan,Nissan,Qashqai,Qashqai (2021),2021,2024,,1.3L CVT (156 HP),Mild Hybrid,4,1298,156,270,CVT Xtronic,Front Wheel Drive,,,,4425,1839,1636,2667,
nissan,Nissan,Qashqai,Qashqai (2021),2021,2024,,1.3L CVT AWD (156 HP),Mild Hybrid,4,1298,156,270,CVT Xtronic,All Wheel Drive,,,,4425,1839,1636,2667,
nissan,Nissan,Qashqai,Qashqai (2018),2018,2021,,1.3L 6MT FWD (140 HP),Gasoline,4,1298,140,258,6-Speed manual,Front Wheel Drive,,,,4376,1806,1590,2647,
nissan,Nissan,Qashqai,Qashqai (2018),2018,2021,,1.3L 6MT FWD (160 HP),Gasoline,4,1298,160,260,6-Speed manual,Front Wheel Drive,,,,4376,1806,1590,2647,
nissan,Nissan,Qashqai,Qashqai (2018),2018,2021,,1.3L CVT FWD (160 HP),Gasoline,4,1298,160,270,Automatic CVT Transmission,Front Wheel Drive,,,,4376,1806,1590,2647,
nissan,Nissan,Qashqai,Qashqai (2018),2018,2021,,1.5L dCI 6MT FWD (110 HP),Diesel,4,1461,110,260,6-Speed manual,Front Wheel Drive,11.9,182,3.8,4376,1806,1590,2647,1365
nissan,Nissan,Qashqai,Qashqai (2018),2018,2021,,1.6L dCI 6MT AWD (130 HP),Diesel,4,1598,131,320,6-Speed manual,All Wheel Drive,10.5,190,4.9,4376,1806,1590,2647,1518
nissan,Nissan,Qashqai,Qashqai (2018),2018,2021,,1.6L dCI 6MT FWD (130 HP),Diesel,4,1598,131,320,6-Speed manual,All Wheel Drive,9.9,190,4.4,4376,1806,1590,2647,1419
nissan,Nissan,Qashqai,Qashqai (2018),2018,2021,,1.6L dCI CVT AWD (130 HP),Diesel,4,1598,131,320,Automatic CVT Transmission,All Wheel Drive,11.1,183,4.6,4376,1806,1590,2647,1461
nissan,Nissan,Qashqai,Qashqai (2013),2013,2018,,1.2L DIG-T 6MT FWD (115 HP),Gasoline,4,1197,116,190,6-speed manual,Front Wheel Drive,10.9,185,5.6,4376,1806,1590,2647,1138
nissan,Nissan,Qashqai,Qashqai (2013),2013,2018,,1.2L DIG-T CVT FWD (115 HP),Gasoline,4,1197,116,190,CVT (Xtronic),Front Wheel Drive,12.9,172,5.6,4376,1806,1590,2647,1260
nissan,Nissan,Qashqai,Qashqai (2013),2013,2018,,1.6L DIG-T 6MT FWD (163 HP),Gasoline,4,1618,163,240,6-speed manual,Front Wheel Drive,9.1,190,5.8,4376,1806,1590,2647,1290
nissan,Nissan,Qashqai,Qashqai (2013),2013,2018,,1.5L dCI 6MT FWD (110 HP),Diesel,4,1461,110,260,6-speed manual,Front Wheel Drive,11.9,182,3.8,4376,1806,1590,2647,1365
nissan,Nissan,Qashqai,Qashqai (2013),2013,2018,,1.6L dCI 6MT AWD (130 HP),Diesel,4,1598,131,320,6-speed manual,All Wheel Drive,10.5,190,4.9,4376,1806,1590,2647,1518
nissan,Nissan,Qashqai,Qashqai (2013),2013,2018,,1.6L dCI 6MT FWD (130 HP),Diesel,4,1598,131,320,6-speed manual,Front Wheel Drive,9.9,190,4.4,4376,1806,1590,2647,1419
nissan,Nissan,Qashqai,Qashqai (2013),2013,2018,,1.6L dCI CVT AWD (130 HP),Diesel,4,1598,131,320,CVT (Xtronic),All Wheel Drive,11.1,183,4.6,4376,1806,1590,2647,1461
nissan,Nissan,Qashqai,Qashqai (2010),2010,2013,,1.6L 5MT FWD (115 HP),Gasoline,4,1598,114,156,5-speed manual,Front Wheel Drive,11.8,179,6.6,4331,1783,1615,2629,1297
nissan,Nissan,Qashqai,Qashqai (2010),2010,2013,,1.6L 5MT FWD (117 HP),Gasoline,4,1598,117,159,5-speed manual,Front Wheel Drive,11.9,180,6.2,4331,1783,1615,2629,1297
nissan,Nissan,Qashqai,Qashqai (2010),2010,2013,,1.6L CVT FWD (117 HP),Gasoline,4,1598,117,159,CVT,Front Wheel Drive,13,174,6.4,4331,1783,1615,2629,1344
nissan,Nissan,Qashqai,Qashqai (2010),2010,2013,,2.0L 6MT AWD (141 HP),Gasoline,4,1997,141,195,6-speed manual,All Wheel Drive,10.6,193,8.1,4331,1783,1615,2629,1356
nissan,Nissan,Qashqai,Qashqai (2010),2010,2013,,2.0L 6MT FWD (141 HP),Gasoline,4,1997,141,195,6-speed manual,Front Wheel Drive,10.1,195,7.8,4331,1783,1615,2629,1356
nissan,Nissan,Qashqai,Qashqai (2010),2010,2013,,2.0L CVT AWD (141 HP),Gasoline,4,1997,141,197,CVT,All Wheel Drive,11.3,180,7.9,4331,1783,1615,2629,1378
nissan,Nissan,Qashqai,Qashqai (2010),2010,2013,,2.0L CVT FWD (141 HP),Gasoline,4,1997,141,197,CVT,Front Wheel Drive,10.7,183,7.5,4331,1783,1615,2629,1378
nissan,Nissan,Qashqai,Qashqai (2010),2010,2013,,1.5L dCi 6MT FWD (103 HP),Diesel,4,1461,103,240,6-speed manual,Front Wheel Drive,12.5,175,5.2,4331,1783,1615,2629,1418
nissan,Nissan,Qashqai,Qashqai (2010),2010,2013,,1.5L dCi 6MT FWD (110 HP),Diesel,4,1461,110,240,6-speed manual,Front Wheel Drive,12.4,177,4.9,4331,1783,1615,2629,1418
nissan,Nissan,Qashqai,Qashqai (2010),2010,2013,,1.5L dCi Eco 6MT FWD (106 HP),Diesel,4,1461,106,240,6-speed manual,Front Wheel Drive,12.8,175,4.9,4331,1783,1615,2629,1407
nissan,Nissan,Qashqai,Qashqai (2010),2010,2013,,1.5L dCi FWD 6MT (106 HP),Diesel,4,1461,106,240,6-speed manual,Front Wheel Drive,12.2,177,5.1,4331,1783,1615,2629,1407
nissan,Nissan,Qashqai,Qashqai (2010),2010,2013,,1.6L dCi AWD 6MT (130 HP),Diesel,4,1598,131,320,6-speed manual,All Wheel Drive,10.9,190,5.1,4331,1783,1615,2629,1562
nissan,Nissan,Qashqai,Qashqai (2010),2010,2013,,1.6L dCi FWD 6MT (130 HP),Diesel,4,1598,131,320,6-speed manual,Front Wheel Drive,10.3,190,4.5,4331,1783,1615,2629,1498
nissan,Nissan,Qashqai,Qashqai (2010),2010,2013,,2.0L dCi 6MT AWD (150 HP),Diesel,4,1995,150,320,6-speed manual,All Wheel Drive,9.9,193,6.7,4331,1783,1615,2629,1568
nissan,Nissan,Qashqai,Qashqai (2007),2007,2010,,1.6L 16V 5MT FWD (115 HP),Gasoline,4,1598,114,156,5-Speed manual,Front Wheel Drive,12,175,6.7,4321,1781,1621,2629,1272
nissan,Nissan,Qashqai,Qashqai (2007),2007,2010,,2.0L 16v 5MT (140 HP),Gasoline,4,1997,141,196,6-Speed manual,Front Wheel Drive,10.1,192,8.2,4321,1781,1621,2629,1331
nissan,Nissan,Qashqai,Qashqai (2007),2007,2010,,1.5L dCi 6MT FWD (106 HP),Diesel,4,1461,106,240,6-Speed manual,Front Wheel Drive,12.2,174,5.4,4321,1781,1621,2629,1382
nissan,Nissan,Qashqai,Qashqai (2007),2007,2010,,2.0L dCi 6AT AWD (150 HP),Diesel,4,1994,150,320,6-speed automatic,All Wheel Drive,12,185,7.8,4321,1781,1621,2629,1568
nissan,Nissan,Qashqai,Qashqai (2007),2007,2010,,2.0L dCi 6MT AWD (150 HP),Diesel,4,1994,150,320,6-Speed manual,All Wheel Drive,10.9,190,6.6,4321,1781,1621,2629,1568
nissan,Nissan,Qashqai,Qashqai (2007),2007,2010,,2.0L dCi 6MT FWD (150 HP),Diesel,4,1994,150,320,6-Speed manual,Front Wheel Drive,10.5,192,6.6,4321,1781,1621,2629,1520
nissan,Nissan,Quest,Quest (2011),2011,2017,,3.5L CVT (260 HP),Gasoline,6,3498,260,325,Xtronic CVT,Front Wheel Drive,,,,5100,1971,1816,3000,1937
nissan,Nissan,Quest,Quest (2009),2009,2011,,3.5L V6 5AT FWD (235 HP),Gasoline,6,3494,235,329,5-speed automatic,Front Wheel Drive,9,185,12.4,5184,1971,1826,3150,1947
nissan,Nissan,Quest,Quest (2004),2004,2008,,3.5L V6 4AT (243 HP),Gasoline,6,3500,243,241,4-Speed automatic,Front Wheel Drive,,,,5184,1971,1826,3150,1833
nissan,Nissan,Rogue,Rogue (2023),2023,,,1.5L VC-Turbo CVT Xtronic AWD (201 HP),Gasoline,3,1498,204,305,CVT Xtronic,All Wheel Drive,,,,4648,1839,66,2705,1619
nissan,Nissan,Rogue,Rogue (2023),2023,,,1.5L VC-Turbo CVT Xtronic FWD (201 HP),Gasoline,3,1498,204,305,CVT Xtronic,Front Wheel Drive,,,,4648,1839,66,2705,
nissan,Nissan,Rogue,Rogue (2023),2023,,,2.4L PHEV 1AT AWD (248 HP),Plug-in Hybrid,4,2360,132.8,195,1-speed automatic,All Wheel Drive,,,,4709,1913,1740,2705,
nissan,Nissan,Rogue,Rogue (2020),2020,2023,,1.5L V-Turbo FWD,Gasoline,3,,,,,Front Wheel Drive,,,,4648,1839,1699,2705,
nissan,Nissan,Rogue,Rogue (2020),2020,2023,,2.5L 16V CVT FWD (181 HP),Gasoline,4,2488,181,245,CVT Xtronic,Front Wheel Drive,,,,4648,1839,1699,2705,
nissan,Nissan,Rogue,Rogue (2019),2019,2022,,2.0L 16V CVT AWD (141 HP),Gasoline,4,1997,141,199,CVT Xtronic,All Wheel Drive,,,8.7,4397,1836,1588,2647,
nissan,Nissan,Rogue,Rogue (2019),2019,2022,,2.0L 16V CVT FWD (141 HP),Gasoline,4,1997,141,199,CVT Xtronic,Front Wheel Drive,,,8.4,4397,1836,1588,2647,
nissan,Nissan,Rogue,Rogue (2016),2016,2020,,2.5L CVT AWD (170 HP),Gasoline,4,2488,172,237,CVT,All Wheel Drive,,,,4686,1839,1730,2705,1612
nissan,Nissan,Rogue,Rogue (2016),2016,2020,,2.5L CVT FWD (170 HP),Gasoline,4,2488,172,237,CVT,Front Wheel Drive,,,,4686,1839,1730,2705,1553
nissan,Nissan,Rogue,Rogue (2016),2016,2020,,2.0L CVT AWD (176 HP),Hybrid Gasoline,4,1997,143,195,CVT,All Wheel Drive,,,,4686,1839,1730,2705,1699
nissan,Nissan,Rogue,Rogue (2016),2016,2020,,2.0L CVT FWD (176 HP),Hybrid Gasoline,4,1997,143,195,CVT,Front Wheel Drive,,,,4686,1839,1730,2705,1644
nissan,Nissan,Rogue,Rogue (2013),2013,2016,,2.5L AWD CVT (170 HP),Gasoline,4,2488,173,237,Continuously Variable Transmission (CVT),All Wheel Drive,,,,4643,1829,1715,2705,
nissan,Nissan,Rogue,Rogue (2013),2013,2016,,2.5L FWD CVT (170 HP),Gasoline,4,2488,173,237,Continuously Variable Transmission (CVT),Front Wheel Drive,,,,4643,1829,1715,2705,
nissan,Nissan,Rogue,Rogue (2007),2007,2014,,2.5L CVT AWD (173 HP),Gasoline,4,2488,173,237,CVT Automatic,All Wheel Drive,,,,4646,1801,1659,2690,1563
nissan,Nissan,Rogue,Rogue (2007),2007,2014,,2.5L CVT FWD (173 HP),Gasoline,4,2488,173,237,"Automatic, CVT",Front Wheel Drive,,,,4646,1801,1659,2690,1493
nissan,Nissan,Sakura,Sakura (2022),2022,,,20 KWh,Electric,,,,,,Front Wheel Drive,,,,3396,1476,1656,2494,
nissan,Nissan,Sentra,Sentra (2025),2025,,,2.0L AT Xtronic FWD (151 HP),Gasoline,4,1997,151.1,198,automatic transmission Xtronic,Front Wheel Drive,,,,4656,1816,1450,2751,
nissan,Nissan,Sentra,Sentra (2023),2023,2025,,2.0L CVT FWD (151 HP),Gasoline,4,1997,151,198,CVT Xtronic,Front Wheel Drive,,,,4646,1816,1445,2708,
nissan,Nissan,Sentra,Sentra (2019),2019,2023,,2.0L CVT FWD (149 HP),Gasoline,4,1997,149,198,CVT Xtronic,Front Wheel Drive,,,,4641,1816,1445,2713,1382
nissan,Nissan,Sentra,Sentra (2015),2015,2019,,1.6L 6MT FWD (188 HP),Gasoline,4,1618,191,240,6-speed manual,Front Wheel Drive,,,,4625,1760,1496,2700,1365
nissan,Nissan,Sentra,Sentra (2015),2015,2019,,1.6L CVT FWD (188 HP),Gasoline,4,1618,191,240,CVT (Xtronic),Front Wheel Drive,,,,4625,1760,1496,2700,1395
nissan,Nissan,Sentra,Sentra (2015),2015,2019,,1.8L 6MT FWD (130 HP),Gasoline,4,1797,132,174,6-speed manual,Front Wheel Drive,,,,4625,1760,1496,2700,1292
nissan,Nissan,Sentra,Sentra (2015),2015,2019,,1.8L CVT FWD (124 HP),Gasoline,4,1618,191,169,CVT,Front Wheel Drive,,,,4625,1760,1496,2700,
nissan,Nissan,Sentra,Sentra (2015),2015,2019,,1.8L CVT FWD (130 HP),Gasoline,4,1797,132,174,CVT,Front Wheel Drive,,,,4625,1760,1496,2700,1305
nissan,Nissan,Sentra,Sentra (2012),2012,2015,,1.8L 6MT (130 HP),Gasoline,4,1798,130,174,6-speed manual,Front Wheel Drive,10.3,190,7.8,4625,1760,1496,2700,1280
nissan,Nissan,Sentra,Sentra (2012),2012,2015,,1.8L CVT (130 HP),Gasoline,4,1798,130,174,CVT,Front Wheel Drive,11.2,190,6.9,4625,1760,1496,2700,1281
nissan,Nissan,Sentra,Sentra (2006),2006,2012,,2.0L 16V 6MT FWD (140 HP),Gasoline,4,1997,140,199,6-speed manual,Front Wheel Drive,,,,4567,1791,1511,2685,1318
nissan,Nissan,Sentra,Sentra (2006),2006,2012,,2.0L 16V CVT FWD (140 HP),Gasoline,4,1997,140,199,CVT,Front Wheel Drive,,,,4567,1791,1511,2685,1304
nissan,Nissan,Sentra,Sentra (2006),2006,2012,,2.5L CVT FWD (177 HP),Gasoline,4,2488,177,233,Xtronic CVT,Front Wheel Drive,,,,4567,1791,1511,2685,1420
nissan,Nissan,Sentra,Sentra (2006),2006,2012,,2.L 6MT FWD (200 HP),Gasoline,4,2488,200,244,6 speed manual,Front Wheel Drive,,,,4567,1791,1511,2685,1410
nissan,Nissan,Sentra,Sentra (2006),2006,2012,,2.5L 16V FWD (180 HP),Gasoline,4,2488,179,233,CVT,Front Wheel Drive,,,,4575,1791,1501,2685,1393
nissan,Nissan,Sentra,Sentra (2006),2006,2012,,2.5L 16V FWD (203 HP),Gasoline,4,2488,203,244,"Manual, 6 Speed",Front Wheel Drive,,,,4575,1791,1501,2685,
nissan,Nissan,Sentra,Sentra (2004),2004,2006,,2.5L 16V FWD (167 HP),Gasoline,4,2489,167,237,4-speed automatic,Front Wheel Drive,,,9.4,4509,1709,1410,2535,1252
nissan,Nissan,Sentra,Sentra (2004),2004,2006,,2.5L 16V FWD (177 HP),Gasoline,4,2489,177,244,6-speed manual,Front Wheel Drive,,,,4509,1709,1410,2535,1229
nissan,Nissan,Sentra,Sentra (2000),2000,2006,,1.8L 16V 5MT (128 HP),Gasoline,4,1769,129,175,5-Speed manual,Front Wheel Drive,,175,,4509,1709,1410,2535,1151
nissan,Nissan,Sentra,Sentra (2000),2000,2006,,2.5L 16V 5MT (165 HP),Gasoline,4,2488,165,231,5-Speed manual,Front Wheel Drive,,,,4509,1709,1410,2535,1230
nissan,Nissan,Serena,Serena (2016),2016,2022,,1.2L e-Power FWD (136 HP),Mild Hybrid,3,1198,84,103,,Front Wheel Drive,,,3.8,4689,1694,1864,2860,
nissan,Nissan,Serena,Serena (2016),2016,2022,,2.0L S- CVT AWD (150 HP),Mild Hybrid,4,1997,150,200,CVT (Xtronic),All Wheel Drive,,,6.3,4689,1694,1864,2860,
nissan,Nissan,Serena,Serena (2016),2016,2022,,2.0L S- CVT FWD (150 HP),Mild Hybrid,4,1997,150,200,CVT (Xtronic),Front Wheel Drive,,,5.8,4689,1694,1864,2860,
nissan,Nissan,Serena,Serena (2010),2010,2016,,2.0L CVT FWD (129 HP),Gasoline,4,1997,129,187,CVT (Xtronic),Front Wheel Drive,,,,4770,1725,1849,2860,1700
nissan,Nissan,Serena,Serena (2010),2010,2016,,2.0L CVT FWD (147 HP),Gasoline,4,1997,147,210,CVT (Xtronic),Front Wheel Drive,13,171,,4770,1725,1849,2860,1630
nissan,Nissan,Serena,Serena (2005),2005,2010,,2.0L CVT AWD (137 HP),Gasoline,4,1997,137,,CVT (Xtronic),All Wheel Drive,,,,,,,,
nissan,Nissan,Serena,Serena (2005),2005,2010,,2.0L CVT FWD (137 HP),Gasoline,4,1997,137,,CVT (Xtronic),Front Wheel Drive,,,,,,,,
nissan,Nissan,Serena,Serena (1999),1999,2012,,2.0L CVT FWD (145 HP),Gasoline,4,1998,145,179,CVT (Xtronic),Front Wheel Drive,15,166,8.3,4521,1694,1829,2695,1610
nissan,Nissan,Serena,Serena (1999),1999,2012,,2.5L CVT FWD (150 HP),Diesel,4,2488,150,280,CVT (Xtronic),Front Wheel Drive,13,171,7.8,4521,1694,1829,2695,1720
nissan,Nissan,Serena,Serena (1991),1991,2001,,1.6L 16V 5MT RWD (97 HP),Gasoline,4,1597,97,132,5-Speed manual,Rear Wheel Drive,18.1,150,9.9,4321,1709,1839,2741,1385
nissan,Nissan,Serena,Serena (1991),1991,2001,,2.0L 16V 4AT RWD (140 HP),Gasoline,4,1998,140,181,4-Speed automatic,Rear Wheel Drive,12.2,171,11.1,4321,1709,1839,2741,1485
nissan,Nissan,Serena,Serena (1991),1991,2001,,2.0L 16V 5MT AWD (140 HP),Gasoline,4,1998,140,181,5-Speed manual,All Wheel Drive,12.2,171,11.1,4321,1709,1839,2741,1550
nissan,Nissan,Serena,Serena (1991),1991,2001,,2.0L 16V 5MT RWD (126 HP),Gasoline,4,1998,126,169,5-Speed manual,Rear Wheel Drive,13,171,10,4321,1709,1839,2741,1485
nissan,Nissan,Serena,Serena (1991),1991,2001,,2.0L 16V 5MT RWD (140 HP),Gasoline,4,1998,140,181,5-Speed manual,Rear Wheel Drive,12.2,171,11.1,4321,1709,1839,2741,1485
nissan,Nissan,Serena,Serena (1991),1991,2001,,1.6L 16V 4AT RWD (97 HP),Diesel,4,1952,75,145,4-Speed automatic,Rear Wheel Drive,26.5,135,9.6,4321,1709,1839,2741,1496
nissan,Nissan,Serena,Serena (1991),1991,2001,,2.0L D 4AT RWD (75 HP),Diesel,4,1952,75,145,4-Speed automatic,Rear Wheel Drive,26.5,135,9.6,4321,1709,1839,2741,1496
nissan,Nissan,Serena,Serena (1991),1991,2001,,2.0L D 5MT AWD (75 HP),Diesel,4,1952,75,145,5-Speed manual,All Wheel Drive,26.5,135,9.6,4321,1709,1839,2741,1620
nissan,Nissan,Serena,Serena (1991),1991,2001,,2.0L D 5MT FWD (67 HP),Diesel,4,1952,67,169,5-Speed manual,Rear Wheel Drive,31,130,8.3,4321,1709,1839,2741,1460
nissan,Nissan,Serena,Serena (1991),1991,2001,,2.0L D 5MT FWD (75 HP),Diesel,4,1952,75,145,5-Speed manual,Rear Wheel Drive,23.5,135,9.6,4321,1709,1839,2741,1496
nissan,Nissan,Skyline,Skyline (2006),2006,2010,,3.5L V6 6MT (310 HP),Gasoline,6,3498,310,362,6-Speed manual,Rear Wheel Drive,,,,4750,1773,1453,2850,1602
nissan,Nissan,Skyline,Skyline (2002),2002,2007,,2.5L V6 5AT RWD (215 HP),Gasoline,6,2495,215,270,5-speed automatic,Rear Wheel Drive,12,190,8.3,4676,1750,1471,2850,1450
nissan,Nissan,Skyline,Skyline (2002),2002,2007,,3.0L V6 5AT RWD (260 HP),Gasoline,6,2987,260,324,5-speed automatic,Rear Wheel Drive,,,8.6,4676,1750,1471,2850,1490
nissan,Nissan,Skyline,Skyline (2002),2002,2007,,3.5L V6 6MT RWD (272 HP),Gasoline,6,3498,272,353,6-Speed manual,Rear Wheel Drive,,,10.3,4676,1750,1471,2850,1490
nissan,Nissan,Skyline,Skyline (2002),2002,2007,,3.5L V6 6MT RWD (293 HP),Gasoline,6,3498,292,350,6-Speed manual,Rear Wheel Drive,,,,4676,1750,1471,2850,1490
nissan,Nissan,Skyline,Skyline (2001),2001,2006,,2.5L V6 4AT RWD (215 HP),Gasoline,6,2495,215,270,4-Speed automatic,Rear Wheel Drive,12,220,8.3,4676,1750,1471,2850,1450
nissan,Nissan,Skyline,Skyline (2001),2001,2006,,3.0L V6 5AT RWD (260 HP),Gasoline,6,2987,260,324,5-speed automatic,Rear Wheel Drive,,,8.6,4676,1750,1471,2850,1490
nissan,Nissan,Skyline,Skyline (2001),2001,2006,,3.5L V6 6MT RWD (272 HP),Gasoline,6,3498,272,353,6-Speed manual,Rear Wheel Drive,,,10.3,4676,1750,1471,2850,1490
nissan,Nissan,Sunny,Sunny (2010),2010,2019,,1.5L 5MT FWD (99 HP),Gasoline,4,1498,99,134,5-manual speed,Front Wheel Drive,,,,4425,1694,1506,2601,998
nissan,Nissan,Sunny,Sunny (2010),2010,2019,,1.5L CVT FWD (99 HP),Gasoline,4,1498,99,134,Continuously Variable Transmission (CVT),Front Wheel Drive,,,,4425,1694,1506,2601,1040
nissan,Nissan,Sunny,Sunny (2010),2010,2019,,1.5L dCI 5MT FWD (86 HP),Diesel,4,1461,86,201,5-manual speed,Front Wheel Drive,,,,4425,1694,1506,2601,1092
nissan,Nissan,Sunny,Sunny 3 Doors (1993),1993,1995,,1.4L 16V 5MT FWD (87 HP),Gasoline,4,1392,87,116,5-Speed manual,Front Wheel Drive,12.5,171,6.3,3980,1669,1400,2431,1010
nissan,Nissan,Sunny,Sunny 3 Doors (1993),1993,1995,,1.6L 16V 5MT FWD (102 HP),Gasoline,4,1597,102,136,5-Speed manual,Front Wheel Drive,10.7,180,6.8,3980,1669,1400,2431,1030
nissan,Nissan,Sunny,Sunny 3 Doors (1993),1993,1995,,2.0d 5MT FWD (78 HP),Diesel,4,1974,78,132,5-Speed manual,Front Wheel Drive,16.1,159,5.9,3980,1669,1400,2431,1080
nissan,Nissan,Sunny,Sunny Hatchback (1993),1993,1995,,1.4L 16V 5MT FWD (87 HP),Gasoline,4,1392,87,116,5-Speed manual,Front Wheel Drive,12.5,170,6.3,4140,1669,1400,2431,1040
nissan,Nissan,Sunny,Sunny Hatchback (1993),1993,1995,,1.6L 16V 5MT FWD (102 HP),Gasoline,4,1597,102,136,5-Speed manual,Front Wheel Drive,10.7,180,6.8,4140,1669,1400,2431,1060
nissan,Nissan,Sunny,Sunny Hatchback (1993),1993,1995,,2.0d 5MT FWD (78 HP),Diesel,4,1974,75,132,5-Speed manual,Front Wheel Drive,16.1,159,5.9,4140,1669,1400,2431,1120
nissan,Nissan,Sunny,Sunny Sedan (1993),1993,1995,,1.4L 16V 5MT (87 HP),Gasoline,4,1392,87,116,5-Speed manual,Front Wheel Drive,12.5,171,6.3,4229,1669,1400,2431,1030
nissan,Nissan,Sunny,Sunny Sedan (1993),1993,1995,,1.6L 16V 5MT (102 HP),Gasoline,4,1597,102,136,5-Speed manual,Front Wheel Drive,10.7,180,6.8,4229,1669,1400,2431,1040
nissan,Nissan,Sunny,Sunny Sedan (1993),1993,1995,,2.0d 5MT (75 HP),Diesel,4,1974,75,132,5-Speed manual,Front Wheel Drive,16.1,159,5.9,4229,1669,1400,2431,1100
nissan,Nissan,Sunny Traveller,Sunny Traveller (1993),1993,1996,,1.6L 16V 5MT FWD (102 HP),Gasoline,4,1597,102,136,5-Speed manual,Front Wheel Drive,10.7,172,7.7,4181,1659,1481,2400,1020
nissan,Nissan,Sunny Traveller,Sunny Traveller (1993),1993,1996,,2.0d 5MT FWD (75 HP),Diesel,4,1974,75,132,5-Speed manual,Front Wheel Drive,17.2,154,6.4,4181,1659,1481,2400,1110
nissan,Nissan,Teana,Teana (2009),2009,2013,,2.0L CVT FWD (136 HP),Gasoline,4,1997,136,190,XTRONIC CVT (Continuously Variable Transmission),Front Wheel Drive,,,,4849,1796,1486,2776,1455
nissan,Nissan,Teana,Teana (2009),2009,2013,,2.5L V6 CVT FWD (182 HP),Gasoline,6,2496,182,228,XTRONIC CVT (Continuously Variable Transmission),Front Wheel Drive,,,,4849,1796,1486,2776,1506
nissan,Nissan,Teana,Teana (2009),2009,2013,,3.5L V6 CVT FWD (252 HP),Gasoline,6,3498,252,325,XTRONIC CVT (Continuously Variable Transmission),Front Wheel Drive,,,,4849,1796,1486,2776,1506
nissan,Nissan,Teana,Teana (2003),2003,2009,,2.0L CVT FWD (143 HP),Gasoline,4,1998,145,195,CVT,Front Wheel Drive,11.7,,,4470,1765,1476,2776,
nissan,Nissan,Teana,Teana (2003),2003,2009,,2.3L 4AT FWD (173 HP),Gasoline,6,2349,173,225,4 speed automatic,Front Wheel Drive,,,,4470,1765,1476,2776,1460
nissan,Nissan,Teana,Teana (2003),2003,2009,,2.5L 4AT FWD (160 HP),Gasoline,4,2488,160,240,4-speed automatic,All Wheel Drive,,,,4470,1765,1476,2776,1470
nissan,Nissan,Teana,Teana (2003),2003,2009,,3.5L V6 CVT FWD (231 HP),Gasoline,6,3498,231,334,CVT,Front Wheel Drive,6.3,,,4470,1765,1476,2776,1520
nissan,Nissan,Terrano,Terrano 3 Doors (2002),2002,2006,,2.7L TD 5MT (125 HP),Diesel,4,2664,125,278,5-Speed manual,All Wheel Drive,15.7,154,9.8,4249,1760,1808,2449,1685
nissan,Nissan,Terrano,Terrano 3 Doors (2002),2002,2006,,3.0L TDi 5MT (154 HP),Diesel,4,2953,154,304,5-Speed manual,All Wheel Drive,13.3,171,8.8,4249,1758,1808,2449,1753
nissan,Nissan,Terrano,Terrano 3 Doors (2000),2000,2002,,2.4L 5MT (118 HP),Gasoline,4,2389,118,191,5-Speed manual,All Wheel Drive,13.7,160,11.9,4219,1760,1829,2449,1640
nissan,Nissan,Terrano,Terrano 3 Doors (2000),2000,2002,,2.7L TD 5MT (125 HP),Diesel,4,2664,125,278,5-Speed manual,All Wheel Drive,15.7,155,9.8,4219,1760,1829,2449,1755
nissan,Nissan,Terrano,Terrano 3 Doors (1996),1996,2000,,2.4L 5MT AWD (118 HP),Gasoline,4,2389,118,191,5-Speed manual,All Wheel Drive,13.7,160,11.9,4181,1760,1829,2449,1595
nissan,Nissan,Terrano,Terrano 3 Doors (1996),1996,2000,,2.7L TD 5MT AWD (125 HP),Diesel,4,2664,125,278,5-Speed manual,All Wheel Drive,15.7,155,10.1,4181,1760,1829,2449,1710
nissan,Nissan,Terrano,Terrano 3 Doors (1993),1993,1996,,2.4i 12V 5MT AWD (124 HP),Gasoline,4,2389,124,197,5-Speed manual,All Wheel Drive,13.2,159,11.1,4100,1740,1801,2449,1637
nissan,Nissan,Terrano,Terrano 3 Doors (1993),1993,1996,,2.7L TD 5MT AWD (100 HP),Diesel,4,2663,100,221,5-Speed manual,All Wheel Drive,19,145,10.9,4100,1740,1801,2449,1743
nissan,Nissan,Terrano,Terrano 3 Doors (1988),1988,1993,,2.4L 5MT AWD (103 HP),Gasoline,4,2372,103,178,5-Speed manual,All Wheel Drive,16.6,150,12.7,4359,1689,1689,2649,1630
nissan,Nissan,Terrano,Terrano 3 Doors (1988),1988,1993,,3.0L 5MT AWD (148 HP),Gasoline,6,2960,148,239,5-Speed manual,All Wheel Drive,14.8,159,13.4,4359,1689,1689,2649,1740
nissan,Nissan,Terrano,Terrano 3 Doors (1988),1988,1993,,2.7L TD 5MT AWD (99 HP),Diesel,4,2664,99,220,5-Speed manual,All Wheel Drive,18,150,,4359,1689,1689,2649,1630
nissan,Nissan,Terrano,Terrano 5 Doors (2013),2013,2019,,1.6L MPI 2WD 5MT (85 HP),Gasoline,4,1598,103,145,5-speed manual,Front Wheel Drive,,,7.6,4331,1821,1671,2672,
nissan,Nissan,Terrano,Terrano 5 Doors (2013),2013,2019,,1.5L dCI 2WD 5MT (85 HP),Diesel,4,1461,86,201,5-speed manual,Front Wheel Drive,,,4.9,4331,1821,1671,2672,
nissan,Nissan,Terrano,Terrano 5 Doors (2013),2013,2019,,1.5L dCI 2WD 6MT (105 HP),Diesel,4,1461,110,248,6-speed manual,Front Wheel Drive,,,5.3,4331,1821,1671,2672,
nissan,Nissan,Terrano,Terrano 5 Doors (2002),2002,2005,,2.7L TD 5MT (125 HP),Diesel,4,2664,125,278,5-Speed manual,All Wheel Drive,16.7,154,9.9,4729,1760,1808,2649,1800
nissan,Nissan,Terrano,Terrano 5 Doors (2002),2002,2005,,3.0L TDi 5MT (154 HP),Diesel,4,2953,154,304,5-Speed manual,All Wheel Drive,13.5,171,9.1,4730,1760,1810,2650,1863
nissan,Nissan,Terrano,Terrano 5 Doors (2000),2000,2002,,2.4L 5MT (118 HP),Gasoline,4,2389,118,191,5-Speed manual,All Wheel Drive,14.3,160,12.3,4699,1760,1849,2449,1760
nissan,Nissan,Terrano,Terrano 5 Doors (2000),2000,2002,,2.7L TDi 5MT (125 HP),Diesel,4,2664,125,278,5-Speed manual,All Wheel Drive,16.7,155,9.9,4699,1760,1849,2449,1885
nissan,Nissan,Terrano,Terrano 5 Doors (1996),1996,2000,,2.4L 5MT (118 HP),Gasoline,4,2389,118,191,5-Speed manual,All Wheel Drive,14.3,160,12.3,4661,1760,1849,2449,1725
nissan,Nissan,Terrano,Terrano 5 Doors (1996),1996,2000,,2.7L TDi 5MT (125 HP),Diesel,4,2664,125,278,5-Speed manual,All Wheel Drive,16.7,155,10.5,4661,1760,1849,2449,1850
nissan,Nissan,Terrano,Terrano 5 Doors (1993),1993,1996,,2.4L 5MT (124 HP),Gasoline,4,2389,124,197,5-Speed manual,All Wheel Drive,14,159,11.4,4580,1740,1808,2649,1781
nissan,Nissan,Terrano,Terrano 5 Doors (1993),1993,1996,,2.7L D 5MT (101 HP),Diesel,4,2664,101,221,5-Speed manual,All Wheel Drive,19.9,145,10.1,4580,1740,1808,2649,1898
nissan,Nissan,Terrano,Terrano 5 Doors (1990),1990,1993,,2.4i 5MT AWD (103 HP),Gasoline,4,2388,103,186,5-Speed manual,All Wheel Drive,,154,12.5,4366,1689,1679,2649,1540
nissan,Nissan,Terrano,Terrano 5 Doors (1990),1990,1993,,3.0L 4AT AWD (148 HP),Gasoline,4,2664,148,239,4-speed automatic,All Wheel Drive,12.6,166,14.3,4366,1689,1679,2649,1835
nissan,Nissan,Terrano,Terrano 5 Doors (1990),1990,1993,,3.0L 5MT AWD (148 HP),Gasoline,6,2960,148,239,5-Speed manual,All Wheel Drive,12.6,166,14.3,4359,1689,1689,2649,1750
nissan,Nissan,Terrano,Terrano 5 Doors (1990),1990,1993,,2.7L TD 5MT AWD (99 HP),Diesel,4,2664,99,220,5-Speed manual,All Wheel Drive,18,150,,4359,1689,1689,2649,1790
nissan,Nissan,Tiida / Versa,Tiida / Versa Sedan (2022),2022,,,S 1.6L 5MT (122 HP),Gasoline,4,1598,122,155,5-speed manual,Front Wheel Drive,,,7.8,4496,1740,1455,2619,1179
nissan,Nissan,Tiida / Versa,Tiida / Versa Sedan (2022),2022,,,SR 1.6L CVT Xtronic (122 HP),Gasoline,4,1598,122,155,CVT Xtronic,Front Wheel Drive,,,6.7,4496,1740,1455,2619,1238
nissan,Nissan,Tiida / Versa,Tiida / Versa Sedan (2022),2022,,,SV 1.6L CVT Xtronic (122 HP),Gasoline,4,1598,122,155,CVT Xtronic,Front Wheel Drive,,,7.8,4496,1740,1455,2619,1205
nissan,Nissan,Tiida / Versa,Tiida / Versa Sedan (2019),2019,2022,,1.6L 5MT FWD (122 HP),Gasoline,4,1598,122,155,5-Speed manual,Front Wheel Drive,,,7.8,4496,1740,1455,2619,1179
nissan,Nissan,Tiida / Versa,Tiida / Versa Sedan (2019),2019,2022,,1.6L CVT FWD (122 HP),Gasoline,4,1598,122,155,CTV Xtronic,Front Wheel Drive,,,6.7,4496,1740,1455,2619,1202
nissan,Nissan,Tiida / Versa,Tiida / Versa Sedan (2011),2011,2019,,1.6L 4AT FWD (109 HP),Gasoline,4,1598,109,145,4-Speed manual,Front Wheel Drive,,,7.8,4455,1694,1514,2601,1094
nissan,Nissan,Tiida / Versa,Tiida / Versa Sedan (2011),2011,2019,,1.6L CVT FWD (109 HP),Gasoline,4,1598,109,145,CVT,Front Wheel Drive,,,6.7,4455,1694,1514,2601,1107
nissan,Nissan,Tiida / Versa,Tiida / Versa Sedan (2011),2011,2019,,1.6L MT FWD (109 HP),Gasoline,4,1598,109,145,5-Speed manual,Front Wheel Drive,,,7.8,4455,1694,1514,2601,1068
nissan,Nissan,Tiida / Versa,Tiida / Versa Sedan (2006),2006,2011,,1.5L 16V 4AT FWD (108 HP),Gasoline,4,1498,109,148,4-speed automatic,Front Wheel Drive,10.5,187,6,4394,1694,1539,2601,1100
nissan,Nissan,Tiida / Versa,Tiida / Versa Sedan (2006),2006,2011,,1.6L 16V 5MT FWD (112 HP),Gasoline,4,1598,111,152,5-Speed manual,Front Wheel Drive,10.4,185,6.9,4394,1694,1539,2601,1119
nissan,Nissan,Tiida / Versa,Tiida / Versa Sedan (2006),2006,2011,,1.8L 16V 6MT FWD (125 HP),Gasoline,4,1798,128,168,6-Speed manual,Front Wheel Drive,10.4,195,7.8,4394,1694,1539,2601,1150
nissan,Nissan,Tiida / Versa,Tiida / Versa Sedan (2006),2006,2011,,1.5L dCi 6MT FWD (105 HP),Diesel,4,1461,106,240,6-Speed manual,Front Wheel Drive,11.3,186,5.2,4394,1694,1539,2601,1295
nissan,Nissan,Tiida / Versa,Tiida / Versa (2006),2006,2018,,1.5L 16V 4AT FWD (108 HP),Gasoline,4,1598,109,148,4-speed automatic,Front Wheel Drive,,190,6,4206,1694,1534,2601,1100
nissan,Nissan,Tiida / Versa,Tiida / Versa (2006),2006,2018,,1.6L 16V 5MT FWD (112 HP),Gasoline,4,1598,111,152,5-Speed manual,Front Wheel Drive,10.4,185,6.9,4303,1694,1534,2596,1100
nissan,Nissan,Tiida / Versa,Tiida / Versa (2006),2006,2018,,1.8L 16V 5MT FWD (112 HP),Gasoline,4,1798,128,168,6-Speed manual,Front Wheel Drive,10.4,190,7.8,4303,1694,1534,2596,1232
nissan,Nissan,Tiida / Versa,Tiida / Versa (2006),2006,2018,,1.5L dCi 6MT FWD (105 HP),Diesel,4,1461,106,240,6-Speed manual,Front Wheel Drive,11.3,185,5.2,4303,1694,1534,2596,1314
nissan,Nissan,Titan,Titan Crew Cab (2019),2019,2024,,5.6L V8 9AT 4x4 (400 HP),Gasoline,8,5552,400,560,9-speed automatic,All Wheel Drive,,,,5794,2019,1930,3551,
nissan,Nissan,Titan,Titan Crew Cab (2016),2016,2019,,5.6L V8 7AT AWD (390 HP),Gasoline,8,5552,395.4,534,7-speed automatic,All Wheel Drive,,,13.8,5794,2019,1915,3551,2498
nissan,Nissan,Titan,Titan Crew Cab (2016),2016,2019,,5.6L V8 7AT RWD (390 HP),Gasoline,8,5552,395.4,534,7-speed automatic,Rear Wheel Drive,,,13.1,5794,2019,1915,3551,2498
nissan,Nissan,Titan,Titan Crew Cab (2015),2015,2019,,5.0L V8 6AT AWD (310 HP),Diesel,8,4981,314,752,6-speed automatic,All Wheel Drive,,,13.1,6187,2050,1989,3851,3292
nissan,Nissan,Titan,Titan Crew Cab (2015),2015,2019,,5.0L V8 6AT RWD (310 HP),Diesel,8,4981,314,752,6-speed automatic,Rear Wheel Drive,,,13.1,6187,2050,1989,3851,3232
nissan,Nissan,Titan,Titan Crew Cab (2004),2004,2015,,5.6L V8 5AT (305 HP),Gasoline,8,5552,305,522,5-speed automatic,Rear Wheel Drive,,,14.7,5695,1999,1908,3551,2277
nissan,Nissan,Titan,Titan Crew Cab (2004),2004,2015,,5.6L V8 5AT (317 HP),Gasoline,8,5552,317,522,5-speed automatic,Rear Wheel Drive,,,14.7,5695,1999,1908,3551,2277
nissan,Nissan,Titan,Titan King Cab (2009),2009,2015,,5.6L V8 5AT RWD (317 HP),Gasoline,8,5552,321,522,"Automatic, 5 Speed",Rear Wheel Drive,,,,5705,2019,1933,3551,1027
nissan,Nissan,Titan,Titan King Cab (2004),2004,2009,,5.6L V8 (305 HP),Gasoline,8,5552,305,522,"Automatic, 5 Speed",Rear Wheel Drive,,,14.7,5695,2002,1946,3551,2253
nissan,Nissan,Titan,Titan King Cab (2004),2004,2009,,5.6L V8 (317 HP),Gasoline,8,5552,317,522,"Automatic, 5 Speed",Rear Wheel Drive,,,14.7,5695,2002,1946,3551,2253
nissan,Nissan,X-Trail,X-Trail (2026),2026,,,2.5L CVT FWD (181 HP),Gasoline,4,,181,244,CVT,Front Wheel Drive,,,,4681,2065,1725,2705,
nissan,Nissan,X-Trail,X-Trail (2026),2026,,,1.5L e-Power AWD (204 HP),Hybrid Gasoline,3,,204,,CVT,All Wheel Drive,,,,4681,2065,1725,2705,
nissan,Nissan,X-Trail,X-Trail (2022),2022,2026,,2.5L 16V CVT 4x4 (184 HP),Gasoline,4,2488,184,244,CVT,All Wheel Drive,,,,4681,2065,1725,2705,
nissan,Nissan,X-Trail,X-Trail (2022),2022,2026,,2.5L 16V CVT 4x4 (184 HP) 7 Seat,Gasoline,4,2488,184,244,CVT,All Wheel Drive,,,,4681,2065,1725,2705,
nissan,Nissan,X-Trail,X-Trail (2022),2022,2026,,2.5L 16V CVT FWD (184 HP),Gasoline,4,2488,184,244,CVT,Front Wheel Drive,,,,4681,2065,1725,2705,
nissan,Nissan,X-Trail,X-Trail (2022),2022,2026,,1.5L VC-T e-Power 1AT FWD (204 HP),Hybrid Gasoline,3,1497,158,250,1-Speed automatic,Front Wheel Drive,8,171,5.8,4681,2065,1725,2705,
nissan,Nissan,X-Trail,X-Trail (2022),2022,2026,,1.5L VC-T MHEV Xtronic FWD (163 HP),Mild Hybrid,3,1497,1463,300,Xtronic,Front Wheel Drive,9.6,200,7.1,4681,2065,1725,2705,
nissan,Nissan,X-Trail,X-Trail (2022),2022,2026,,1.5L VC-T MHEV Xtronic FWD (163 HP) 7 Seat,Mild Hybrid,3,1497,1463,300,Xtronic,Front Wheel Drive,9.6,200,7.1,4681,2065,1725,2705,
nissan,Nissan,X-Trail,X-Trail (2017),2017,2022,,1.3L DIG-T 7AT FWD (159 HP),Gasoline,4,1332,159,270,7-speed automatic DCT,Front Wheel Drive,11.5,198,6.3,4689,1821,1740,2705,
nissan,Nissan,X-Trail,X-Trail (2017),2017,2022,,1.6L DIG-T 6MT FWD (163 HP),Gasoline,4,1598,163,240,6-speed manual,Front Wheel Drive,9.7,200,6.2,4689,1821,1740,2705,
nissan,Nissan,X-Trail,X-Trail (2017),2017,2022,,2.0L 6MT FWD (144 HP),Gasoline,4,1997,144,200,6-speed manual,Front Wheel Drive,11.1,183,8.2,4689,1821,1740,2705,1425
nissan,Nissan,X-Trail,X-Trail (2017),2017,2022,,2.5L CVT AWD (171 HP),Gasoline,4,2488,171,226,CVT (Xtronic),All Wheel Drive,10.3,185,8.3,4689,1821,1740,2705,1549
nissan,Nissan,X-Trail,X-Trail (2017),2017,2022,,2.5L CVT FWD (171 HP),Gasoline,4,2488,171,226,CVT (Xtronic),Front Wheel Drive,10.5,190,7.9,4689,1821,1740,2705,1493
nissan,Nissan,X-Trail,X-Trail (2017),2017,2022,,1.6L dCi 6MT FWD (130 HP),Diesel,4,1598,130,320,6-speed manual,Front Wheel Drive,10.5,188,4.9,4689,1821,1740,2705,
nissan,Nissan,X-Trail,X-Trail (2017),2017,2022,,2.0L dCi CVT AWD (177 HP),Diesel,4,1995,177,380,CVT (Xtronic),Front Wheel Drive,9.6,200,5.6,4689,1821,1740,2705,
nissan,Nissan,X-Trail,X-Trail (2017),2017,2022,,2.0L dCi CVT FWD (177 HP),Diesel,4,1995,177,380,CVT (Xtronic),Front Wheel Drive,9.6,200,5.6,4689,1821,1740,2705,
nissan,Nissan,X-Trail,X-Trail (2014),2014,2017,,1.6L DIG-T 6MT FWD (163 HP),Gasoline,4,1618,163,240,6-speed manual,Front Wheel Drive,9.7,200,6.2,4641,1821,1709,2705,1505
nissan,Nissan,X-Trail,X-Trail (2014),2014,2017,,1.6L dCi 6MT AWD (130 HP),Diesel,4,1598,129,320,6-speed manual,All Wheel Drive,11,187,5.3,4641,1821,1709,2705,1655
nissan,Nissan,X-Trail,X-Trail (2014),2014,2017,,1.6L dCi 6MT FWD (130 HP),Diesel,4,1598,130,320,6-speed manual,Front Wheel Drive,10.5,188,4.9,4641,1821,1709,2705,1575
nissan,Nissan,X-Trail,X-Trail (2014),2014,2017,,1.6L dCi CVT FWD (130 HP),Diesel,4,1598,129,320,CVT (Xtronic),Front Wheel Drive,11.4,180,5.1,4641,1821,1709,2705,1615
nissan,Nissan,X-Trail,X-Trail (2007),2007,2013,,2.0L 16V 6MT (141 HP),Gasoline,4,1997,141,196,6-Speed manual,Front Wheel Drive,11.1,184,8.7,4630,1781,1679,2629,1482
nissan,Nissan,X-Trail,X-Trail (2007),2007,2013,,2.0L 16V CVT AWD (141 HP),Gasoline,4,1997,141,196,CVT,All Wheel Drive,13.1,163,10,4630,1781,1679,2629,1520
nissan,Nissan,X-Trail,X-Trail (2007),2007,2013,,2.5L 16V 6MT AWD (169 HP),Gasoline,4,2488,169,233,6-Speed manual,All Wheel Drive,9.8,194,9.6,4630,1781,1679,2629,1544
nissan,Nissan,X-Trail,X-Trail (2007),2007,2013,,2.0L dCi 6AT AWD (150 HP),Diesel,4,1995,173,360,6-speed automatic,All Wheel Drive,10,200,,4630,1781,1679,2629,
nissan,Nissan,X-Trail,X-Trail (2007),2007,2013,,2.0L dCi 6MT AWD (150 HP),Diesel,4,1995,150,320,6-Speed manual,All Wheel Drive,11.2,188,7.1,4630,1781,1679,2629,1625
nissan,Nissan,X-Trail,X-Trail (2007),2007,2013,,2.0L dCi 6MT AWD (173 HP),Diesel,4,1995,173,360,6-Speed manual,All Wheel Drive,10,200,7.4,4630,1781,1679,2629,1651
nissan,Nissan,X-Trail,X-Trail (2003),2003,2007,,2.5L 16V 4AT AWD (165 HP),Gasoline,4,2488,165,230,4-speed automatic,All Wheel Drive,11.1,179,9.6,4509,1760,1679,2619,1490
nissan,Nissan,X-Trail,X-Trail (2003),2003,2007,,2.0L 16V 5MT AWD (140 HP),Gasoline,4,1998,140,192,5-Speed manual,Front Wheel Drive,11.3,177,9.3,4509,1760,1679,2619,1430
nissan,Nissan,X-Trail,X-Trail (2003),2003,2007,,2.0L 16V 5MT FWD (140 HP),Gasoline,4,1998,140,192,5-Speed manual,Front Wheel Drive,10.3,177,9.1,4509,1760,1679,2619,1405
nissan,Nissan,X-Trail,X-Trail (2003),2003,2007,,2.5L 16V 5MT AWD (165 HP),Gasoline,4,2488,165,230,5-Speed manual,All Wheel Drive,9.9,187,9.4,4509,1760,1679,2619,1445
nissan,Nissan,X-Trail,X-Trail (2003),2003,2007,,2.2L dCi 6MT AWD (136 HP),Diesel,4,2184,136,314,6-Speed manual,All Wheel Drive,11.5,180,7.6,4509,1760,1679,2619,1525
nissan,Nissan,X-Trail,X-Trail (2003),2003,2007,,2.2L dCi 6MT FWD (136 HP),Diesel,4,2184,136,314,6-Speed manual,Front Wheel Drive,11.2,180,7.1,4509,1760,1679,2619,1490
nissan,Nissan,X-Trail,X-Trail (2001),2001,2003,,2.0L 16V 5MT AWD (140 HP),Gasoline,4,1998,140,193,5-Speed manual,All Wheel Drive,11.3,177,9.3,4509,1760,1679,2619,1390
nissan,Nissan,X-Trail,X-Trail (2001),2001,2003,,2.0L 16V 5MT AWD (140 HP),Gasoline,4,1998,140,192,4-Speed automatic,All Wheel Drive,13.1,163,10,4509,1760,1679,2619,1410
nissan,Nissan,X-Trail,X-Trail (2001),2001,2003,,2.0L 4AT AWD (140 HP),Gasoline,4,1998,140,192,4-Speed automatic,All Wheel Drive,,,9.6,4509,1760,1679,2619,1410
nissan,Nissan,X-Trail,X-Trail (2001),2001,2003,,2.5L 16V 5MT AWD (165 HP),Gasoline,4,2488,165,230,5-Speed manual,All Wheel Drive,9.9,190,9.6,4509,1760,1679,2619,1410
nissan,Nissan,X-Trail,X-Trail (2001),2001,2003,,2.2L dCi 6MT AWD (114 HP),Diesel,4,2184,114,270,6-Speed manual,All Wheel Drive,13.7,165,7.2,4509,1760,1679,2619,1500
nissan,Nissan,XTerra,XTerra (2009),2009,2015,,4.0L V6 5AT AWD (261 HP),Gasoline,6,3954,261,381,5-speed automatic,All Wheel Drive,22.5,,13.8,4768,1849,1902,2700,2007
nissan,Nissan,XTerra,XTerra (2009),2009,2015,,4.0L V6 5AT RWD (261 HP),Gasoline,6,3954,261,381,5-speed automatic,Rear Wheel Drive,,,12.4,4768,1849,1902,2700,1882
nissan,Nissan,XTerra,XTerra (2009),2009,2015,,4.0L V6 6MT AWD (261 HP),Gasoline,6,3954,261,381,6-speed manual,All Wheel Drive,22.5,,13.1,4768,1849,1902,2700,1976
nissan,Nissan,XTerra,XTerra (2005),2005,2008,,4.0L V6 5AT AWD (265 HP),Gasoline,6,3954,265,385,5-speed automatic,All Wheel Drive,,,13.8,4539,1849,1902,2700,1975
nissan,Nissan,XTerra,XTerra (2005),2005,2008,,4.0L V6 6MT AWD (265 HP),Gasoline,6,3954,265,385,6-Speed manual,All Wheel Drive,,,13.8,4539,1849,1902,2700,1882
nissan,Nissan,XTerra,XTerra (2002),2002,2005,,2.4L 16V 5MT RWD (143 HP),Gasoline,4,2389,143,206,5-Speed manual,Rear Wheel Drive,14.2,166,11.1,4521,1788,1885,2649,1620
nissan,Nissan,XTerra,XTerra (2002),2002,2005,,3.3L V6 5MT AWD (180 HP),Gasoline,6,3275,179,274,5-Speed manual,All Wheel Drive,14,192,13.8,4521,1788,1885,2649,1620
nissan,Nissan,XTerra,XTerra (2002),2002,2005,,3.3L V6 Supercharged 4AT AWD (210 HP),Gasoline,6,3275,211,334,4-Speed automatic,All Wheel Drive,10,209,14.3,4521,1788,1885,2649,1620
nissan,Nissan,XTerra,XTerra (2002),2002,2005,,3.3L V6 Supercharged 5MT AWD (210 HP),Gasoline,6,3275,211,334,5-speed manual,All Wheel Drive,10,209,14.3,4521,1788,1885,2649,1835
nissan,Nissan,Z Nismo,Z Nismo (2023),2023,,,Nismo 3.0L V6 9AT RWD (426 HP),Gasoline,6,2997,426,521,9-speed automatic,Rear Wheel Drive,,,,4399,1869,1316,2550,
nissan,Nissan,Z Nismo,Z Nismo (2023),2023,,,Sport/Performance 3.0L V6 6MT RWD (400 HP),Gasoline,6,2997,405.5,475,6-speed manual,Rear Wheel Drive,,,11.8,4379,1844,1316,2550,
nissan,Nissan,Z Nismo,Z Nismo (2021),2021,,,3.0L V6 6MT RWD (400 HP),Gasoline,6,,400,475,6-speed manual,Rear Wheel Drive,,,,4379,1844,1316,2550,
nissan,Nissan,Z Nismo,Z Nismo (2021),2021,,,3.0L V6 9AT RWD (400 HP),Gasoline,6,,400,475,9-speed automatic with paddle shifters,Rear Wheel Drive,,,,4379,1844,1316,2550,
pagani,Pagani,Huayra,Huayra (2012),2012,2018,,6.0 V12 7AT (730 HP),Gasoline,12,5980,730,1001,7-speed automatic,Rear Wheel Drive,3.3,360,20.1,4651,2037,1168,2794,1350
pagani,Pagani,Huayra,Huayra Roadster (2019),2019,2022,,6.0L V12 7AT (802 HP),Gasoline,12,5980,802.2,1050,7-speed automatic,Rear Wheel Drive,,,,,,,,
pagani,Pagani,Huayra,Huayra Roadster (2017),2017,2019,,6.0L V12 7AT (764 HP),Gasoline,12,5980,764,1000,7-speed automatic,Rear Wheel Drive,3,370,20.5,4605,2037,1168,2794,1280
pagani,Pagani,Imola,Imola (2020),2020,,,6.0L V12 7AT (827 HP),Gasoline,12,5980,827,1100,7-speed automatic,Rear Wheel Drive,,,,4854,2035,1270,2794,1246
pagani,Pagani,Utopia,Utopia (2022),2022,,,6.0L V12 7AT RWD (864 HP),Gasoline,12,5980,864,1100,7-speed transversal AMT (Automated Manual Transmission),Rear Wheel Drive,,,,,,,,1280
pagani,Pagani,Zonda,Zonda Roadster (2003),2003,2006,,7.3L V12 6MT RWD (555 HP),Gasoline,12,7291,555,750,6-manual speed,Rear Wheel Drive,3.7,,,4394,2055,1151,2731,1280
pagani,Pagani,Zonda Cinque,Zonda Cinque (2008),2008,2009,,7.3 V12 6AT (678 HP),Gasoline,12,7291,678,780,6-speed automatic,Rear Wheel Drive,3.4,349,16,3495,2055,1151,2731,1210
pagani,Pagani,Zonda Cinque,Zonda Cinque Roadster (2009),2009,2010,,7.3L V12 6AT RWD (678 HP),Gasoline,12,7291,678,780,6-speed automatic,Rear Wheel Drive,3.4,349,16,3495,2055,1151,2731,1210
pagani,Pagani,Zonda F,Zonda F (2005),2005,2010,,7.3 V12,Gasoline,12,7291,602,760,"Manual, 6 Speed",Rear Wheel Drive,3.6,344,,4435,2055,1140,2731,1230
pagani,Pagani,Zonda F,Zonda F Roadster (2006),2006,2009,,7.3L V12 6MT RWD (650 HP),Gasoline,12,7291,650,780,6-manual speed,Rear Wheel Drive,3.6,344,,4435,2055,1140,2731,1280
pagani,Pagani,Zonda S,Zonda S (2002),2002,2006,,7.3L V12 6MT RWD (555 HP),Gasoline,12,7291,555,750,6-manual speed,Rear Wheel Drive,3.7,354,,4394,2055,1151,2731,1250
porsche,Porsche,718,718 Spyder (2023),2023,,,4.0L 7AT RWD (500 HP),Gasoline,6,3996,500,450,7-speed automatic PDK,Rear Wheel Drive,3.4,307,13,4417,1994,1252,2482,1410
porsche,Porsche,718,718 Spyder (2019),2019,2023,,4.0L 6MT RWD (420 HP),Gasoline,6,3995,420,420,6-Speed manual,Rear Wheel Drive,4.4,301,10.9,4430,1994,1257,2484,1420
porsche,Porsche,718 Boxster,718 Boxster (2018),2018,2025,,2.0L 6MT RWD (300 HP),Gasoline,4,1998,300,380,6-Speed manual,Rear Wheel Drive,5.1,275,8.2,4397,1994,1262,62865,1350
porsche,Porsche,718 Boxster,718 Boxster (2018),2018,2025,,2.0L 7AT RWD (300 HP),Gasoline,4,1998,300,380,7-speed automatic DCT,Rear Wheel Drive,4.9,275,7.9,4397,1994,1262,62865,1380
porsche,Porsche,718 Boxster,718 Boxster (2016),2016,,,2.0L 6MT (300 HP),Gasoline,4,1988,300,380,6-speed manual,Rear Wheel Drive,5.1,275,7.4,4379,1801,1280,2474,1335
porsche,Porsche,718 Boxster,718 Boxster (2016),2016,,,2.0L 7AT (300 HP),Gasoline,4,1988,300,380,7-speed automatic (PDK),Rear Wheel Drive,4.9,275,6.7,4379,1801,1280,2474,1440
porsche,Porsche,718 Boxster GTS,718 Boxster GTS (2019),2019,,,4.0L 6MT (400 HP),Gasoline,6,,400,,6-Speed manual,All Wheel Drive,4.5,293,10.8,4379,1801,1273,2474,
porsche,Porsche,718 Boxster GTS,718 Boxster GTS (2017),2017,,,2.5L 6MT RWD (365 HP),Gasoline,4,2497,365,420,6-speed manual,Rear Wheel Drive,4.6,290,9,4379,1801,1273,2474,1375
porsche,Porsche,718 Boxster GTS,718 Boxster GTS (2017),2017,,,2.5L 7AT RWD (365 HP),Gasoline,4,2497,365,420,7-speed automatic (PDK),Rear Wheel Drive,4.3,290,8.5,4379,1801,1273,2474,1405
porsche,Porsche,718 Boxster S,718 Boxster S (2016),2016,,,2.5L 6MT RWD (350 HP),Gasoline,4,2497,350,420,6-speed manual,Rear Wheel Drive,4.6,285,8.1,4379,1801,1280,2474,1355
porsche,Porsche,718 Boxster S,718 Boxster S (2016),2016,,,2.5L 7AT RWD (350 HP),Gasoline,4,2497,350,420,7-speed automatic (PDK),Rear Wheel Drive,4.4,285,7.3,4379,1801,1280,2474,1385
porsche,Porsche,718 Cayman,718 Cayman (2018),2018,2025,,2.0L 6MT RWD (300 HP),Gasoline,4,1988,300,380,6-Speed manual,Rear Wheel Drive,5.1,275,8.1,4379,1994,1275,2474,
porsche,Porsche,718 Cayman,718 Cayman (2018),2018,2025,,2.0L 7AT RWD (300 HP),Gasoline,4,1988,300,380,7-Speed automatic DCT,Rear Wheel Drive,4.9,275,7.9,4379,1994,1275,2474,
porsche,Porsche,718 Cayman,718 Cayman (2016),2016,,,2.0 6MT (300 HP),Gasoline,4,1988,300,380,6-speed manual,Rear Wheel Drive,5.1,275,7.4,4379,1801,1295,2474,1335
porsche,Porsche,718 Cayman,718 Cayman (2016),2016,,,2.0 7AT (300 HP),Gasoline,4,1988,300,380,7-speed automatic (PDK),Rear Wheel Drive,4.9,275,6.9,4379,1801,1295,2474,1365
porsche,Porsche,718 Cayman GT4,718 Cayman GT4 (2021),2021,,,4.0L 7AT RWD (500 HP),Gasoline,6,3996,500,450,7-speed automatic PDK,Rear Wheel Drive,3.4,315,13.2,4455,1994,1267,2482,1415
porsche,Porsche,718 Cayman GT4,718 Cayman GT4 (2019),2019,2023,,4.0L 6MT (420 HP),Gasoline,6,3995,420,420,6-Speed manual,Rear Wheel Drive,4.4,304,10.9,4455,1994,1270,2484,1420
porsche,Porsche,718 Cayman GT4,718 Cayman GT4 (2015),2015,2019,,3.8L 6MT RWD (385 HP),Gasoline,6,3800,358,420,6-speed manual,Rear Wheel Drive,4.4,295,10.3,4437,1816,1265,2484,1315
porsche,Porsche,718 Cayman GTS,718 Cayman GTS (2019),2019,,,4.0L 6MT (400 HP),Gasoline,6,3995,400,420,6-Speed manual,Rear Wheel Drive,4.5,293,10.8,4379,1801,1273,2474,1405
porsche,Porsche,718 Cayman GTS,718 Cayman GTS (2017),2017,,,2.5L 6MT RWD (365 HP),Gasoline,4,2497,365,420,6-speed manual,Rear Wheel Drive,4.6,290,9,4394,1801,1285,2474,1375
porsche,Porsche,718 Cayman GTS,718 Cayman GTS (2017),2017,,,2.5L 7AT RWD (365 HP),Gasoline,4,2497,365,420,7-speed automatic (PDK),Rear Wheel Drive,4.3,290,8.2,4394,1801,1285,2474,1405
porsche,Porsche,718 Cayman S,718 Cayman S (2016),2016,,,2.5L 6MT RWD (350 HP),Gasoline,4,2497,350,420,6-speed manual,Rear Wheel Drive,4.6,285,8.1,4379,1801,1295,2474,1355
porsche,Porsche,718 Cayman S,718 Cayman S (2016),2016,,,2.5L 7AT RWD (350 HP),Gasoline,4,2497,350,420,7-speed automatic (PDK),Rear Wheel Drive,4.4,285,7.3,4379,1801,1295,2474,1385
porsche,Porsche,911 Carrera,911 Carrera Cabriolet (2024),2024,,,3.0L 8AT RWD (394 HP),Gasoline,6,2981,394,4500,8-speed automatic PDK,Rear Wheel Drive,4.2,291,,4542,1852,,2451,1600
porsche,Porsche,911 Carrera,911 Carrera Cabriolet (2019),2019,2024,,3.0L 8AT (385 HP),Gasoline,6,2981,385,450,8-speed automatic,Rear Wheel Drive,4,293,11.8,4519,2024,1298,2451,1567
porsche,Porsche,911 Carrera,911 Carrera Cabriolet (2015),2015,2019,,3.0L 7AT (370 HP),Gasoline,6,2981,370,450,7-speed automatic (PDK),Rear Wheel Drive,4.6,290,7.5,4498,1808,1288,2451,1520
porsche,Porsche,911 Carrera,911 Carrera Cabriolet (2015),2015,2019,,3.0L 7MT (370 HP),Gasoline,6,2981,370,450,7-speed manual,Rear Wheel Drive,4.8,291,8.5,4498,1808,1288,2451,1500
porsche,Porsche,911 Carrera,911 Carrera Cabriolet (2012),2012,2015,,3.4L 7AT RWD (350 HP),Gasoline,6,3436,350,390,7-speed automatic (PDK),Rear Wheel Drive,4.8,283,8.4,4491,1808,1298,2451,1470
porsche,Porsche,911 Carrera,911 Carrera Cabriolet (2012),2012,2015,,3.4L 7MT RWD (350 HP),Gasoline,6,3436,350,390,7-speed manual,Rear Wheel Drive,5,286,9,4491,1808,1298,2451,1450
porsche,Porsche,911 Carrera,911 Carrera Cabriolet (2008),2008,2012,,3.6L 6MT RWD (345 HP),Gasoline,6,3614,345,390,6-speed manual,Rear Wheel Drive,5.1,290,11.4,4435,1808,1311,2350,1475
porsche,Porsche,911 Carrera,911 Carrera Cabriolet (2008),2008,2012,,3.6L 7AT RWD (345 HP),Gasoline,6,3614,345,390,7-speed automatic (PDK),Rear Wheel Drive,4.9,286,9.9,4435,1808,1311,2350,1505
porsche,Porsche,911 Carrera,911 Carrera Cabriolet (2005),2005,2008,,3.6 5AT (325 HP),Gasoline,6,3596,325,370,5-speed automatic,Rear Wheel Drive,5,285,11.2,4427,1808,1311,2350,1395
porsche,Porsche,911 Carrera,911 Carrera Cabriolet (2005),2005,2008,,3.6 6MT (325 HP),Gasoline,6,3596,325,370,6-speed manual,Rear Wheel Drive,5,285,11,4427,1808,1311,2350,1395
porsche,Porsche,911 Carrera,911 Carrera Cabriolet (1998),1998,2001,,3.4 5AT (300 HP),Gasoline,6,3387,300,350,5-speed automatic,Rear Wheel Drive,6.2,275,12,4430,1765,1306,2350,1440
porsche,Porsche,911 Carrera,911 Carrera Cabriolet (1998),1998,2001,,3.4 6MT (300 HP),Gasoline,6,3387,300,350,6-speed manual,Rear Wheel Drive,5.4,280,11.8,4430,1765,1306,2350,1395
porsche,Porsche,911 Carrera,911 Carrera Cabriolet (1994),1994,1997,,3.6L 6MT RWD (272 HP),Gasoline,6,3600,272,330,6-Speed manual,Rear Wheel Drive,5.6,270,11.4,4260,1735,1316,2271,1350
porsche,Porsche,911 Carrera,911 Carrera Cabriolet (1994),1994,1997,,3.6L 6MT RWD (285 HP),Gasoline,6,3600,286,340,6-Speed manual,Rear Wheel Drive,5.4,275,11.9,4260,1735,1316,2271,1370
porsche,Porsche,911 Carrera,911 Carrera Cabriolet (1989),1989,1993,,3.6,Gasoline,6,3600,250,310,"Manual, 5 Speed",Rear Wheel Drive,5.9,261,11.8,4249,1651,1321,2268,1450
porsche,Porsche,911 Carrera,911 Carrera Cabriolet (1983),1983,1989,,3.2 5MT (218 HP),Gasoline,6,3164,218,265,5-speed manual,Rear Wheel Drive,6.3,240,10.8,4290,1651,1321,2271,1210
porsche,Porsche,911 Carrera,911 Carrera Cabriolet (1983),1983,1989,,3.2 5MT (231 HP),Gasoline,6,3164,231,284,5-speed manual,Rear Wheel Drive,6.1,245,9.8,4290,1651,1321,2271,1260
porsche,Porsche,911 Carrera,911 Carrera (2015),2015,2019,,3.0L 7AT RWD (370 HP),Gasoline,6,2981,370,450,7-speed automatic (PDK),Rear Wheel Drive,4.4,293,7.4,4498,1808,1293,2451,1450
porsche,Porsche,911 Carrera,911 Carrera (2015),2015,2019,,3.0L 7MT RWD (370 HP),Gasoline,6,2981,370,450,7-speed manual,Rear Wheel Drive,4.6,295,8.3,4498,1808,1293,2451,1430
porsche,Porsche,911 Carrera,911 Carrera (2012),2012,2015,,3.4L 7AT RWD (350 HP),Gasoline,6,3436,350,390,7-speed automatic (PDK),Rear Wheel Drive,4.6,286,8.1,4491,1808,1303,2451,1400
porsche,Porsche,911 Carrera,911 Carrera (2012),2012,2015,,3.4L7MT RWD (350 HP),Gasoline,6,3436,350,390,7-speed manual,Rear Wheel Drive,4.8,290,9,4491,1808,1303,2451,1380
porsche,Porsche,911 Carrera,911 Carrera (2008),2008,2012,,3.6L 6MT RWD (345 HP),Gasoline,6,3614,345,390,6-speed manual,Rear Wheel Drive,4.9,290,10.3,4435,1808,1311,2350,1390
porsche,Porsche,911 Carrera,911 Carrera (2008),2008,2012,,3.6L 7AT RWD (345 HP),Gasoline,6,3614,345,390,7-speed automatic (PDK),Rear Wheel Drive,5,285,9.8,4435,1808,1311,2350,1420
porsche,Porsche,911 Carrera,911 Carrera (2004),2004,2008,,3.6,Gasoline,6,3596,325,370,"Manual, 6 Speed",Rear Wheel Drive,5,285,11,4427,1808,1311,2350,1395
porsche,Porsche,911 Carrera,911 Carrera (2001),2001,2004,,3.6,Gasoline,6,3596,320,370,"Manual, 6 Speed",Rear Wheel Drive,5,285,11.1,4430,1765,1306,2350,1345
porsche,Porsche,911 Carrera,911 Carrera (1997),1997,2001,,3.4,Gasoline,6,3387,300,350,"Manual, 6 Speed",Rear Wheel Drive,5.2,280,11.8,4430,1765,1306,2350,1320
porsche,Porsche,911 Carrera,911 Carrera (1993),1993,1997,,3.6L 6MT RWD (272 HP),Gasoline,6,3600,272,330,6-speed manual,Rear Wheel Drive,5.6,270,11.4,4260,1735,1316,2271,1350
porsche,Porsche,911 Carrera,911 Carrera (1993),1993,1997,,3.6L 6MT RWD (285 HP),Gasoline,6,3600,286,340,6-speed manual,Rear Wheel Drive,5.4,275,11.9,4260,1735,1316,2271,1370
porsche,Porsche,911 Carrera,911 Carrera (1989),1989,1993,,3.6,Gasoline,6,3600,250,310,"Manual, 5 Speed",Rear Wheel Drive,5.7,261,11.5,4249,1651,1321,2268,1350
porsche,Porsche,911 Carrera,911 Carrera (1973),1973,1989,,2.7L 5MT RWD (150 HP),Gasoline,6,2687,150,236,5-Speed manual,Rear Wheel Drive,6.5,222,,4290,1613,1321,2268,1075
porsche,Porsche,911 Carrera,911 Carrera (1973),1973,1989,,3.0L 5MT RWD (180 HP),Gasoline,6,2994,180,265,5-Speed manual,Rear Wheel Drive,6.3,229,,4290,1666,1321,2268,1120
porsche,Porsche,911 Carrera,911 Carrera (1973),1973,1989,,3.2L 5MT RWD (231 HP),Gasoline,6,3164,231,284,5-Speed manual,Rear Wheel Drive,6.1,245,9.8,4290,1651,1321,2268,1210
porsche,Porsche,911 Carrera,911 Carrera (1973),1973,1989,,3.2L G-Kat 5MT RWD (218 HP),Gasoline,6,3164,218,265,5-Speed manual,Rear Wheel Drive,6.3,240,10.9,4290,1651,1321,2268,1210
porsche,Porsche,911 Carrera,911 Carrera (1965),1965,1969,,1.6L 5MT RWD (90 HP),Gasoline,4,1582,90,122,5-speed manual,Rear Wheel Drive,11.8,192,7.8,4163,1610,1321,2210,970
porsche,Porsche,911 Carrera,911 Carrera (1964),1964,1973,,2.0L 5MT RWD (140 HP),Gasoline,6,1991,131,175,5-Speed manual,Rear Wheel Drive,8.7,211,,4163,1610,1321,2210,1080
porsche,Porsche,911 Carrera,911 Carrera (1964),1964,1973,,2.0L E 5MT RWD (140 HP),Gasoline,6,1991,140,176,5-Speed manual,Rear Wheel Drive,,,,4163,1610,1321,2210,1020
porsche,Porsche,911 Carrera,911 Carrera (1964),1964,1973,,2.0L S 5MT RWD (160 HP),Gasoline,6,1991,160,180,5-Speed manual,Rear Wheel Drive,7.9,219,,4163,1610,1321,2210,1062
porsche,Porsche,911 Carrera,911 Carrera (1964),1964,1973,,2.2L E 5MT RWD (155 HP),Gasoline,6,2195,155,192,5-Speed manual,Rear Wheel Drive,,,,4163,1613,1321,2268,1020
porsche,Porsche,911 Carrera,911 Carrera (1964),1964,1973,,2.4L S 5MT RWD (190 HP),Gasoline,6,2341,190,217,5-Speed manual,Rear Wheel Drive,6.6,232,,4163,1613,1321,2268,1077
porsche,Porsche,911 Carrera 4,911 Carrera 4 (2012),2012,2015,,3.4L 7AT AWD (350 HP),Gasoline,6,3436,349,390,7-speed double clutch transmission (Porsche Doppelkupplung - PDK),All Wheel Drive,4.7,283,8.7,4491,1852,1303,2451,1450
porsche,Porsche,911 Carrera 4,911 Carrera 4 (2012),2012,2015,,3.4L 7MT AWD (350 HP),Gasoline,6,3436,350,390,7-speed manual,All Wheel Drive,4.9,285,9.4,4491,1852,1303,2451,1430
porsche,Porsche,911 Carrera 4,911 Carrera 4 (2008),2008,2012,,3.6L 6MT RWD (345 HP),Gasoline,6,3614,345,390,6-speed manual,All Wheel Drive,5,284,10.6,4435,1852,1311,2350,1445
porsche,Porsche,911 Carrera 4,911 Carrera 4 (2008),2008,2012,,3.6L 7AT RWD (345 HP),Gasoline,6,3614,345,390,7-speed automatic (PDK),All Wheel Drive,4.8,282,10.1,4435,1852,1311,2350,1490
porsche,Porsche,911 Carrera 4,911 Carrera 4 (2005),2005,2008,,3.6L 5AT RWD (325 HP),Gasoline,6,3596,325,370,5-speed automatic,All Wheel Drive,5.6,275,11.6,4427,1852,1311,2350,1490
porsche,Porsche,911 Carrera 4,911 Carrera 4 (2005),2005,2008,,3.6L 6MT RWD (325 HP),Gasoline,6,3596,325,370,6-speed manual,All Wheel Drive,5.1,280,11.3,4427,1852,1311,2350,1450
porsche,Porsche,911 Carrera 4,911 Carrera 4 (2001),2001,2005,,3.6L 5AT (320 HP),Gasoline,6,3596,320,370,5-speed automatic,All Wheel Drive,5.5,280,11.9,4430,1770,1306,2350,1460
porsche,Porsche,911 Carrera 4,911 Carrera 4 (2001),2001,2005,,3.6L 6MT (320 HP),Gasoline,6,3596,320,370,6-speed manual,All Wheel Drive,5,285,11.3,4430,1770,1306,2350,1405
porsche,Porsche,911 Carrera 4,911 Carrera 4 (1998),1998,2001,,3.4L 5AT (300 HP),Gasoline,6,3387,300,350,5-speed automatic,All Wheel Drive,6,275,12.4,4430,1765,1306,2350,1420
porsche,Porsche,911 Carrera 4,911 Carrera 4 (1998),1998,2001,,3.4L 6MT (300 HP),Gasoline,6,3387,300,350,6-speed manual,All Wheel Drive,5.2,280,12,4430,1765,1306,2350,1375
porsche,Porsche,911 Carrera 4,911 Carrera 4 (1994),1994,1997,,3.6L 6MT RWD (272 HP),Gasoline,6,3600,272,330,6-speed manual,All Wheel Drive,5.5,270,11.4,4244,1735,1300,2271,1400
porsche,Porsche,911 Carrera 4,911 Carrera 4 (1994),1994,1997,,3.6L 6MT RWD (285 HP),Gasoline,6,3600,285,340,6-speed manual,Rear Wheel Drive,5.3,275,12.2,4244,1735,1300,2271,1420
porsche,Porsche,911 Carrera 4,911 Carrera 4 (1988),1988,1993,,3.6 5MT (250 HP),Gasoline,6,3600,250,310,5-speed manual,All Wheel Drive,5.9,261,11.8,4249,1651,1311,2271,1450
porsche,Porsche,911 Carrera 4,911 Carrera 4 Cabriolet (2012),2012,2016,,3.4L 7AT AWD (350 HP),Gasoline,6,3436,350,390,7-speed double clutch transmission (Porsche Doppelkupplung - PDK),All Wheel Drive,4.9,280,8.7,4491,1852,1300,2451,1520
porsche,Porsche,911 Carrera 4,911 Carrera 4 Cabriolet (2012),2012,2016,,3.4L 7MT AWD (350 HP),Gasoline,6,3436,350,390,7-speed manual,All Wheel Drive,5.1,282,9.4,4491,1852,1300,2451,1500
porsche,Porsche,911 Carrera 4,911 Carrera 4 Cabriolet (2008),2008,2011,,3.6L 6MT AWD (345 HP),Gasoline,6,3614,345,390,6-speed manual,All Wheel Drive,5.1,290,10.8,4435,1852,1311,2350,1530
porsche,Porsche,911 Carrera 4,911 Carrera 4 Cabriolet (2008),2008,2011,,3.6L 7AT AWD (345 HP),Gasoline,6,3614,345,390,7-speed automatic (PDK),All Wheel Drive,5,282,10.3,4435,1852,1311,2350,1560
porsche,Porsche,911 Carrera 4,911 Carrera 4 Cabriolet (2005),2005,2008,,3.6L 5AT (325 HP),Gasoline,6,3596,325,370,5-speed automatic,All Wheel Drive,5.8,275,11.6,4427,1852,1311,2350,1510
porsche,Porsche,911 Carrera 4,911 Carrera 4 Cabriolet (2005),2005,2008,,3.6L 6MT (325 HP),Gasoline,6,3596,325,370,6-speed manual,All Wheel Drive,5.3,280,11.3,4427,1852,1311,2350,1470
porsche,Porsche,911 Carrera 4,911 Carrera 4 Cabriolet (2001),2001,2004,,3.6L 5AT (320 HP),Gasoline,6,3596,320,370,5-speed automatic,All Wheel Drive,5.7,280,11.9,4430,1770,1306,2350,1540
porsche,Porsche,911 Carrera 4,911 Carrera 4 Cabriolet (2001),2001,2004,,3.6L 6MT (320 HP),Gasoline,6,3596,320,370,6-speed manual,All Wheel Drive,5.2,285,11.3,4430,1770,1306,2350,1485
porsche,Porsche,911 Carrera 4,911 Carrera 4 Cabriolet (1998),1998,2001,,3.4L 5AT (300 HP),Gasoline,6,3387,300,350,5-speed automatic,All Wheel Drive,6.2,275,12.4,4430,1765,1306,2350,1495
porsche,Porsche,911 Carrera 4,911 Carrera 4 Cabriolet (1998),1998,2001,,3.4L 6MT (300 HP),Gasoline,6,3387,300,350,6-speed manual,All Wheel Drive,5.4,280,12,4430,1765,1306,2350,1450
porsche,Porsche,911 Carrera 4 GTS,911 Carrera 4 GTS (2024),2024,,,3.6L T-Hybrid 8AT AWD (541 HP),Hybrid Gasoline,6,3591,485,570,8-speed automatic PDK,All Wheel Drive,3,312,11.1,4554,1852,1293,2451,1645
porsche,Porsche,911 Carrera 4 GTS,911 Carrera 4 GTS (2021),2021,2024,,3.0L 8AT AWD (480 HP),Gasoline,6,2981,480,570,8-speed automatic PDK,All Wheel Drive,3.3,309,9.7,4534,1852,1300,,1595
porsche,Porsche,911 Carrera 4 GTS,911 Carrera 4 GTS (2014),2014,2018,,3.8 7MT AWD (430 HP),Gasoline,6,3800,430,441,7-speed manual,All Wheel Drive,4.4,304,9.9,4509,1852,1295,2451,1545
porsche,Porsche,911 Carrera 4 GTS,911 Carrera 4 GTS (2014),2014,2018,,3.8L 7AT AWD (430 HP),Gasoline,6,3800,430,441,7-speed automatic PDK,All Wheel Drive,4,303,9.1,4509,1852,1295,2451,1565
porsche,Porsche,911 Carrera 4 GTS,911 Carrera 4 GTS Cabriolet (2014),2014,2018,,3.8L 7AT AWD (430 HP),Gasoline,6,3800,430,441,7-speed automatic PDK,All Wheel Drive,4.2,301,9.2,1509,1852,1293,2451,1635
porsche,Porsche,911 Carrera 4 GTS,911 Carrera 4 GTS Cabriolet (2014),2014,2018,,3.8L 7MT AWD (430 HP),Gasoline,6,3800,430,441,7-speed manual,All Wheel Drive,4.6,303,10,1509,1852,1293,2451,1615
porsche,Porsche,911 Carrera 4S,911 Carrera 4S Cabriolet (2018),2018,2025,,3.0L 8AT (450 HP),Gasoline,6,2981,450,530,8-Speed automatic DCT,All Wheel Drive,3.7,304,9,4519,2024,1298,2451,
porsche,Porsche,911 Carrera 4S,911 Carrera 4S Cabriolet (2012),2012,2018,,3.8L 7AT AWD (400 HP),Gasoline,6,3800,400,441,7-speed double clutch transmission (Porsche Doppelkupplung - PDK),All Wheel Drive,4.5,295,9,4491,1852,1293,2451,1535
porsche,Porsche,911 Carrera 4S,911 Carrera 4S Cabriolet (2012),2012,2018,,3.8L 7MT AWD (400 HP),Gasoline,6,3800,400,441,7-speed manual,All Wheel Drive,4.7,296,9.8,4491,1852,1293,2451,1515
porsche,Porsche,911 Carrera 4S,911 Carrera 4S Cabriolet (2008),2008,2012,,3.8L 6MT AWD (385 HP),Gasoline,6,3800,385,420,6-speed manual,All Wheel Drive,4.9,298,11.2,4435,1852,1300,2350,1535
porsche,Porsche,911 Carrera 4S,911 Carrera 4S Cabriolet (2008),2008,2012,,3.8L 7AT AWD (385 HP),Gasoline,6,3800,385,420,7-speed automatic (PDK),All Wheel Drive,4.7,295,10.7,4435,1852,1300,2350,1575
porsche,Porsche,911 Carrera 4S,911 Carrera 4S Cabriolet (2005),2005,2008,,3.8L 5AT AWD (355 HP),Gasoline,6,3824,355,400,5-speed automatic,All Wheel Drive,5.4,280,11.9,4427,1852,1300,2350,1535
porsche,Porsche,911 Carrera 4S,911 Carrera 4S Cabriolet (2005),2005,2008,,3.8L 6MT AWD (355 HP),Gasoline,6,3824,355,400,6-speed manual,All Wheel Drive,4.9,288,11.8,4427,1852,1300,2350,1495
porsche,Porsche,911 Carrera 4S,911 Carrera 4S Cabriolet (2003),2003,2005,,3.6L 5AT (320 HP),Gasoline,6,3596,320,370,5-speed automatic,All Wheel Drive,5.9,275,12.2,4435,1829,1295,2350,1620
porsche,Porsche,911 Carrera 4S,911 Carrera 4S Cabriolet (2003),2003,2005,,3.6L 6MT (320 HP),Gasoline,6,3596,320,370,6-speed manual,All Wheel Drive,5.3,280,11.4,4435,1829,1295,2350,1565
porsche,Porsche,911 Carrera 4S,911 Carrera 4S (2018),2018,2025,,3.0L 8AT AWD (450 HP),Gasoline,6,2981,450,530,8-Speed automatic Dual Clutch,All Wheel Drive,3.4,307,9,4519,2024,1300,2451,1565
porsche,Porsche,911 Carrera 4S,911 Carrera 4S (2012),2012,2018,,3.8L 7AT AWD (400 HP),Gasoline,6,3800,400,441,7-speed double clutch transmission (Porsche Doppelkupplung - PDK),All Wheel Drive,4.3,298,9,4491,1852,1295,2451,1465
porsche,Porsche,911 Carrera 4S,911 Carrera 4S (2012),2012,2018,,3.8L 7MT AWD (400 HP),Gasoline,6,3800,400,441,7-speed manual,All Wheel Drive,4.5,299,9.8,4491,1852,1295,2451,1445
porsche,Porsche,911 Carrera 4S,911 Carrera 4S (2008),2008,2012,,3.8L 6MT AWD (385 HP),Gasoline,6,3800,385,420,6-speed manual,All Wheel Drive,4.7,298,11,4435,1852,1300,2350,1455
porsche,Porsche,911 Carrera 4S,911 Carrera 4S (2008),2008,2012,,3.8L 7AT AWD (385 HP),Gasoline,6,3800,385,420,7-speed automatic (PDK),All Wheel Drive,4.5,295,10.5,4435,1852,1300,2350,1485
porsche,Porsche,911 Carrera 4S,911 Carrera 4S (2005),2005,2008,,3.8L 5AT AWD (355 HP),Gasoline,6,3824,355,400,5-speed automatic,All Wheel Drive,5.3,280,11.9,4427,1852,1300,2350,1515
porsche,Porsche,911 Carrera 4S,911 Carrera 4S (2005),2005,2008,,3.8L 6MT AWD (355 HP),Gasoline,6,3824,355,400,6-speed manual,All Wheel Drive,4.8,288,11.8,4427,1852,1300,2350,1475
porsche,Porsche,911 Carrera 4S,911 Carrera 4S (2001),2001,2005,,3.6L 5AT AWD (320 HP),Gasoline,6,3596,320,370,5-speed automatic,All Wheel Drive,5.6,275,12.1,4435,1829,1295,2350,1525
porsche,Porsche,911 Carrera 4S,911 Carrera 4S (2001),2001,2005,,3.6L 6MT AWD (320 HP),Gasoline,6,3596,320,370,6-speed manual,All Wheel Drive,5.1,280,11.4,4435,1829,1295,2350,1470
porsche,Porsche,911 Carrera 4S,911 Carrera 4S (1995),1995,1998,,3.6L 6MT AWD (285 HP),Gasoline,6,3600,285,340,6-speed manual,All Wheel Drive,5.3,270,12.2,4244,1796,1285,2271,1450
porsche,Porsche,911 Carrera GTS,911 Carrera GTS (2014),2014,2021,,3.8 7AT (430 HP),Gasoline,6,3800,430,441,7-speed automatic PDK,Rear Wheel Drive,4,304,8.7,4509,1852,1295,2451,1520
porsche,Porsche,911 Carrera GTS,911 Carrera GTS (2014),2014,2021,,3.8 7MT (430 HP),Gasoline,6,3800,430,441,7-speed manual,Rear Wheel Drive,4.4,306,9.5,4509,1852,1295,2451,1500
porsche,Porsche,911 Carrera GTS,911 Carrera GTS (2010),2010,2011,,3.8L 6MT (408 HP),Gasoline,6,3800,408,419,6-speed manual,Rear Wheel Drive,4.6,306,10.6,4435,1852,1300,2350,1495
porsche,Porsche,911 Carrera GTS,911 Carrera GTS Cabriolet (2014),2014,2016,,3.8L 7AT RWD (430 HP),Gasoline,6,3800,430,441,7-speed automatic PDK,Rear Wheel Drive,4.2,303,8.9,4509,1852,1293,2451,1590
porsche,Porsche,911 Carrera GTS,911 Carrera GTS Cabriolet (2014),2014,2016,,3.8L 7MT RWD (430 HP),Gasoline,6,3800,430,441,7-speed manual,Rear Wheel Drive,4.6,304,9.7,4509,1852,1293,2451,1570
porsche,Porsche,911 Carrera GTS,911 Carrera GTS Cabriolet (2010),2010,2011,,3.8L 6MT (408 HP),Gasoline,6,3800,408,419,6-speed manual,Rear Wheel Drive,4.8,306,10.8,4435,1852,1300,2350,1590
porsche,Porsche,911 Carrera RS,911 Carrera RS (1995),1995,1996,,3.7 6MT (331 HP),Gasoline,6,3746,331,355,6-speed manual,Rear Wheel Drive,5,277,12.4,4244,1796,1316,2271,1238
porsche,Porsche,911 Carrera RS,911 Carrera RS (1993),1993,1994,,3.7 5MT (305 HP),Gasoline,6,3746,305,360,5-speed manual,Rear Wheel Drive,5,277,11.9,4249,1720,1290,2271,1238
porsche,Porsche,911 Carrera RS,911 Carrera RS (1991),1991,1992,,3.6 5MT (260 HP),Gasoline,6,3600,260,325,5-speed manual,Rear Wheel Drive,5.4,261,11.5,4249,1651,1321,2268,1230
porsche,Porsche,911 Carrera RS,911 Carrera RS (1972),1972,1973,,2.7 5MT (210 HP),Gasoline,6,2687,210,255,5-speed manual,Rear Wheel Drive,5.5,245,11,4102,1651,1321,2271,1050
porsche,Porsche,911 Carrera S,911 Carrera S (2019),2019,2024,,3.0L 7MT RWD (450 HP),Gasoline,6,2981,450,530,7-speed manual,Rear Wheel Drive,4.2,307,10,4519,2024,1300,2451,1555
porsche,Porsche,911 Carrera S,911 Carrera S (2019),2019,2024,,3.0L 8AT RWD (450 HP),Gasoline,6,2981,450,530,8-Speed automatic DCT,Rear Wheel Drive,3.6,307,,4519,2024,1300,2451,1534
porsche,Porsche,911 Carrera S,911 Carrera S (2015),2015,2019,,3.0L 7AT RWD (420 HP),Gasoline,6,2981,420,500,7-speed automatic (PDK),Rear Wheel Drive,4.1,306,7.7,4498,1808,1295,2451,1460
porsche,Porsche,911 Carrera S,911 Carrera S (2015),2015,2019,,3.0L 7MT RWD (420 HP),Gasoline,6,2981,420,500,7-speed manual,Rear Wheel Drive,4.3,307,8.7,4498,1808,1295,2451,1440
porsche,Porsche,911 Carrera S,911 Carrera S (2012),2012,2015,,3.8L 7AT RWD (400 HP),Gasoline,6,3800,400,441,7-speed automatic (PDK),Rear Wheel Drive,4.3,303,8.7,4491,1808,1295,2451,1415
porsche,Porsche,911 Carrera S,911 Carrera S (2012),2012,2015,,3.8L 7MT RWD (400 HP),Gasoline,6,3800,400,441,7-speed manual,Rear Wheel Drive,4.5,304,9.4,4491,1808,1295,2451,1395
porsche,Porsche,911 Carrera S,911 Carrera S (2008),2008,2011,,3.8L 6MT (385 HP),Gasoline,6,3824,385,420,6-speed manual,Rear Wheel Drive,4.7,302,10.6,4435,1808,1311,2350,1400
porsche,Porsche,911 Carrera S,911 Carrera S (2008),2008,2011,,3.8L 7AT (385 HP),Gasoline,6,3824,385,420,7-speed automatic (PDK),Rear Wheel Drive,4.5,299,10.2,4435,1808,1311,2350,1430
porsche,Porsche,911 Carrera S,911 Carrera S (2004),2004,2008,,3.8L 5AT (355 HP),Gasoline,6,3824,355,400,5-speed automatic,Rear Wheel Drive,4.8,293,11.7,4427,1808,1311,2350,1420
porsche,Porsche,911 Carrera S,911 Carrera S (2004),2004,2008,,3.8L 6MT (355 HP),Gasoline,6,3824,355,400,6-speed manual,Rear Wheel Drive,4.8,293,11.5,4427,1808,1311,2350,1420
porsche,Porsche,911 Carrera S,911 Carrera S (1995),1995,1997,,3.6 6MT (285 HP),Gasoline,6,3600,285,340,6-speed manual,Rear Wheel Drive,5.4,275,12,4260,1735,1316,2271,1400
porsche,Porsche,911 Carrera S,911 Carrera S Cabriolet (2015),2015,2018,,3.0L 7AT RWD (420 HP),Gasoline,6,2981,420,500,7-speed automatic (PDK),Rear Wheel Drive,4.3,304,7.8,4498,1808,1290,2451,1530
porsche,Porsche,911 Carrera S,911 Carrera S Cabriolet (2015),2015,2018,,3.0L 7MT RWD (420 HP),Gasoline,6,2981,420,500,7-speed manual,Rear Wheel Drive,4.5,306,8.8,4498,1808,1290,2451,1510
porsche,Porsche,911 Carrera S,911 Carrera S Cabriolet (2012),2012,2015,,3.8L 7AT RWD (400 HP),Gasoline,6,3800,400,441,7-speed automatic (PDK),Rear Wheel Drive,4.5,299,9,4491,1808,1293,2451,1485
porsche,Porsche,911 Carrera S,911 Carrera S Cabriolet (2012),2012,2015,,3.8L 7MT RWD (400 HP),Gasoline,6,3800,400,441,7-speed manual,Rear Wheel Drive,4.7,301,9.8,4491,1808,1293,2451,1465
porsche,Porsche,911 Carrera S,911 Carrera S Cabriolet (2008),2008,2011,,3.8L 6MT (385 HP),Gasoline,6,3800,385,420,6-speed manual,Rear Wheel Drive,4.9,302,10.8,4435,1808,1300,2350,1485
porsche,Porsche,911 Carrera S,911 Carrera S Cabriolet (2008),2008,2011,,3.8L 7AT (385 HP),Gasoline,6,3800,385,420,7-speed automatic (PDK),Rear Wheel Drive,4.7,299,10.3,4435,1808,1300,2350,1515
porsche,Porsche,911 Carrera S,911 Carrera S Cabriolet (2005),2005,2008,,3.8L 5AT (355 HP),Gasoline,6,3824,355,400,5-speed automatic,Rear Wheel Drive,4.8,293,11.7,4427,1808,1300,2350,1420
porsche,Porsche,911 Carrera S,911 Carrera S Cabriolet (2005),2005,2008,,3.8L 6MT (355 HP),Gasoline,6,3824,355,400,6-speed manual,Rear Wheel Drive,4.8,283,11.8,4427,1808,1300,2350,1420
porsche,Porsche,911 Carrera T,911 Carrera T (2022),2022,,,3.0L 8AT RWD (380 HP),Gasoline,6,,380,450,8-speed automatic,Rear Wheel Drive,4.5,291,,,,,,
porsche,Porsche,911 Carrera T,911 Carrera T (2017),2017,2022,,3.0L 7AT RWD (370 HP),Gasoline,6,2981,370,450,7-speed automatic (PDK),Rear Wheel Drive,4.2,291,8,4526,1808,1285,2451,1445
porsche,Porsche,911 Carrera T,911 Carrera T (2017),2017,2022,,3.0L 7MT RWD (370 HP),Gasoline,6,2981,370,450,7-speed manual,Rear Wheel Drive,4.5,293,9.5,4526,1808,1285,2451,1425
porsche,Porsche,911 GT2,911 GT2 (2007),2007,2009,,3.6L 6MT (530 HP),Gasoline,6,3600,529.9,680,6-speed manual,Rear Wheel Drive,3.7,328,12.5,4450,1852,1300,2350,1415
porsche,Porsche,911 GT2,911 GT2 (2001),2001,2006,,3.6L 6MT (462 HP),Gasoline,6,3600,462,620,6-speed manual,Rear Wheel Drive,4.1,315,12.9,4445,1829,1275,2355,1437
porsche,Porsche,911 GT2,911 GT2 (1995),1995,1997,,3.6L 6MT (435 HP),Gasoline,6,3600,435,540,6-speed manual,Rear Wheel Drive,4.4,295,,4244,1854,1270,2271,1215
porsche,Porsche,911 GT2 RS,911 GT2 RS (2017),2017,2019,,3.8L 7AT (700 HP),Gasoline,6,3800,700,750,7-speed automatic (PDK),Rear Wheel Drive,2.8,340,11.8,4549,1880,1298,2454,1470
porsche,Porsche,911 GT2 RS,911 GT2 RS (2010),2010,2012,,3.6L 6MT (620 HP),Gasoline,6,3600,620,700,6-speed manual,Rear Wheel Drive,3.5,330,9.9,4468,1852,1285,2350,1445
porsche,Porsche,911 GT3,911 GT3 (2024),2024,,,4.0L 6MT RWD (510 HP),Gasoline,6,3996,510,450,6-manual speed GT sports transmission,Rear Wheel Drive,3.9,312,13.7,4569,1852,1280,2474,1462
porsche,Porsche,911 GT3,911 GT3 (2024),2024,,,4.0L 7AT RWD (510 HP),Gasoline,6,3996,510,450,7-speed automatic PDK,Rear Wheel Drive,3.4,311,13.8,4569,1852,1280,2474,1479
porsche,Porsche,911 GT3,911 GT3 (2024),2024,,,4.0L 6MT RWD (510 HP),Gasoline,6,3996,510,450,6-manual speed GT sports transmission,Rear Wheel Drive,3.9,312,13.7,4569,1852,1280,2456,1461
porsche,Porsche,911 GT3,911 GT3 (2024),2024,,,4.0L 7AT RWD (510 HP),Gasoline,6,3996,510,450,7-speed automatic PDK,Rear Wheel Drive,3.4,311,13.8,4569,1852,1280,2456,1477
porsche,Porsche,911 GT3,911 GT3 (2022),2022,,,4.0L 7AT RWD (525 HP),Gasoline,6,3996,525,465,7-speed automatic,Rear Wheel Drive,3.2,296,13.4,4572,1900,1321,2456,1525
porsche,Porsche,911 GT3,911 GT3 (2021),2021,2024,,4.0L 6MT (510 HP),Gasoline,6,3996,510,470,6-speed manual,Rear Wheel Drive,3.8,320,13.3,4572,1852,1280,2456,1418
porsche,Porsche,911 GT3,911 GT3 (2021),2021,2024,,4.0L 7AT PDK (510 HP),Gasoline,6,3996,510,470,7-speed automatic PDK,Rear Wheel Drive,3.4,319,12.4,4572,1852,1280,2456,1435
porsche,Porsche,911 GT3,911 GT3 (2017),2017,2021,,4.0L 6MT RWD (500 HP),Gasoline,6,3996,500,460,6-speed manual,Rear Wheel Drive,3.9,320,12.9,4562,1852,1270,2456,1488
porsche,Porsche,911 GT3,911 GT3 (2017),2017,2021,,4.0L 7AT RWD (500 HP),Gasoline,6,3996,500,460,7-speed automatic (PDK),Rear Wheel Drive,3.4,319,12.7,4562,1852,1270,2456,1430
porsche,Porsche,911 GT3,911 GT3 (2013),2013,2017,,3.8 7AT (475 HP),Gasoline,6,3799,476,439,7-speed automatic PDK,Rear Wheel Drive,3.5,315,12.4,4544,1852,1256,2456,1430
porsche,Porsche,911 GT3,911 GT3 (2009),2009,2011,,3.8L 6MT RWD (435 HP),Gasoline,6,3797,435,430,6-speed manual,Rear Wheel Drive,4.1,312,12.6,4427,1808,1280,2355,1370
porsche,Porsche,911 GT3,911 GT3 (2006),2006,2009,,3.6 6MT (415 HP),Gasoline,6,3600,415,405,6-speed manual,Rear Wheel Drive,4.3,311,12.8,4427,1808,1280,2355,1395
porsche,Porsche,911 GT3,911 GT3 (2003),2003,2006,,3.6L 6MT (381 HP),Gasoline,6,3600,381,385,6-speed manual,Rear Wheel Drive,4.5,306,12.9,4435,1770,1275,2355,1380
porsche,Porsche,911 GT3,911 GT3 (1999),1999,2001,,3.6 6MT (360 HP),Gasoline,6,3600,360,370,6-speed manual,Rear Wheel Drive,4.8,303,12.9,4430,1765,1270,2350,1350
porsche,Porsche,911 GT3 RS,911 GT3 RS (2018),2018,2019,,4.0L 7AT RWD (520 HP),Gasoline,6,3996,520,470,7-speed automatic (PDK),Rear Wheel Drive,3.2,312,12.8,4557,1880,1298,2454,1505
porsche,Porsche,911 GT3 RS,911 GT3 RS (2016),2016,2018,,4.0L 7AT RWD (500 HP),Gasoline,6,3996,500,460,7-speed automatic (PDK),Rear Wheel Drive,3.3,311,12.7,4544,1880,1290,2456,1420
porsche,Porsche,911 GT3 RS,911 GT3 RS (2011),2011,2013,,4.0L 6MT (500 HP),Gasoline,6,3996,500,460,6-speed manual,Rear Wheel Drive,3.9,311,13.8,4460,1852,1280,2355,1435
porsche,Porsche,911 GT3 RS,911 GT3 RS (2009),2009,2011,,3.8L 6MT (450 HP),Gasoline,6,3797,450,430,6-speed manual,Rear Wheel Drive,4,310,13.2,4460,1852,1280,2355,1445
porsche,Porsche,911 GT3 RS,911 GT3 RS (2006),2006,2009,,3.6L 6MT (415 HP),Gasoline,6,3600,415,405,6-speed manual,Rear Wheel Drive,4.2,311,12.8,4460,1852,1280,2360,1395
porsche,Porsche,911 GT3 RS,911 GT3 RS (2004),2004,2006,,3.6L 6MT (381 HP),Gasoline,6,3600,381,385,6-speed manual,Rear Wheel Drive,4.4,306,12.9,4435,1770,1275,2355,1360
porsche,Porsche,911 R,911 R (2016),2016,2019,,4.0 6MT (500 HP),Gasoline,6,3996,500,460,6-speed manual,Rear Wheel Drive,3.8,323,13.3,4531,,1275,2456,1370
porsche,Porsche,911 Sport Classic,911 Sport Classic (2010),2010,2012,,3.8L 6MT RWD (408 HP),Gasoline,6,3800,408,420,6-speed manual,Rear Wheel Drive,4.6,301,10.6,4440,1852,1290,2350,1425
porsche,Porsche,911 Targa,911 Targa (1995),1995,1997,,3.6L 4AT RWD (285 HP),Gasoline,6,3600,285,340,4-speed automatic,Rear Wheel Drive,6.6,266,12.4,4260,1735,1316,2271,1375
porsche,Porsche,911 Targa,911 Targa (1995),1995,1997,,3.6L 6MT RWD (285 HP),Gasoline,6,3600,285,340,6-speed manual,Rear Wheel Drive,5.4,275,11.9,4260,1735,1316,2271,1400
porsche,Porsche,911 Targa,911 Targa (1989),1989,1993,,3.6 5MT (250 HP),Gasoline,6,3600,250,310,5-speed manual,Rear Wheel Drive,5.7,261,11.5,4249,1651,1321,2268,1350
porsche,Porsche,911 Targa,911 Targa (1974),1974,1989,,2.7L 5MT RWD (150 HP),Gasoline,6,2687,150,236,5-speed manual,Rear Wheel Drive,6.5,222,9.8,4290,1651,1321,2268,1070
porsche,Porsche,911 Targa,911 Targa (1974),1974,1989,,3.0L 5MT RWD (180 HP),Gasoline,6,2994,180,265,5-speed manual,Rear Wheel Drive,6.4,227,10.7,4290,1651,1321,2268,1120
porsche,Porsche,911 Targa,911 Targa (1974),1974,1989,,3.2L 5MT RWD (231 HP),Gasoline,6,3164,231,284,5-speed manual,Rear Wheel Drive,5.8,245,10.9,4290,1651,1321,2268,1271
porsche,Porsche,911 Targa,911 Targa (1967),1967,1973,,2.0L 5MT RWD (130 HP),Gasoline,6,1991,131,175,5-speed manual,Rear Wheel Drive,8.7,211,,4163,1610,1321,2210,1080
porsche,Porsche,911 Targa,911 Targa (1967),1967,1973,,2.0L E 5MT RWD (140 HP),Gasoline,6,1991,140,176,5-speed manual,Rear Wheel Drive,,,,4163,1610,1321,2210,1020
porsche,Porsche,911 Targa,911 Targa (1967),1967,1973,,2.0L S 5MT RWD (160 HP),Gasoline,6,1991,160,180,5-speed manual,Rear Wheel Drive,7.9,219,,4163,1610,1321,2210,1062
porsche,Porsche,911 Targa,911 Targa (1967),1967,1973,,2.2L E 5MT RWD (155 HP),Gasoline,6,2195,155,192,5-speed manual,Rear Wheel Drive,,,,4163,1613,1321,2268,1020
porsche,Porsche,911 Targa 4,911 Targa 4 (2020),2020,,,3.0L BiTurbo 8AT AWD (385 HP),Gasoline,6,2981,385,450,8-speed automatic PDK,All Wheel Drive,4.4,290,9.8,4519,1852,1298,2451,1665
porsche,Porsche,911 Targa 4,911 Targa 4 (2016),2016,2020,,3.0L 7AT AWD (370 HP),Gasoline,6,2981,370,450,7-speed automatic (PDK),All Wheel Drive,4.5,286,7.9,4498,1852,1288,2451,1590
porsche,Porsche,911 Targa 4,911 Targa 4 (2016),2016,2020,,3.0L 7MT AWD (370 HP),Gasoline,6,2981,370,450,7-speed manual,All Wheel Drive,4.7,290,8.9,4498,1852,1288,2451,1570
porsche,Porsche,911 Targa 4,911 Targa 4 (2014),2014,2016,,3.4L 7AT AWD (350 HP),Gasoline,6,3436,349,390,7-speed automatic (PDK),All Wheel Drive,5,280,8.7,4491,1852,1298,2451,1560
porsche,Porsche,911 Targa 4,911 Targa 4 (2014),2014,2016,,3.4L 7MT AWD (350 HP),Gasoline,6,3436,349,390,7-speed manual,All Wheel Drive,5.2,282,9.5,4491,1852,1298,2451,1540
porsche,Porsche,911 Targa 4,911 Targa 4 (2008),2008,2013,,3.6L 6MT (345 HP),Gasoline,6,3614,345,390,6-speed manual,All Wheel Drive,5.2,284,10.6,4435,1852,1311,2350,1505
porsche,Porsche,911 Targa 4,911 Targa 4 (2008),2008,2013,,3.L6 7AT (345 HP),Gasoline,6,3614,345,390,7-speed automatic (PDK),All Wheel Drive,5,282,10.3,4435,1852,1311,2350,1535
porsche,Porsche,911 Targa 4,911 Targa 4 (2006),2006,2008,,3.6L 5AT AWD (325 HP),Gasoline,6,3596,325,370,5-speed automatic,All Wheel Drive,5.6,275,11.6,4427,1852,1311,2350,1490
porsche,Porsche,911 Targa 4,911 Targa 4 (2006),2006,2008,,3.6L 6MT AWD (325 HP),Gasoline,6,3596,325,370,6-speed manual,All Wheel Drive,5.1,280,11.3,4427,1852,1311,2350,1450
porsche,Porsche,911 Targa 4 GTS,911 Targa 4 GTS (2021),2021,,,3.0L 8AT AWD (480 HP),Gasoline,6,2981,480,570,8-speed automatic PDK,All Wheel Drive,3.5,307,9.9,4534,1852,1298,2451,1685
porsche,Porsche,911 Targa 4 GTS,911 Targa 4 GTS (2015),2015,2021,,3.8L 7AT AWD (430 HP),Gasoline,6,3800,430,440,7-speed automatic (PDK),All Wheel Drive,4.3,301,9.2,4509,1852,1290,2451,1555
porsche,Porsche,911 Targa 4 GTS,911 Targa 4 GTS (2015),2015,2021,,3.8L 7MT AWD (430 HP),Gasoline,6,3800,430,440,7-speed manual,All Wheel Drive,4.6,303,10,4509,1852,1290,2451,1535
porsche,Porsche,911 Targa 4S,911 Targa 4S (2020),2020,,,3.0L BiTurbo 7MT AWD (450 HP),Gasoline,6,2981,450,530,7-speed manual,All Wheel Drive,4.4,304,10.3,4519,1852,1298,2451,1640
porsche,Porsche,911 Targa 4S,911 Targa 4S (2020),2020,,,3.0L BiTurbo 8AT AWD (450 HP),Gasoline,6,2981,450,530,8-speed automatic PDK,All Wheel Drive,3.6,304,9.9,4519,1852,1298,2451,1675
porsche,Porsche,911 Targa 4S,911 Targa 4S (2014),2014,2020,,3.8L 7AT (400 HP),Gasoline,6,3800,400,441,7 speed automatic dual clutch PDK,All Wheel Drive,4.6,295,9.2,4491,1852,1290,2451,1555
porsche,Porsche,911 Targa 4S,911 Targa 4S (2014),2014,2020,,3.8L 7MT (400 HP),Gasoline,6,3800,400,441,7 speed manual,All Wheel Drive,4.8,296,10,4491,1852,1290,2451,1555
porsche,Porsche,911 Targa 4S,911 Targa 4S (2008),2008,2013,,3.8L 6MT (385 HP),Gasoline,6,3800,385,420,6-speed manual,All Wheel Drive,4.9,297,11,4435,1852,1311,2350,1515
porsche,Porsche,911 Targa 4S,911 Targa 4S (2008),2008,2013,,3.8L 7AT (385 HP),Gasoline,6,3800,385,420,7-speed automatic (PDK),All Wheel Drive,4.7,295,10.7,4435,1852,1311,2350,1545
porsche,Porsche,911 Targa 4S,911 Targa 4S (2006),2006,2008,,3.8L 5AT (355 HP),Gasoline,6,3824,355,400,5-speed automatic,All Wheel Drive,5.3,280,11.9,4427,1852,1311,2350,1515
porsche,Porsche,911 Targa 4S,911 Targa 4S (2006),2006,2008,,3.8L 6MT (355 HP),Gasoline,6,3824,355,400,6-speed manual,All Wheel Drive,4.8,288,11.8,4427,1852,1311,2350,1475
porsche,Porsche,911 Turbo,911 Turbo Cabriolet (2016),2016,2020,,3.8L 7AT AWD (540 HP),Gasoline,6,3800,540,660,7-speed automatic (PDK),All Wheel Drive,3.1,320,9.3,4506,1880,1293,2451,1665
porsche,Porsche,911 Turbo,911 Turbo Cabriolet (2013),2013,2016,,3.8L 7AT AWD (520 HP),Gasoline,6,3800,520,660,7-speed automatic (DCT),All Wheel Drive,3.4,314,9.9,4506,1880,1293,2451,1665
porsche,Porsche,911 Turbo,911 Turbo Cabriolet (2009),2009,2011,,3.8L Turbo 6MT RWD (500 HP),Gasoline,6,3800,500,649,6-speed manual,Rear Wheel Drive,3.7,311,11.7,4450,1852,1300,2350,1645
porsche,Porsche,911 Turbo,911 Turbo Cabriolet (2009),2009,2011,,3.8L Turbo 7AT RWD (500 HP),Gasoline,6,3800,500,649,7-speed automatic (PDK),Rear Wheel Drive,3.6,306,11.5,4450,1852,1300,2350,1670
porsche,Porsche,911 Turbo,911 Turbo Cabriolet (2007),2007,2009,,3.6L 5AT AWD (480 HP),Gasoline,6,3600,480,620,5-speed automatic,All Wheel Drive,3.8,311,13.7,4450,1852,1300,2350,1690
porsche,Porsche,911 Turbo,911 Turbo Cabriolet (2007),2007,2009,,3.6L 6MT AWD (480 HP),Gasoline,6,3600,480,620,6-speed manual,All Wheel Drive,4,311,12.9,4450,1852,1300,2350,1655
porsche,Porsche,911 Turbo,911 Turbo Cabriolet (2004),2004,2007,,3.6L 5AT AWD (420 HP),Gasoline,6,3600,420,560,5-speed automatic,All Wheel Drive,4.9,298,13.9,4435,1829,1295,2350,1700
porsche,Porsche,911 Turbo,911 Turbo Cabriolet (2004),2004,2007,,3.6L 6MT AWD (420 HP),Gasoline,6,3600,420,560,6-speed manual,All Wheel Drive,4.3,306,12.9,4435,1829,1295,2350,1660
porsche,Porsche,911 Turbo,911 Turbo Cabriolet (1987),1987,1989,,3.3L 4MT RWD (330 HP),Gasoline,6,3299,330,470,4-speed manual,Rear Wheel Drive,5.2,270,12.4,4290,1775,1311,2268,
porsche,Porsche,911 Turbo,911 Turbo (2020),2020,,,3.8L 8AT AWD (580 HP),Gasoline,6,3745,580,750,8-speed automatic PDK,All Wheel Drive,2.8,320,,,1839,,,
porsche,Porsche,911 Turbo,911 Turbo (2016),2016,2020,,3.8L 7AT AWD (540 HP),Gasoline,6,3800,540,660,7-speed automatic (PDK),All Wheel Drive,3,320,9.1,4506,1880,1298,2451,1595
porsche,Porsche,911 Turbo,911 Turbo (2013),2013,2016,,3.8 7AT (520 HP),Gasoline,6,3800,520,710,"7-speed, Automatic",All Wheel Drive,3.4,315,9.7,4506,1880,1295,2451,1595
porsche,Porsche,911 Turbo,911 Turbo (2009),2009,2011,,3.8L Turbo 6MT AWD (500 HP),Gasoline,6,3800,500,649,6-speed manual,All Wheel Drive,3.7,311,11.6,4450,1852,1300,2350,1570
porsche,Porsche,911 Turbo,911 Turbo (2009),2009,2011,,3.8L Turbo 7AT AWD (500 HP),Gasoline,6,3800,500,649,7-speed automatic (PDK),All Wheel Drive,3.6,312,11.4,4450,1852,1300,2350,1595
porsche,Porsche,911 Turbo,911 Turbo (2006),2006,2009,,3.6L 5AT AWD (480 HP),Gasoline,6,3600,480,620,5-speed automatic,All Wheel Drive,3.7,311,13.6,4450,1852,1300,2350,1620
porsche,Porsche,911 Turbo,911 Turbo (2006),2006,2009,,3.6L 6MT AWD (480 HP),Gasoline,6,3600,480,620,6-speed manual,All Wheel Drive,3.9,311,12.8,4450,1852,1300,2350,1585
porsche,Porsche,911 Turbo,911 Turbo (2000),2000,2006,,3.6L 5AT AWD (420 HP),Gasoline,6,3600,420,560,5-speed automatic,All Wheel Drive,4.9,298,13.9,4435,1829,1295,2350,1585
porsche,Porsche,911 Turbo,911 Turbo (2000),2000,2006,,3.6L 6MT AWD (420 HP),Gasoline,6,3600,420,560,6-speed manual,All Wheel Drive,4.2,306,12.9,4435,1829,1295,2350,1540
porsche,Porsche,911 Turbo,911 Turbo (1995),1995,1997,,3.6 6MT (408 HP),Gasoline,6,3600,408,540,6-speed manual,All Wheel Drive,4.5,290,15.7,4244,1796,1316,2271,1500
porsche,Porsche,911 Turbo,911 Turbo (1990),1990,1995,,3.3L 5MT RWD (320 HP),Gasoline,6,3299,320,450,5-speed manual,Rear Wheel Drive,5,272,13.3,4249,1753,1308,2268,1467
porsche,Porsche,911 Turbo,911 Turbo (1990),1990,1995,,3.6L 5MT RWD (360 HP),Gasoline,6,3600,360,520,5-speed manual,Rear Wheel Drive,4.8,280,13.3,4249,1753,1308,2268,1470
porsche,Porsche,911 Turbo,911 Turbo (1981),1981,1989,,3.3 4MT (330 HP),Gasoline,6,3299,330,470,4-speed manual,Rear Wheel Drive,5.1,270,12.4,4290,1775,1311,2268,1419
porsche,Porsche,911 Turbo,911 Turbo (1977),1977,1989,,3.0L 4MT RWD (260 HP),Gasoline,6,2994,260,343,4-speed manual,Rear Wheel Drive,5.5,249,10.8,4290,1775,1311,2268,1195
porsche,Porsche,911 Turbo,911 Turbo (1977),1977,1989,,3.3L 5MT RWD (300 HP),Gasoline,6,3299,300,430,5-speed manual,Rear Wheel Drive,5.2,259,12.3,4290,1775,1311,2268,1335
porsche,Porsche,911 Turbo,911 Turbo (1974),1974,1977,,3.0 4MT (260 HP),Gasoline,6,2994,260,345,4-speed manual,Rear Wheel Drive,5.5,249,10.8,4290,1775,1321,2268,1195
porsche,Porsche,911 Turbo S,911 Turbo S Cabriolet (2025),2025,,,3.6L B6 T-Hybrid 8AT AWD (711 HP),Hybrid Gasoline,6,3591,640,760,8-automatic speed PDK,All Wheel Drive,2.6,322,11.7,4552,1900,1293,2451,1810
porsche,Porsche,911 Turbo S,911 Turbo S Cabriolet (2020),2020,2025,,3.8L 7AT AWD (650 HP),Gasoline,6,,650,800,7-speed automatic,All Wheel Drive,2.7,330,,,1900,,,
porsche,Porsche,911 Turbo S,911 Turbo S Cabriolet (2016),2016,2020,,3.8L 7AT AWD (580 HP),Gasoline,6,3800,580,700,7-speed automatic (PDK),All Wheel Drive,3,330,9.3,4506,1880,1293,2451,1670
porsche,Porsche,911 Turbo S,911 Turbo S Cabriolet (2013),2013,2016,,3.8L 7AT AWD (560 HP),Gasoline,6,3800,560,700,7-speed automatic (DCT),All Wheel Drive,3.1,317,9.9,4506,1880,1293,2451,1675
porsche,Porsche,911 Turbo S,911 Turbo S Cabriolet (2010),2010,2011,,3.8L 7AT (530 HP),Gasoline,6,3800,530,700,7-speed automatic (PDK),All Wheel Drive,3.4,314,11.5,4450,1852,1300,2350,1735
porsche,Porsche,911 Turbo S,911 Turbo S Cabriolet (2004),2004,2006,,3.6L 5AT RWD (450 HP),Gasoline,6,3600,450,620,5-speed automatic,Rear Wheel Drive,4.8,299,14.2,4435,1829,1295,2350,1700
porsche,Porsche,911 Turbo S,911 Turbo S Cabriolet (2004),2004,2006,,3.6L 6MT RWD (450 HP),Gasoline,6,3600,450,620,6-speed manual,Rear Wheel Drive,4.3,307,13.3,4435,1829,1295,2350,1660
porsche,Porsche,911 Turbo S,911 Turbo S (2025),2025,,,3.6L 8AT AWD (711 HP),Hybrid Gasoline,6,3561,640,760,8-speed automatic PDK,All Wheel Drive,2.5,322,,4552,1900,1306,2451,1800
porsche,Porsche,911 Turbo S,911 Turbo S (2020),2020,2025,,3.8L 7AT AWD (650 HP),Gasoline,6,,650,800,7-speed automatic,All Wheel Drive,2.7,330,11.1,,1900,,,
porsche,Porsche,911 Turbo S,911 Turbo S (2016),2016,2020,,3.8L 7AT AWD (580 HP),Gasoline,6,3800,580,700,7-speed automatic (PDK),All Wheel Drive,2.9,330,9.1,4506,1880,1298,2451,1600
porsche,Porsche,911 Turbo S,911 Turbo S (2013),2013,2016,,3.8 7AT (560 HP),Gasoline,6,3800,560,700,"7-speed, Automatic PDK",All Wheel Drive,3.1,319,9.7,4506,1880,1295,2451,1605
porsche,Porsche,911 Turbo S,911 Turbo S (2010),2010,2011,,3.8L 7AT (530 HP),Gasoline,6,3800,530,700,7-speed automatic (PDK),All Wheel Drive,3.3,314,11.4,4450,1852,1300,2350,1660
porsche,Porsche,911 Turbo S,911 Turbo S (2004),2004,2005,,3.6L 5AT AWD (450 HP),Gasoline,6,3600,450,620,5-speed automatic,All Wheel Drive,4.8,299,14.2,4435,1829,1295,2350,1585
porsche,Porsche,911 Turbo S,911 Turbo S (2004),2004,2005,,3.6L 6MT AWD (450 HP),Gasoline,6,3600,450,620,6-speed manual,All Wheel Drive,4.3,307,13.3,4435,1829,1295,2350,1537
porsche,Porsche,918,918 (2013),2013,2015,,4.6 V8 7AT (899 HP),Hybrid,8,4593,616,540,7-speed automatic PDK,All Wheel Drive,2.6,344,3.1,4646,1941,1166,2731,1675
porsche,Porsche,928,928 (1978),1978,1982,,4.4L V8 5MT RWD (240 HP),Gasoline,8,4474,240,365,5-speed manual,Rear Wheel Drive,6.8,230,13,4448,1836,1313,2499,1450
porsche,Porsche,928 GT,928 GT (1989),1989,1991,,5.0L V8 5MT RWD (330 HP),Gasoline,8,4957,330,430,5-speed manual,Rear Wheel Drive,6.1,274,,4521,1836,1262,2499,1714
porsche,Porsche,928 GTS,928 GTS (1992),1992,1995,,5.4L V8 4AT (350 HP),Gasoline,8,5397,350,500,4-speed automatic,Rear Wheel Drive,5.9,275,,4521,1890,1283,2499,1620
porsche,Porsche,928 GTS,928 GTS (1992),1992,1995,,5.4L V8 5MT (350 HP),Gasoline,8,5397,350,500,5-speed manual,Rear Wheel Drive,5.7,275,,4521,1890,1283,2499,1620
porsche,Porsche,928 S,928 S (1986),1986,1991,,5.0L V8 4AT RWD (320 HP),Gasoline,8,4957,320,430,4-speed automatic,Rear Wheel Drive,,266,,4521,1836,1283,2499,1600
porsche,Porsche,928 S,928 S (1986),1986,1991,,5.0L V8 5MT RWD (320 HP),Gasoline,8,4957,320,430,5-speed manual,Rear Wheel Drive,5.9,270,,4521,1836,1283,2499,1580
porsche,Porsche,928 S,928 S (1980),1980,1986,,4.6L V8 5MT RWD (300 HP),Gasoline,8,4664,300,385,5-speed manual,Rear Wheel Drive,6.6,249,,4448,1836,1283,2499,1450
porsche,Porsche,944,944 (1981),1981,1990,,2.5L 5MT RWD (163 HP),Gasoline,4,2479,163,205,5-speed manual,Rear Wheel Drive,8.4,220,8.6,4201,1735,1275,2400,1240
porsche,Porsche,944,944 (1981),1981,1990,,2.7L 5MT RWD (165 HP),Gasoline,4,2681,165,225,5-speed manual,Rear Wheel Drive,8.2,220,9.6,4201,1735,1270,2400,1290
porsche,Porsche,944 S,944 S (1988),1988,1991,,3.0L 5MT RWD (211 HP),Gasoline,4,2990,211,280,5-speed manual,Rear Wheel Drive,7.1,240,10.3,4229,1735,1275,2400,1310
porsche,Porsche,944 S,944 S (1986),1986,1988,,2.5L 5MT RWD (190 HP),Gasoline,4,2479,190,230,5-speed manual,Rear Wheel Drive,7.9,229,9.2,4201,1735,1275,2400,1280
porsche,Porsche,944 Turbo,944 Turbo (1985),1985,1990,,2.5L Turbo 5MT RWD (220 HP),Gasoline,4,2479,220,330,5-speed manual,Rear Wheel Drive,6.3,245,9.2,4229,1735,1270,2400,1350
porsche,Porsche,944 Turbo,944 Turbo (1985),1985,1990,,2.5L Turbo S 5MT RWD (250 HP),Gasoline,4,2497,250,350,5-speed manual,Rear Wheel Drive,5.7,261,10,4229,1735,1270,2400,1350
porsche,Porsche,959,959 (1987),1987,1988,,2.9L 6MT RWD (450 HP),Gasoline,6,2851,450,500,6-speed manual,Rear Wheel Drive,3.9,317,12.5,4260,1839,1199,2268,1450
porsche,Porsche,968,968 (1992),1992,1995,,3.0L 6MT RWD (240 HP),Gasoline,4,2990,240,305,6-speed manual,Rear Wheel Drive,6.2,254,10.3,4321,1735,1255,2400,1320
porsche,Porsche,968,968 (1991),1991,1995,,3.0L 6MT RWD (240 HP),Gasoline,4,2990,240,305,6-speed manual,Rear Wheel Drive,6.4,254,10.3,4321,1735,1275,2400,1370
porsche,Porsche,968,968 Cabriolet (1991),1991,1995,,3.0L 6MT (240 HP),Gasoline,4,2990,240,305,6-speed manual,Rear Wheel Drive,6.5,254,10.3,4321,1735,1275,2400,1398
porsche,Porsche,968 Turbo S,968 Turbo S (1993),1993,1994,,3.0L 6MT RWD (305 HP),Gasoline,4,2990,305,500,6-speed manual,Rear Wheel Drive,4.9,282,,4321,1735,1255,2400,1370
porsche,Porsche,Boxster,Boxster (2012),2012,2016,,2.7L 6MT RWD (265 HP),Gasoline,6,2706,265,281,6-speed manual,Rear Wheel Drive,5.8,264,8.1,4374,1801,1283,2474,1310
porsche,Porsche,Boxster,Boxster (2012),2012,2016,,2.7L 7AT RWD (265 HP),Gasoline,6,2706,265,281,7-speed automatic (PDK),Rear Wheel Drive,5.5,262,7.6,4374,1801,1283,2474,1345
porsche,Porsche,Boxster,Boxster (2008),2008,2011,,2.9L 6MT RWD (256 HP),Gasoline,6,2893,256,290,6-speed manual,Rear Wheel Drive,5.9,263,9.4,4328,1801,1295,2416,1410
porsche,Porsche,Boxster,Boxster (2008),2008,2011,,2.9L 7AT RWD (256 HP),Gasoline,6,2893,256,290,7-speed automatic (PDK),Rear Wheel Drive,5.8,261,8.9,4328,1801,1295,2416,1365
porsche,Porsche,Boxster,Boxster (2004),2004,2008,,2.7L 5AT (240 HP),Gasoline,6,2687,240,270,5-speed automatic,Rear Wheel Drive,7.1,249,10.5,4328,1801,1295,2416,1355
porsche,Porsche,Boxster,Boxster (2004),2004,2008,,2.7L 5AT (245 HP),Gasoline,6,2687,245,273,5-speed automatic,Rear Wheel Drive,7,251,10.1,4328,1801,1295,2416,1365
porsche,Porsche,Boxster,Boxster (2004),2004,2008,,2.7L 5MT (240 HP),Gasoline,6,2687,240,270,5-speed manual,Rear Wheel Drive,6.2,256,9.6,4328,1801,1295,2416,1295
porsche,Porsche,Boxster,Boxster (2004),2004,2008,,2.7L 6MT (245 HP),Gasoline,6,2687,245,273,6-speed manual,Rear Wheel Drive,6.1,257,9.3,4328,1801,1295,2416,1305
porsche,Porsche,Boxster,Boxster (2002),2002,2005,,2.7L 5AT RWD (228 HP),Gasoline,6,2687,228,260,5-speed automatic,Rear Wheel Drive,7.3,248,10.7,4315,1778,1290,2416,1330
porsche,Porsche,Boxster,Boxster (2002),2002,2005,,2.7L 5MT RWD (228 HP),Gasoline,6,2687,228,260,5-speed manual,Rear Wheel Drive,6.4,253,9.7,4315,1778,1290,2416,1275
porsche,Porsche,Boxster,Boxster (1996),1996,2002,,2.5L 5AT (204 HP),Gasoline,6,2480,204,245,5-speed automatic,Rear Wheel Drive,7.6,235,10.9,4315,1778,1290,2416,1300
porsche,Porsche,Boxster,Boxster (1996),1996,2002,,2.5L 5MT (204 HP),Gasoline,6,2480,204,245,5-speed manual,Rear Wheel Drive,6.9,240,9.7,4315,1778,1290,2416,1252
porsche,Porsche,Boxster,Boxster (1996),1996,2002,,2.7L 5AT (220 HP),Gasoline,6,2687,220,260,5-speed automatic,Rear Wheel Drive,7.4,249,10.9,4315,1778,1290,2416,1310
porsche,Porsche,Boxster,Boxster (1996),1996,2002,,2.7L 5MT (220 HP),Gasoline,6,2687,220,260,5-speed manual,Rear Wheel Drive,6.6,249,9.9,4315,1778,1290,2416,1260
porsche,Porsche,Boxster,Boxster Spyder (2015),2015,2019,,3.8L 6MT RWD (375 HP),Gasoline,6,3800,375,420,6-speed manual,Rear Wheel Drive,4.5,290,9.9,4415,1801,1262,2474,1390
porsche,Porsche,Boxster,Boxster Spyder (2009),2009,2011,,3.4L 6MT (320 HP),Gasoline,6,3436,320,370,6-speed manual,Rear Wheel Drive,5.1,267,9.7,4341,1801,1232,2416,1350
porsche,Porsche,Boxster S,Boxster S (2012),2012,2016,,3.4L 6MT RWD (315 HP),Gasoline,6,3436,315,361,6-speed manual,Rear Wheel Drive,5.1,270,8.7,4374,1801,1280,2474,1320
porsche,Porsche,Boxster S,Boxster S (2012),2012,2016,,3.4L 7AT RWD (315 HP),Gasoline,6,3436,315,361,7-speed automatic (PDK),Rear Wheel Drive,5,277,8.1,4374,1801,1280,2474,1350
porsche,Porsche,Boxster S,Boxster S (2008),2008,2011,,3.4L 6MT RWD (310 HP),Gasoline,6,3387,310,360,6-speed manual,Rear Wheel Drive,5.3,274,9.8,4328,1801,1295,2416,1430
porsche,Porsche,Boxster S,Boxster S (2008),2008,2011,,3.4L 6MT RWD (330 HP),Gasoline,6,3387,330,370,6-speed manual,Rear Wheel Drive,5.2,275,9.6,4328,1801,1295,2416,1355
porsche,Porsche,Boxster S,Boxster S (2008),2008,2011,,3.4L 7AT RWD (310 HP),Gasoline,6,3387,310,360,7-speed automatic (PDK),Rear Wheel Drive,5.2,272,9.2,4328,1801,1295,2416,1378
porsche,Porsche,Boxster S,Boxster S (2008),2008,2011,,3.4L 7AT RWD (330 HP),Gasoline,6,3387,330,370,7-speed automatic (PDK),Rear Wheel Drive,5.1,274,9.2,4328,1801,1295,2416,1378
porsche,Porsche,Boxster S,Boxster S (2004),2004,2008,,3.2L 5AT RWD (280 HP),Gasoline,6,3179,280,320,5-speed automatic,Rear Wheel Drive,6.3,261,11,4328,1801,1295,2416,1385
porsche,Porsche,Boxster S,Boxster S (2004),2004,2008,,3.2L 6MT RWD (280 HP),Gasoline,6,3179,280,320,6-speed manual,Rear Wheel Drive,5.5,269,10.4,4328,1801,1295,2416,1345
porsche,Porsche,Boxster S,Boxster S (2004),2004,2008,,3.4L 5AT RWD (295 HP),Gasoline,6,3387,295,340,5-speed automatic,Rear Wheel Drive,6.1,264,11,4328,1801,1295,2416,1395
porsche,Porsche,Boxster S,Boxster S (2004),2004,2008,,3.4L 6MT RWD (295 HP),Gasoline,6,3387,295,340,6-speed manual,Rear Wheel Drive,5.4,272,10.6,4328,1801,1295,2416,1355
porsche,Porsche,Boxster S,Boxster S (2002),2002,2005,,3.2L 5AT (260 HP),Gasoline,6,3179,260,310,5-speed automatic,Rear Wheel Drive,6.4,257,11.1,4321,1781,1290,2416,1360
porsche,Porsche,Boxster S,Boxster S (2002),2002,2005,,3.2L 6MT (260 HP),Gasoline,6,3179,260,310,6-speed manual,Rear Wheel Drive,5.7,264,10.5,4321,1781,1290,2416,1320
porsche,Porsche,Boxster S,Boxster S (1999),1999,2002,,3.2L 5AT RWD (252 HP),Gasoline,6,3179,252,305,5-speed automatic,Rear Wheel Drive,6.9,254,11.3,4315,1781,1290,2416,1335
porsche,Porsche,Boxster S,Boxster S (1999),1999,2002,,3.2L 6MT RWD (252 HP),Gasoline,6,3179,252,305,6-speed manual,Rear Wheel Drive,5.9,261,10.7,4315,1781,1290,2416,1295
porsche,Porsche,Carrera GT,Carrera GT (2003),2003,2006,,5.7L V10 (612 HP) 6MT,Gasoline,10,5733,612,590,"6 Speed, manual",Rear Wheel Drive,3.9,330,17.8,4613,1920,1161,2731,1380
porsche,Porsche,Cayenne,Cayenne Coupe (2023),2023,,,3.0L V6 8AT AWD (470 HP),Hybrid Gasoline,6,2995,304,420,8-speed automatic,All Wheel Drive,4.9,254,1.8,4930,2149,1697,2896,2500
porsche,Porsche,Cayenne,Cayenne Coupe (2023),2023,,,4.0L V8 8AT AWD (474 HP),Gasoline,8,3996,474,600,8-speed automatic Tiptronic S,All Wheel Drive,4.7,274,12.5,4930,1984,1679,2896,2190
porsche,Porsche,Cayenne,Cayenne Coupe (2019),2019,2023,,3.0L V6 8AT AWD (340 HP),Gasoline,6,2995,340,450,8-Speed automatic,All Wheel Drive,6,243,9.4,4930,2195,1676,2896,
porsche,Porsche,Cayenne,Cayenne (2023),2023,,,3.0L V6 8AT AWD (353 HP),Gasoline,6,2995,353,500,8-speed automatic,All Wheel Drive,6,241,12.1,4930,2195,1699,2896,2130
porsche,Porsche,Cayenne,Cayenne (2023),2023,,,4.0L V8 8AT AWD (640 HP),Gasoline,8,3996,640,850,8-speed automatic,All Wheel Drive,3.3,299,11.9,4943,1956,,2896,2220
porsche,Porsche,Cayenne,Cayenne (2023),2023,,,3.0L V6 8AT AWD (470 HP),Hybrid Gasoline,6,2995,304,420,8-speed automatic Tiptronic S,All Wheel Drive,4.9,254,,4930,1984,1697,2896,2425
porsche,Porsche,Cayenne,Cayenne (2018),2018,2023,,3.0L V6 8AT FWD (462 HP),Hybrid,6,2995,462,700,8-speed automatic,Front Wheel Drive,4.9,253,3.4,4917,2195,1697,2896,2295
porsche,Porsche,Cayenne,Cayenne (2017),2017,2023,,3.0L V6 8AT AWD (340 HP),Gasoline,6,2995,340,450,8-speed automatic (tiptronic S),All Wheel Drive,6.2,245,9.2,4917,1984,1697,2896,1985
porsche,Porsche,Cayenne,Cayenne (2015),2015,2017,,3.6L V6 8AT AWD (300 HP),Gasoline,6,3598,300,400,8-speed automatic,All Wheel Drive,7.7,230,9.2,4854,1938,1704,2896,2040
porsche,Porsche,Cayenne,Cayenne (2010),2010,2015,,3.6L V6 6MT AWD (300 HP),Gasoline,6,3598,299,400,6-speed manual,All Wheel Drive,7.5,230,11.2,4846,1938,1704,2896,2070
porsche,Porsche,Cayenne,Cayenne (2010),2010,2015,,3.6L V6 Tiptronic 8AT AWD (300 HP),Gasoline,6,3598,299,400,8-speed automatic (Tiptronic),All Wheel Drive,7.8,230,9.9,4846,1938,1704,2896,2105
porsche,Porsche,Cayenne,Cayenne (2007),2007,2009,,3.6L V6 6AT AWD (290 HP),Gasoline,6,3598,290,385,6-speed automatic,All Wheel Drive,8.5,227,13,4798,1928,1699,2855,2170
porsche,Porsche,Cayenne,Cayenne (2007),2007,2009,,3.6L V6 6MT AWD (290 HP),Gasoline,6,3598,290,385,6-speed manual,All Wheel Drive,8.1,227,12.4,4798,1928,1699,2855,2160
porsche,Porsche,Cayenne,Cayenne (2002),2002,2007,,3.2L V6 6AT AWD (250 HP),Gasoline,6,3189,250,310,6-speed automatic,All Wheel Drive,9.7,214,13.5,4783,1928,1699,2855,2170
porsche,Porsche,Cayenne,Cayenne (2002),2002,2007,,3.2L V6 6MT AWD (250 HP),Gasoline,6,3189,250,310,6-speed manual,All Wheel Drive,9.1,214,13.2,4783,1928,1699,2855,2160
porsche,Porsche,Cayenne,Cayenne (2002),2002,2007,,4.5L V8 6AT AWD (345 HP),Gasoline,8,4511,345,420,"6-Speed, Automatic",All Wheel Drive,6.8,241,14.9,4783,1928,1699,2855,2245
porsche,Porsche,Cayenne,Cayenne (2002),2002,2007,,4.5L V8 6MT AWD (345 HP),Gasoline,8,4511,345,420,"6-Speed, manual",All Wheel Drive,7.2,241,14.9,4783,1928,1699,2855,2255
porsche,Porsche,Cayenne Diesel,Cayenne Diesel (2014),2014,2017,,3.0L V6 8AT AWD (262 HP),Diesel,6,2967,262,580,8-speed automatic transmission,All Wheel Drive,7.3,220,6.8,4854,1938,1704,2896,2110
porsche,Porsche,Cayenne Diesel,Cayenne Diesel (2010),2010,2014,,3.0L V6 TDI 8AT AWD (240 HP),Diesel,6,2967,240,549,8-speed automatic (Tiptronic S),All Wheel Drive,7.8,217,7.4,4846,1938,1704,2896,2175
porsche,Porsche,Cayenne Diesel,Cayenne Diesel (2010),2010,2014,,3.0L V6 TDI 8AT AWD (245 HP),Diesel,6,2967,245,550,8-speed automatic (Tiptronic S),All Wheel Drive,7.6,220,7.1,4846,1938,1704,2896,2100
porsche,Porsche,Cayenne Diesel,Cayenne Diesel (2008),2008,2010,,3.0 V6 TDI 6AT (240 HP),Diesel,6,2967,240,550,6-speed automatic,All Wheel Drive,8.3,215,9.3,4798,1928,1699,2855,2240
porsche,Porsche,Cayenne Electric,Cayenne Electric (2026),2026,,,113 KWh AWD (442 HP),Electric,,,442,,1-speed automatic,All Wheel Drive,4.8,230,,4986,1981,1674,3023,2525
porsche,Porsche,Cayenne GTS,Cayenne GTS (2024),2024,,,4.0L V8 Tiptronic S 8AT AWD (500 HP),Gasoline,8,3996,500,660,8-speed automatic Tiptronic S,All Wheel Drive,4.4,275,12.6,4930,1989,1654,2896,2220
porsche,Porsche,Cayenne GTS,Cayenne GTS (2020),2020,2024,,4.0L V8 8AT AWD (460 HP),Gasoline,8,3996,460,620,8-speed automatic Tiptronic,All Wheel Drive,8,270,11.4,4930,1984,1676,2896,2145
porsche,Porsche,Cayenne GTS,Cayenne GTS (2014),2014,2018,,3.6L V6 8AT AWD (440 HP),Gasoline,6,3604,441,601,8-speed automatic,All Wheel Drive,5.2,262,10,4854,1953,1689,2896,2185
porsche,Porsche,Cayenne GTS,Cayenne GTS (2012),2012,2014,,4.8L V8 8AT (420 HP),Gasoline,8,4806,420,515,8-speed Tiptronic S with Auto Start Stop function and gearshift controls on steering wheel,All Wheel Drive,5.7,261,10.7,4846,1938,1704,2896,2085
porsche,Porsche,Cayenne GTS,Cayenne GTS (2008),2008,2010,,4.8L V8 6AT AWD (405 HP),Gasoline,8,4806,405,500,6-Speed automatic,All Wheel Drive,6.5,251,15.1,4796,1956,1674,2855,2220
porsche,Porsche,Cayenne GTS,Cayenne GTS (2008),2008,2010,,4.8L V8 6MT AWD (405 HP),Gasoline,8,4806,405,500,6-Speed manual,All Wheel Drive,6.1,253,15.1,4796,1956,1674,2855,2200
porsche,Porsche,Cayenne GTS,Cayenne GTS Coupe (2020),2020,,,4.0L V8 8AT AWD (460 HP),Gasoline,8,3996,460,620,8-speed automatic Tiptronic,All Wheel Drive,4.5,270,11.4,4938,1994,1659,2896,2175
porsche,Porsche,Cayenne S,Cayenne S (2023),2023,,,4.0L V8 8AT AWD (474 HP),Gasoline,8,3996,474,600,8-speed automatic Tiptronic S,All Wheel Drive,5,274,12.4,4930,1984,1697,2896,2160
porsche,Porsche,Cayenne S,Cayenne S (2017),2017,2023,,2.9L V6 8AT AWD (440 HP),Gasoline,6,2894,440,550,8-speed automatic (tiptronic S),All Wheel Drive,5.2,266,9.4,4917,1984,1697,2896,2020
porsche,Porsche,Cayenne S,Cayenne S (2014),2014,2017,,3.6L V6 8AT AWD (420 HP),Gasoline,6,3604,420,550,8-speed automatic transmission,All Wheel Drive,5.5,259,9.8,4854,1938,1704,2896,2085
porsche,Porsche,Cayenne S,Cayenne S (2010),2010,2014,,4.8L V8 8AT AWD (400 HP),Gasoline,8,4806,400,500,8-speed automatic (Tiptronic S),All Wheel Drive,5.9,257,10.5,4846,1938,1704,2896,2140
porsche,Porsche,Cayenne S,Cayenne S (2010),2010,2014,,3.0L V6 8AT AWD (380 HP),Hybrid Gasoline,6,2995,333,440,8-speed automatic (Tiptronic S),All Wheel Drive,6.5,241,8.5,4846,1938,1704,2896,2240
porsche,Porsche,Cayenne S,Cayenne S (2007),2007,2009,,4.8L V8 6AT AWD (385 HP),Gasoline,8,4806,385,500,6-speed automatic,All Wheel Drive,6.8,249,13.7,4798,1928,1699,2855,2245
porsche,Porsche,Cayenne S,Cayenne S (2007),2007,2009,,4.8L V8 6MT AWD (385 HP),Gasoline,8,4806,385,500,6-speed manual,All Wheel Drive,6.6,253,14.9,4798,1928,1699,2855,2255
porsche,Porsche,Cayenne S,Cayenne S (2002),2002,2007,,4.5L V8 6AT AWD (340 HP),Gasoline,8,4511,340,420,6-speed automatic,All Wheel Drive,7.2,241,14.9,4783,1928,1699,2855,2245
porsche,Porsche,Cayenne S,Cayenne S (2002),2002,2007,,4.5L V8 6MT AWD (340 HP),Gasoline,8,4511,340,420,6-speed manual,All Wheel Drive,7.2,241,14.9,4783,1928,1699,2855,2225
porsche,Porsche,Cayenne S Diesel,Cayenne S Diesel (2014),2014,2017,,4.1L 8AT AWD (385 HP),Diesel,8,4134,385,850,8-speed automatic transmission,All Wheel Drive,5.4,253,8,4854,1938,1704,2896,2215
porsche,Porsche,Cayenne S Diesel,Cayenne S Diesel (2012),2012,2014,,4.2L TDI V8 8AT AWD (382 HP),Diesel,8,4134,382,880,8-speed Tiptronic S with Auto Start Stop function and gearshift controls on steering wheel,All Wheel Drive,5.7,253,8.4,4846,1938,1699,2896,2195
porsche,Porsche,Cayenne S E-Hybrid,Cayenne S E-Hybrid (2014),2014,2019,,3.0L 8AT (416 HP),Hybrid,6,2995,416,590,8-speed automatic transmission,All Wheel Drive,5.9,243,3.4,4854,1938,1704,2896,2350
porsche,Porsche,Cayenne S Electric,Cayenne S Electric (2026),2026,,,113 KWh AWD (666 HP),Electric,,,666,,1-speed automatic,All Wheel Drive,3.8,249,,4991,1981,1643,3025,2555
porsche,Porsche,Cayenne S Hybrid,Cayenne S Hybrid (2010),2010,2014,,3.0L V6 Hybrid 8AT AWD (385 HP),Hybrid Gasoline,6,2995,333,441,8-speed automatic (Tiptronic S),All Wheel Drive,6.1,241,11.2,4846,1938,1704,2896,2315
porsche,Porsche,Cayenne S TransSyberia,Cayenne S TransSyberia (2009),2009,2011,,4.8L V8 6MT AWD (385 HP),Gasoline,8,4806,385,500,6-speed manual,All Wheel Drive,6.6,253,14.9,4796,1928,1781,2855,2355
porsche,Porsche,Cayenne Turbo,Cayenne Turbo (2017),2017,2023,,4.0L V8 8AT AWD (550 HP),Gasoline,8,3999,550,770,8-speed automatic (tiptronic S),All Wheel Drive,4.1,286,14.2,4925,1984,1674,2896,2175
porsche,Porsche,Cayenne Turbo,Cayenne Turbo (2014),2014,2017,,4.8L 8AT (520 HP),Gasoline,8,4806,521,750,8-speed automatic transmission,All Wheel Drive,4.5,278,11.5,4854,1938,170,2896,2185
porsche,Porsche,Cayenne Turbo,Cayenne Turbo (2010),2010,2014,,4.8L V8 8AT AWD (500 HP),Gasoline,8,4806,500,700,8-speed automatic (Tiptronic S),All Wheel Drive,4.7,277,11.5,4846,1938,1702,2896,2245
porsche,Porsche,Cayenne Turbo,Cayenne Turbo (2007),2007,2009,,4.8L V8 6AT (500 HP),Gasoline,8,4806,500,700,6-speed automatic,All Wheel Drive,5.1,275,14.9,4796,1928,1694,2855,2355
porsche,Porsche,Cayenne Turbo,Cayenne Turbo (2002),2002,2007,,4.5L V8 6AT (450 HP),Gasoline,8,4511,450,620,6-speed automatic,All Wheel Drive,5.6,266,15.7,4785,1928,1699,2855,2355
porsche,Porsche,Cayenne Turbo,Cayenne Turbo Coupe (2019),2019,2023,,4.0L V8 8AT AWD (550 HP),Gasoline,8,3996,550,770,8-Speed automatic,All Wheel Drive,3.9,286,11.4,4938,2195,1654,2896,
porsche,Porsche,Cayenne Turbo E-Hybrid,Cayenne Turbo E-Hybrid (2023),2023,,,4.0L V8 8AT AWD (739 HP),Hybrid Gasoline,8,3996,599,800,8-speed automatic,All Wheel Drive,3.7,295,2,4930,1984,1684,2896,2570
porsche,Porsche,Cayenne Turbo E-Hybrid,Cayenne Turbo E-Hybrid Coupe (2023),2023,,,4.0L V8 8AT AWD (739 HP) GT Package,Mild Hybrid,8,3996,599,800,8-speed automatic,All Wheel Drive,3.7,295,2,4930,1984,1664,,2595
porsche,Porsche,Cayenne Turbo Electric,Cayenne Turbo Electric (2026),2026,,,113 kWh AWD (1156 HP),Electric,,,1156,,1-speed automatic,All Wheel Drive,2.5,261,,4986,1981,1674,3023,2645
porsche,Porsche,Cayenne Turbo S,Cayenne Turbo S (2015),2015,2017,,4.8L V8 8AT AWD (570 HP),Gasoline,8,4806,570,800,8-speed automatic,All Wheel Drive,4.1,283,11.5,4854,1938,1702,2896,2235
porsche,Porsche,Cayenne Turbo S,Cayenne Turbo S (2012),2012,2014,,4.8L V8 8AT (550 HP),Gasoline,8,4806,551,750,8-speed Tiptronic S with Auto Start Stop function and gearshift controls on steering wheel,All Wheel Drive,4.5,283,11.8,4846,1953,1702,2896,2215
porsche,Porsche,Cayenne Turbo S,Cayenne Turbo S (2008),2008,2009,,4.8L V8 6AT AWD (550 HP),Gasoline,8,4806,550,750,6-speed automatic,All Wheel Drive,4.8,280,14.9,4801,1930,1689,2860,2355
porsche,Porsche,Cayenne Turbo S,Cayenne Turbo S (2006),2006,2007,,4.5L V8 6AT (521 HP),Gasoline,8,4511,521,720,6-speed automatic,All Wheel Drive,5.2,270,15.7,4785,1928,1699,2855,2355
porsche,Porsche,Cayenne Turbo S E-Hybrid,Cayenne Turbo S E-Hybrid (2019),2019,2023,,4.0L V8 8AT AWD (680 HP),Hybrid,8,3996,680,900,8-speed automatic Steptronic,All Wheel Drive,3.8,295,3.9,4925,2195,1674,2896,2490
porsche,Porsche,Cayman,Cayman (2012),2012,2016,,2.7L 6MT (275 HP),Gasoline,6,2706,275,290,6-speed manual,Rear Wheel Drive,5.7,266,8.2,4379,1801,1293,2474,1310
porsche,Porsche,Cayman,Cayman (2012),2012,2016,,2.7L 7AT (275 HP),Gasoline,6,2706,275,290,7-speed automatic (PDK),Rear Wheel Drive,5.6,264,7.7,4379,1801,1293,2474,1340
porsche,Porsche,Cayman,Cayman (2009),2009,2012,,2.9L 6MT RWD (265 HP),Gasoline,6,2893,265,300,6-speed manual,Rear Wheel Drive,5.8,265,9.4,4341,1801,1306,2416,1330
porsche,Porsche,Cayman,Cayman (2009),2009,2012,,2.9L 7AT RWD (265 HP),Gasoline,6,2893,265,300,7-speed automatic,Rear Wheel Drive,5.7,262,9.1,4341,1801,1306,2416,1360
porsche,Porsche,Cayman,Cayman (2006),2006,2009,,2.7L 5AT RWD (245 HP),Gasoline,6,2687,245,273,5-speed automatic,Rear Wheel Drive,7,253,10.1,4341,1801,1306,2416,1360
porsche,Porsche,Cayman,Cayman (2006),2006,2009,,2.7L 5MT RWD (245 HP),Gasoline,6,2687,245,273,5-speed manual,Rear Wheel Drive,6.1,257,9.3,4341,1801,1306,2416,1300
porsche,Porsche,Cayman R,Cayman R (2010),2010,2011,,3.4L 6MT RWD (330 HP),Gasoline,6,3436,330,370,6-speed manual,Rear Wheel Drive,5,282,9.7,4346,1801,1285,2413,1295
porsche,Porsche,Cayman R,Cayman R (2010),2010,2011,,3.4L 7AT RWD (330 HP),Gasoline,6,3436,330,370,7-speed automatic (PDK),Rear Wheel Drive,4.9,280,9.3,4346,1801,1285,2413,1320
porsche,Porsche,Cayman S,Cayman S (2012),2012,2016,,3.4L 6MT RWD (325 HP),Gasoline,6,3436,325,370,6-speed manual,Rear Wheel Drive,5,283,8.8,4379,1801,1295,2474,1320
porsche,Porsche,Cayman S,Cayman S (2012),2012,2016,,3.4L 7AT RWD (325 HP),Gasoline,6,3436,325,370,7-speed automatic (PDK),Rear Wheel Drive,4.9,282,8,4379,1801,1295,2474,1350
porsche,Porsche,Cayman S,Cayman S (2009),2009,2012,,3.4L 6MT (320 HP),Gasoline,6,3436,320,370,6-speed manual,Rear Wheel Drive,5.2,277,9.8,4341,1801,1306,2416,1350
porsche,Porsche,Cayman S,Cayman S (2009),2009,2012,,3.4L 7AT (320 HP),Gasoline,6,3436,320,370,7-speed automatic,Rear Wheel Drive,5.1,275,9.4,4341,1801,1306,2416,1375
porsche,Porsche,Cayman S,Cayman S (2005),2005,2008,,3.4L 5AT (295 HP),Gasoline,6,3387,295,340,5-speed automatic,Rear Wheel Drive,6.1,267,11,4341,1801,1306,2416,1340
porsche,Porsche,Cayman S,Cayman S (2005),2005,2008,,3.4L 6MT (295 HP),Gasoline,6,3387,295,340,6-speed manual,Rear Wheel Drive,5.4,275,10.6,4341,1801,1306,2416,1340
porsche,Porsche,Macan,Macan (2018),2018,2024,,2.0L 7AT AWD (245 HP),Gasoline,4,1998,245,370,7-speed automatic,All Wheel Drive,6.5,225,8.1,4696,2098,1623,2807,1795
porsche,Porsche,Macan,Macan (2018),2018,2024,,2.0L 7AT AWD (252 HP),Gasoline,4,1998,250,370,7-speed automatic,All Wheel Drive,,227,,4696,2098,1623,2807,1795
porsche,Porsche,Macan,Macan (2014),2014,2018,,2.0L 7AT AWD (252 HP),Gasoline,4,1984,252,370,7-speed automatic (PDK),All Wheel Drive,6.7,229,7.4,4691,1923,1623,2807,1770
porsche,Porsche,Macan 4 Electric,Macan 4 Electric (2024),2024,,,100 KWh (408 HP),Electric,,,408,,,,5.2,220,,4783,1938,1623,2893,2405
porsche,Porsche,Macan GTS,Macan GTS (2025),2025,,,100 KWh AWD (571 HP),Electric,,,571,,1-speed automatic,All Wheel Drive,3.8,249,,4806,1953,1593,2893,2395
porsche,Porsche,Macan GTS,Macan GTS (2021),2021,2025,,2.9L V6 BiTurbo 7AT (440 HP),Gasoline,6,,440,,7-speed automatic,,4.3,,,,,,,
porsche,Porsche,Macan GTS,Macan GTS (2019),2019,2021,,2.9L V6 7AT AWD (380 HP),Gasoline,6,2894,380,520,7-speed automatic,All Wheel Drive,4.9,261,9.6,4686,1925,1608,2807,1910
porsche,Porsche,Macan GTS,Macan GTS (2015),2015,2019,,3.0L V6 7AT AWD (360 HP),Gasoline,6,2997,360,500,7-speed automatic (PDK),All Wheel Drive,5.2,256,9.2,4691,1925,1608,2807,1895
porsche,Porsche,Macan S,Macan S (2021),2021,,,2.9L V6 BiTurbo 7AT (380 HP),Gasoline,6,,380,,7-speed automatic,,4.6,259,,,,,,
porsche,Porsche,Macan S,Macan S (2018),2018,2021,,3.0L V6 7AT AWD (354 HP),Gasoline,6,2995,354,480,7-speed automatic DCT,All Wheel Drive,5.3,254,8.9,4696,2098,1623,2807,1865
porsche,Porsche,Macan S,Macan S (2014),2014,2018,,3.0L V6 7AT PDK AWD (340 HP),Gasoline,6,2997,340,460,7-speed automatic (PDK),All Wheel Drive,5.5,254,9,4699,1923,1623,2807,1865
porsche,Porsche,Macan S,Macan S (2014),2014,2018,,3.0L V6 7AT PDK AWD (258 HP),Diesel,6,2997,258,580,7-speed automatic (PDK),All Wheel Drive,6.3,230,6.3,4699,1923,1623,2807,1880
porsche,Porsche,Macan S Diesel,Macan S Diesel (2014),2014,2018,,3.0L V6 7AT AWD (258 HP),Diesel,6,2967,258,580,7-speed automatic (PDK),All Wheel Drive,6.3,230,6.3,4696,1923,1623,2807,1880
porsche,Porsche,Macan T,Macan T (2022),2022,,,2.0L 7AT AWD (265 HP),Gasoline,4,1984,265,400,7-speed automatic PDK,All Wheel Drive,6.2,232,8.7,4727,1928,1605,2807,
porsche,Porsche,Macan Turbo,Macan Turbo (2019),2019,2021,,2.9L Biturbo V6 7AT AWD (440 HP),Gasoline,6,2894,440,550,7-automatic speed PDK dual clutch,All Wheel Drive,4.5,270,9.8,4684,2098,1623,2807,1945
porsche,Porsche,Macan Turbo,Macan Turbo (2014),2014,2019,,3.6L V6 7AT AWD (400 HP),Gasoline,6,3604,400,550,7-speed automatic (PDK),All Wheel Drive,4.8,266,9.2,4699,1923,1623,2807,1925
porsche,Porsche,Macan Turbo Electric,Macan Turbo Electric (2024),2024,,,100 KWh (639 HP),Electric,,,639,,,,3.3,261,,4783,1938,1621,2893,2405
porsche,Porsche,Panamera,Panamera (2020),2020,2023,,2.9L V6 8AT (330 HP),Gasoline,6,2894,330,450,8-speed automatic,Rear Wheel Drive,5.6,270,8.8,5050,1938,1422,2949,1935
porsche,Porsche,Panamera,Panamera (2016),2016,2020,,3.0L 8AT RWD (330 HP),Gasoline,6,2995,330,450,8-speed automatic (PDK),Rear Wheel Drive,5.7,264,7.6,5050,1938,1422,2949,1815
porsche,Porsche,Panamera,Panamera (2013),2013,2016,,3.6 V6 7AT (310 HP),Gasoline,6,3605,310,400,7-speed automatic (PDK),Rear Wheel Drive,6.2,257,8.4,5014,1930,1417,2921,1770
porsche,Porsche,Panamera,Panamera (2009),2009,2013,,3.6L V6 6MT RWD (300 HP),Gasoline,6,3605,300,400,6-speed manual,Rear Wheel Drive,6.8,261,11.3,4971,1930,1417,2921,1730
porsche,Porsche,Panamera,Panamera (2009),2009,2013,,3.6L V6 7AT RWD (300 HP),Gasoline,6,3605,300,400,7-speed automatic (PDK),Rear Wheel Drive,6.3,259,9.3,4971,1930,1417,2921,1760
porsche,Porsche,Panamera 4,Panamera 4 (2023),2023,,,2.9L V6 8AT RWD (353 HP),Gasoline,6,2894,353,500,8-speed automatic DCT,Rear Wheel Drive,5,270,11.2,5052,1938,1422,2949,1995
porsche,Porsche,Panamera 4,Panamera 4 (2020),2020,2023,,2.9L V6 8AT (330 HP),Gasoline,6,2894,330,450,8-speed automatic,Rear Wheel Drive,5.3,269,8.8,5050,1938,1422,2949,1975
porsche,Porsche,Panamera 4,Panamera 4 (2016),2016,2020,,3.0L V6 8AT (330 HP),Gasoline,6,2995,330,450,8-speed automatic (PDK),All Wheel Drive,5.5,262,7.8,5050,1938,1422,2949,1850
porsche,Porsche,Panamera 4,Panamera 4 (2013),2013,2016,,3.6 V6 7AT AWD (310 HP),Gasoline,6,3605,310,400,7-speed automatic (PDK),All Wheel Drive,6,257,8.7,5014,1930,1417,2921,1820
porsche,Porsche,Panamera 4,Panamera 4 (2009),2009,2013,,3.6L V6 7AT (300 HP),Gasoline,6,3605,300,400,7-speed automatic (PDK),All Wheel Drive,6.1,257,9.6,4971,1930,1417,2921,1820
porsche,Porsche,Panamera 4 E-Hybrid,Panamera 4 E-Hybrid (2016),2016,2020,,2.9L V6 8AT AWD (462 HP),Gasoline,6,2894,330,450,8-speed automatic (PDK),All Wheel Drive,4.6,278,2.5,5050,1938,1422,2949,2170
porsche,Porsche,Panamera 4 E-Hybrid Sport Turismo,Panamera 4 E-Hybrid Sport Turismo (2017),2017,2020,,2.9 V6 8AT (462 HP),Hybrid,6,2894,330,450,8-speed automatic (PDK),All Wheel Drive,4.6,275,94.1,5050,1938,1427,2949,2190
porsche,Porsche,Panamera 4 Sport Turismo,Panamera 4 Sport Turismo (2017),2017,2020,,3.0L V6 8AT AWD (330 HP),Gasoline,6,2995,330,450,8-speed automatic (PDK),All Wheel Drive,5.5,259,7.9,5050,1938,1427,2949,1880
porsche,Porsche,Panamera 4S,Panamera 4S (2016),2016,2020,,2.9 V6 8AT (440 HP),Gasoline,6,2894,440,550,8-speed automatic (PDK),All Wheel Drive,4.4,290,8.2,5050,1938,1422,2949,1870
porsche,Porsche,Panamera 4S,Panamera 4S (2013),2013,2016,,3.0 V6 7AT (420 HP),Gasoline,6,2997,420,520,7-speed automatic (PDK),All Wheel Drive,4.8,286,8.9,5014,1930,1417,2921,1870
porsche,Porsche,Panamera 4S,Panamera 4S (2009),2009,2013,,4.8L V8 7AT AWD (400 HP),Gasoline,8,4806,400,502,7-speed automatic (PDK),All Wheel Drive,5,282,10.8,4971,1930,1417,2921,1860
porsche,Porsche,Panamera 4S Diesel,Panamera 4S Diesel (2016),2016,2020,,4.0 V8 8AT (422 HP),Diesel,8,3956,422,850,8-speed automatic (PDK),All Wheel Drive,4.5,285,6.8,5050,1938,1422,2949,2050
porsche,Porsche,Panamera 4S Diesel Sport Turismo,Panamera 4S Diesel Sport Turismo (2017),2017,2020,,4.0 V8 8AT (422 HP),Diesel,8,3956,422,850,8-speed automatic (PDK),All Wheel Drive,4.5,282,6.8,5050,1938,1427,2949,2095
porsche,Porsche,Panamera 4S E-Hybrid,Panamera 4S E-Hybrid (2020),2020,,,2.9L V6 8AT(560 HP),Hybrid Gasoline,6,2894,440,550,8-speed automatic PDK,Rear Wheel Drive,3.7,298,2.2,5050,1938,1422,2949,2300
porsche,Porsche,Panamera 4S E-Hybrid,Panamera 4S E-Hybrid (2020),2020,,,2.9L V6 8AT (560 HP),Hybrid Gasoline,6,2894,440,550,8-speed automatic PDK,Rear Wheel Drive,3.8,298,2.3,5199,1938,1427,3099,2405
porsche,Porsche,Panamera 4S Sport Turismo,Panamera 4S Sport Turismo (2017),2017,2020,,2.9 V6 8AT (440 HP),Gasoline,6,2894,440,550,8-speed automatic (PDK),All Wheel Drive,4.4,286,8.3,5050,1938,1427,2949,1915
porsche,Porsche,Panamera Diesel,Panamera Diesel (2013),2013,2016,,3.0L V6 8AT (300 HP),Diesel,6,2967,300,649,8 speed automatic,All Wheel Drive,6,259,5.4,5014,1930,1417,2819,1900
porsche,Porsche,Panamera Diesel,Panamera Diesel (2011),2011,2013,,3.0L D 8AT (300 HP),Diesel,6,2967,250,550,8-speed automatic,Rear Wheel Drive,6.8,241,6.5,4971,1930,1417,2990,1880
porsche,Porsche,Panamera GTS,Panamera GTS (2020),2020,,,4.0L V8 8AT RWD (480 HP),Gasoline,8,3996,480,620,8-speed automatic,Rear Wheel Drive,3.9,299,10.9,5052,1938,1417,2949,2095
porsche,Porsche,Panamera GTS,Panamera GTS (2018),2018,2020,,4.0L V8 8AT AWD (460 HP),Gasoline,8,3996,460,620,8-Speed automatic DCT,All Wheel Drive,4,291,10.3,5052,2164,1417,2959,1995
porsche,Porsche,Panamera GTS,Panamera GTS (2013),2013,2016,,4.8L V8 7AT AWD (440 HP),Gasoline,8,4806,440,520,7-speed automatic (PDK),All Wheel Drive,4.4,286,10.7,4971,1930,1407,2918,1920
porsche,Porsche,Panamera GTS,Panamera GTS (2011),2011,2013,,4.8L V8 7MT (430 HP),Gasoline,8,4806,430,521,7-speed automatic,All Wheel Drive,4.5,288,10.7,4971,1930,1407,2921,1920
porsche,Porsche,Panamera GTS Sport Turismo,Panamera GTS Sport Turismo (2020),2020,,,4.0L V8 8AT (480 HP),Gasoline,8,3996,480,620,8-speed automatic PDK,Rear Wheel Drive,3.9,291,11.1,5050,1938,1422,2949,2115
porsche,Porsche,Panamera GTS Sport Turismo,Panamera GTS Sport Turismo (2018),2018,2020,,4.0L V8 8AT AWD (460 HP),Gasoline,8,3996,460,620,8-Speed automatic DCT,All Wheel Drive,4,290,10.6,5052,2164,1422,2949,2025
porsche,Porsche,Panamera S,Panamera S (2013),2013,2016,,3.0 V6 7AT (420 HP),Gasoline,6,2997,420,520,7-speed automatic (PDK),Rear Wheel Drive,5.1,286,8.7,5014,1930,1417,2921,1810
porsche,Porsche,Panamera S,Panamera S (2009),2009,2013,,4.8L V8 6MT RWD (400 HP),Gasoline,8,4806,400,502,6-speed manual,Rear Wheel Drive,5.6,285,12.5,4971,1930,1417,2921,1770
porsche,Porsche,Panamera S,Panamera S (2009),2009,2013,,4.8L V8 7AT RWD (400 HP),Gasoline,8,4806,400,502,7-speed automatic (PDK),Rear Wheel Drive,5.4,283,10.5,4971,1930,1417,2921,1800
porsche,Porsche,Panamera S E-Hybrid,Panamera S E-Hybrid (2013),2013,2016,,3.0 V6 8AT (416 HP),Hybrid,6,2995,416,590,8-speed automatic transmission Tiptronic S,Rear Wheel Drive,5.5,270,3.1,5014,1930,1417,2921,2095
porsche,Porsche,Panamera S Hybrid,Panamera S Hybrid (2011),2011,2013,,3.0L V6 8AT (380 HP),Hybrid,6,2995,333,441,8-speed automatic (tiptronic),Rear Wheel Drive,6,270,7.1,4971,1930,1417,2921,1980
porsche,Porsche,Panamera Turbo,Panamera Turbo (2016),2016,2020,,4.0L V8 8AT AWD (550 HP),Gasoline,8,3996,550,770,8-speed automatic (PDK),All Wheel Drive,3.8,306,9.4,5050,1938,1427,2949,1995
porsche,Porsche,Panamera Turbo,Panamera Turbo (2013),2013,2016,,4.8L V8 7AT AWD (520 HP),Gasoline,8,4806,520,700,7-speed automatic (PDK),All Wheel Drive,4.1,306,10.2,5014,1930,1417,2921,1970
porsche,Porsche,Panamera Turbo,Panamera Turbo (2009),2009,2013,,4.8L V8 7AT RWD (500 HP),Gasoline,8,4806,500,700,7-speed automatic (PDK),Rear Wheel Drive,4.2,303,11.5,4971,1930,1417,2921,1970
porsche,Porsche,Panamera Turbo E Hybrid,Panamera Turbo E Hybrid (2023),2023,,,4.0L V8 8AT AWD (680 HP),Hybrid Gasoline,8,3996,519,770,8-speed automatic DCT,All Wheel Drive,3.2,315,1.7,5055,1938,1420,2949,2435
porsche,Porsche,Panamera Turbo S,Panamera Turbo S (2020),2020,,,4.0L V8 8AT (630 HP),Gasoline,8,3996,630,820,8-speed automatic PDK,Rear Wheel Drive,3.1,315,10.8,5050,1938,1427,2949,
porsche,Porsche,Panamera Turbo S,Panamera Turbo S (2013),2013,2016,,4.8L V8 7AT (570 HP),Gasoline,8,4806,570,750,7-speed automatic (PDK),All Wheel Drive,3.8,311,10.2,5014,1930,1417,2921,1995
porsche,Porsche,Panamera Turbo S,Panamera Turbo S (2011),2011,2013,,4.8L V8 7AT (550 HP),Gasoline,8,4806,550,750,7-speed automatic (PDK),All Wheel Drive,3.8,306,11.5,4971,1930,1417,2921,1995
porsche,Porsche,Panamera Turbo S E-Hybrid,Panamera Turbo S E-Hybrid (2017),2017,2020,,4.0L V8 8AT AWD (680 HP),Hybrid Gasoline,8,3996,550,770,8-speed automatic (PDK),All Wheel Drive,3.5,311,2.9,5199,1938,1433,3099,2410
porsche,Porsche,Panamera Turbo S E-Hybrid Sport Turismo,Panamera Turbo S E-Hybrid Sport Turismo (2017),2017,2023,,4.0L V8 8AT AWD (680 HP),Hybrid,8,3996,550,770,8-speed automatic (PDK),All Wheel Drive,3.4,311,3,5050,1938,1433,2324,2325
porsche,Porsche,Panamera Turbo S Sport Turismo,Panamera Turbo S Sport Turismo (2020),2020,,,4.0L V8 8AT (630 HP),Gasoline,8,3996,630,820,8-speed automatic PDK,Rear Wheel Drive,3.1,315,11.1,5050,1938,1433,2949,2210
porsche,Porsche,Panamera Turbo Sport Turismo,Panamera Turbo Sport Turismo (2017),2017,2020,,4.0 V8 8AT (550 HP),Gasoline,8,3996,550,770,8-speed automatic (PDK),All Wheel Drive,3.8,304,9.5,5050,1938,1433,2949,2035
porsche,Porsche,Speedster,Speedster (2019),2019,2019,,4.0L 6MT (502 HP),Gasoline,6,3996,502,,6-Speed manual,Rear Wheel Drive,3.9,309,,4557,1880,1298,2454,1465
porsche,Porsche,Taycan,Taycan (2024),2024,,,4S 89 KWh (544 HP),Electric,,,544,,,Rear Wheel Drive,3.7,249,,4963,1966,1397,2901,2245
porsche,Porsche,Taycan,Taycan (2024),2024,,,89 KWh (408 HP),Electric,,,408,,,Rear Wheel Drive,4.8,230,,4963,1966,1397,2901,2090
porsche,Porsche,Taycan,Taycan (2024),2024,,,Performance Battery Plus 97 KWh (435 HP),Electric,,,435,,,Rear Wheel Drive,4.6,230,,4963,1966,1397,2901,
porsche,Porsche,Taycan,Taycan (2021),2021,2024,,79.2 KWh (402 HP),Electric,,,402,344,2-speed automatic,Rear Wheel Drive,5.3,230,,4963,1966,1394,2901,2071
porsche,Porsche,Taycan,Taycan (2021),2021,2024,,Performance Battery Plus 93.4 KWh (469 HP),Electric,,,469,357,2-speed automatic,Rear Wheel Drive,5.3,230,,4963,1966,1394,2901,2071
porsche,Porsche,Taycan,Taycan (2019),2019,2024,,79.2 KWh (530 HP),Electric,,,530,,2-Speed automatic,All Wheel Drive,4,249,,4963,1966,1379,2901,2140
porsche,Porsche,Taycan,Taycan (2019),2019,2024,,93.4 KWh (571 HP),Electric,,,571,,2-Speed automatic,All Wheel Drive,4,249,,4963,1966,1379,2901,2220
porsche,Porsche,Taycan Cross Turismo,Taycan Cross Turismo (2024),2024,,,4 105 KWh (435 HP),Electric,,,435,,,Rear Wheel Drive,4.7,220,,4973,1966,1410,2903,2280
porsche,Porsche,Taycan Cross Turismo,Taycan Cross Turismo (2024),2024,,,4S 105 KWh (598 HP),Electric,,,598,,,Rear Wheel Drive,3.8,240,,4973,1966,1410,2903,2280
porsche,Porsche,Taycan Cross Turismo,Taycan Cross Turismo (2024),2024,,,Turbo 105 KWh (884 HP),Electric,,,884,,,Rear Wheel Drive,2.8,249,,4973,1966,1410,2903,2320
porsche,Porsche,Taycan Cross Turismo,Taycan Cross Turismo (2024),2024,,,Turbo S 105 KWh (952 HP),Electric,,,952,,,Rear Wheel Drive,2.8,249,,4973,1966,1410,2903,2325
porsche,Porsche,Taycan Cross Turismo,Taycan Cross Turismo (2021),2021,2024,,4 93.4 KWh AWD (476 HP),Electric,,,476,,2-speed automatic,All Wheel Drive,5.1,220,,4973,1966,1410,2903,2245
porsche,Porsche,Taycan Cross Turismo,Taycan Cross Turismo (2021),2021,2024,,4S 93.4 KWh AWD (490 HP),Electric,,,490,,Single-speed transmission,All Wheel Drive,4.1,240,,4973,1966,1410,2903,2245
porsche,Porsche,Taycan Cross Turismo,Taycan Cross Turismo (2021),2021,2024,,Turbo 93.4 KWh AWD (625 HP),Electric,,,625,,Single-speed transmission,All Wheel Drive,3.3,249,,4973,1966,1410,2903,2320
porsche,Porsche,Taycan Cross Turismo,Taycan Cross Turismo (2021),2021,2024,,Turbo S 93.4 KWh AWD (761 HP),Electric,,,761,,2-speed automatic,All Wheel Drive,2.9,249,,4973,1966,1410,2903,2395
porsche,Porsche,Taycan GTS,Taycan GTS (2024),2024,,,105 KWh AWD (700 HP),Electric,,,700,,2-speed automatic,All Wheel Drive,3.3,249,,4963,1966,1382,2901,2285
porsche,Porsche,Taycan GTS,Taycan GTS (2021),2021,2024,,Performance Plus 93.4 kWh (590 Hp),Electric,,,590,,2-speed automatic,Rear Wheel Drive,3.7,249,,4963,1969,1382,2901,2303
porsche,Porsche,Taycan GTS Sport Turismo,Taycan GTS Sport Turismo (2021),2021,,,Performance Plus 93.4 kWh (590 Hp),Electric,,,590,,2-speed automatic,Rear Wheel Drive,3.7,249,,4963,1969,1392,2901,2337
porsche,Porsche,Taycan Sport Turismo,Taycan Sport Turismo (2024),2024,,,105 KWh (435 HP),Electric,,,435,,,Rear Wheel Drive,4.8,230,,4963,1966,1389,2901,2155
porsche,Porsche,Taycan Turbo,Taycan Turbo (2024),2024,,,105 KWh RWD (789 HP),Electric,,,789,,,Rear Wheel Drive,2.3,290,,4968,1999,1379,2901,2290
porsche,Porsche,Taycan Turbo,Taycan Turbo (2024),2024,,,Weissach package 105 KWh RWD (789 HP),Electric,,,789,,,Rear Wheel Drive,2.2,,,4968,1999,1379,2901,2220
porsche,Porsche,Taycan Turbo,Taycan Turbo (2019),2019,2024,,460 KW AWD (625 HP),Electric,,,625,850,2-speed automatic,All Wheel Drive,3.2,261,,4963,1966,1379,2901,2305
porsche,Porsche,Taycan Turbo,Taycan Turbo (2019),2019,2024,,S 460 KW AWD (625 HP),Electric,,,625,1050,2-speed automatic,All Wheel Drive,2.7,261,,4963,1966,1379,2901,2295
rimac,Rimac,Nevera,Nevera (2024),2024,,,108 KWh AWD (2107 HP),Electric,,,2107,,,All Wheel Drive,1.66,431,,,,,,
rimac,Rimac,Nevera,Nevera (2021),2021,,,120 KWh (1888 HP),Electric,,,1888,,2-Speed automatic,All Wheel Drive,1.97,412,,4750,1986,1209,2746,2150
rolls-royce,Rolls-Royce,Camargue,Camargue (1975),1975,1986,,6.75L V8 3AT (192 HP),Gasoline,8,6750,192,,3-speed automatic,Rear Wheel Drive,10.9,192,20.3,5169,1920,1471,3048,2330
rolls-royce,Rolls-Royce,Corniche,Corniche (2000),2000,2003,,6.75L V8 4AT RWD (325 HP),Gasoline,8,6750,325,738,4-Speed automatic,Rear Wheel Drive,8.5,225,19,5405,1908,1476,3043,2735
rolls-royce,Rolls-Royce,Corniche,Corniche (1971),1971,1996,,6.75L V8 3AT RWD (218 HP),Gasoline,8,6750,218,440,3-speed automatic,Rear Wheel Drive,10,209,,5197,1836,1519,3061,2430
rolls-royce,Rolls-Royce,Cullinan,Cullinan (2024),2024,,,6.75L V12 8AT AWD (571 HP),Gasoline,12,6751,570.8,850,8-speed automatic,All Wheel Drive,5.2,249,,5342,2164,1834,3294,2660
rolls-royce,Rolls-Royce,Cullinan,Cullinan (2018),2018,2024,,6.75L V12 8AT AWD (571 HP),Gasoline,12,6751,570.8,850,8-speed automatic,All Wheel Drive,5.2,249,15,5342,2164,1834,3294,2753
rolls-royce,Rolls-Royce,Dawn,Dawn (2016),2016,2023,,6.6L V12 8AT RWD (571 HP),Gasoline,12,6592,571,820,8-speed automatic,Rear Wheel Drive,5,249,14.3,5296,1948,1501,3112,2560
rolls-royce,Rolls-Royce,Dawn,Dawn (2016),2016,2023,,6.6L V12 8AT RWD (601 HP),Gasoline,12,6592,601,840,8-speed automatic,Rear Wheel Drive,4.9,249,14.7,5296,1948,1501,3112,2560
rolls-royce,Rolls-Royce,Flying Spur,Flying Spur (1994),1994,1995,,6.75 V8,Gasoline,8,6750,304,601,"Automatic, 4 Speed",Rear Wheel Drive,8.6,225,18.8,5370,1887,1486,3160,2473
rolls-royce,Rolls-Royce,Ghost,Ghost (2020),2020,,,6.75L V12 8AT AWD (571 HP),Gasoline,12,,571,850,8-speed automatic,All Wheel Drive,4.8,249,15.2,5545,2149,1572,3294,2490
rolls-royce,Rolls-Royce,Ghost,Ghost (2020),2020,,,6.75L V12 8AT AWD EWB (571 HP),Gasoline,12,,571,850,8-speed automatic,All Wheel Drive,4.8,249,15.5,5545,2149,1572,,2490
rolls-royce,Rolls-Royce,Ghost,Ghost (2020),2020,,,Black Badge 6.75L V12 8AT AWD (600 HP),Gasoline,12,,600,900,8-speed automatic,All Wheel Drive,4.7,249,15.5,5545,2149,1572,3294,2490
rolls-royce,Rolls-Royce,Ghost,Ghost (2014),2014,2020,,6.6L V12 TwinTurbo 8AT (570 HP),Gasoline,12,6592,570,782,8-speed automatic,Rear Wheel Drive,4.9,249,11.6,5400,1948,1549,3294,2360
rolls-royce,Rolls-Royce,Ghost,Ghost (2014),2014,2020,,6.6L V12 TwinTurbo 8AT (612 HP),Gasoline,12,6592,612,840,8-speed automatic,Rear Wheel Drive,4.8,249,14.6,5400,1948,1549,3294,2490
rolls-royce,Rolls-Royce,Ghost,Ghost (2009),2009,2014,,6.6L V12 8AT RWD (563 HP),Gasoline,12,6592,571,780,8-speed automatic,Rear Wheel Drive,5,249,13.6,5400,1948,1549,3294,2470
rolls-royce,Rolls-Royce,Ghost,Ghost (2009),2009,2014,,6.6L V12 Vspec 8AT RWD (593 HP),Gasoline,12,6592,593,780,8-speed automatic,Rear Wheel Drive,4.9,249,14,5400,1948,1549,3294,2335
rolls-royce,Rolls-Royce,La Rose Noire,La Rose Noire (2023),2023,,,6.75L V12 AWD (593 HP),Gasoline,12,,593,840,,All Wheel Drive,5,254,,,,,,
rolls-royce,Rolls-Royce,Park Ward,Park Ward (2000),2000,2002,,5.4 V12,Gasoline,12,5379,326,489,"Automatic, 5 Speed",Rear Wheel Drive,7.3,225,18.5,5639,1930,1514,3353,2450
rolls-royce,Rolls-Royce,Park Ward,Park Ward (1995),1995,1998,,6.75L V8,Gasoline,8,6750,,,"Automatic, 4 Speed",Rear Wheel Drive,8.2,225,,,,,,
rolls-royce,Rolls-Royce,Phantom,Phantom (2017),2017,2022,,6.75 V12 8AT (563 HP),Gasoline,12,6752,571,900,8-speed automatic,Rear Wheel Drive,,,,,,,,
rolls-royce,Rolls-Royce,Phantom,Phantom (2012),2012,2017,,6.75L V12 6AT RWD (460 HP),Gasoline,12,6752,460,720,6-speed automatic,Rear Wheel Drive,5.9,240,,5842,1989,1638,3571,2649
rolls-royce,Rolls-Royce,Phantom,Phantom (2012),2012,2016,,6.75 V12 8AT (460 HP),Gasoline,12,6749,460,720,8-speed automatic,Rear Wheel Drive,5.8,249,14.8,5611,1986,1598,3320,2565
rolls-royce,Rolls-Royce,Phantom,Phantom (2009),2009,2012,,6.75L V12 6AT RWD (460 HP),Gasoline,12,6752,460,720,6-speed automatic,Rear Wheel Drive,5.9,240,,5834,1989,1638,3571,2630
rolls-royce,Rolls-Royce,Phantom,Phantom (2008),2008,2012,,6.75 V12 6AT (460 HP),Gasoline,12,6749,460,720,6-speed automatic,Rear Wheel Drive,,,16.8,5608,1986,1593,3320,2630
rolls-royce,Rolls-Royce,Phantom,Phantom (2007),2007,2016,,6.75 V12 6AT (460 HP),Gasoline,12,6749,460,720,6-speed automatic,Rear Wheel Drive,5.9,240,15.7,5608,1986,1580,3320,2695
rolls-royce,Rolls-Royce,Phantom,Phantom (2005),2005,2009,,6.75 V12 6AT (460 HP),Gasoline,12,6749,460,720,6-speed automatic,Rear Wheel Drive,6.1,240,15.9,6083,1989,1633,3820,2745
rolls-royce,Rolls-Royce,Phantom,Phantom (2003),2003,2009,,6.75 V12 6AT (460 HP),Gasoline,12,6749,460,720,6-speed automatic,Rear Wheel Drive,5.9,240,15.9,5834,1989,1633,3571,2570
rolls-royce,Rolls-Royce,Phantom,Phantom (1936),1936,1939,,7.3 V12,Gasoline,12,7340,165,,"Manual, 4 Speed",Rear Wheel Drive,,153,,5410,1905,,3607,2642
rolls-royce,Rolls-Royce,Phantom,Phantom (1930),1930,1936,,7.7,Gasoline,6,7668,120,,"Manual, 4 Speed",Rear Wheel Drive,,146,,5588,,,3658,
rolls-royce,Rolls-Royce,Phantom,Phantom (1929),1929,1936,,7.7,Gasoline,6,7668,120,,"Manual, 4 Speed",Rear Wheel Drive,,148,,5588,1524,,3658,
rolls-royce,Rolls-Royce,Phantom,Phantom (1929),1929,1936,,7.7,Gasoline,6,7668,120,,"Manual, 4 Speed",Rear Wheel Drive,,148,,5588,1524,,3658,
rolls-royce,Rolls-Royce,Phantom,Phantom (1925),1925,1931,,7.7,Gasoline,6,7668,95,,"Manual, 4 Speed",Rear Wheel Drive,,145,,5563,1829,,3658,
rolls-royce,Rolls-Royce,Silver Dawn,Silver Dawn (1996),1996,1999,,6.75 V8,Gasoline,8,6750,,,"Automatic, 4 Speed",Rear Wheel Drive,,243,18.4,5390,1880,1481,3160,2473
rolls-royce,Rolls-Royce,Silver Dawn,Silver Dawn (1949),1949,1955,,4.2L 4MT,Gasoline,6,4260,,,4-Speed manual,Rear Wheel Drive,16.2,140,,4877,1753,1638,3048,1842
rolls-royce,Rolls-Royce,Silver Dawn,Silver Dawn (1949),1949,1955,,4.6L 4MT,Gasoline,6,4566,,,4-Speed manual,Rear Wheel Drive,16.7,138,,4877,1753,1638,3048,1880
rolls-royce,Rolls-Royce,Silver Seraph,Silver Seraph (1998),1998,2002,,5.4L V12 5AT (326 HP),Gasoline,12,5379,326,489,5-speed automatic,Rear Wheel Drive,6.9,225,21.2,5390,1930,1514,3117,2302
rolls-royce,Rolls-Royce,Silver Shadow,Silver Shadow (1965),1965,1980,,6.2 V8,Gasoline,8,6223,,,"Automatic, 3 Speed",Rear Wheel Drive,,,,5169,1829,1519,3035,2067
rolls-royce,Rolls-Royce,Silver Shadow,Silver Shadow (1965),1965,1980,,6.75 V8,Gasoline,8,6750,,,"Automatic, 3 Speed",Rear Wheel Drive,12.3,190,,5169,1821,1519,3051,2118
rolls-royce,Rolls-Royce,Silver Shadow,Silver Shadow Coupe (1977),1977,1982,,6.75 V8,Gasoline,8,6750,,,"Automatic, 3 Speed",Rear Wheel Drive,12,190,,5169,1821,1504,3051,2118
rolls-royce,Rolls-Royce,Silver Spirit,Silver Spirit (1993),1993,1998,,6.75L V8 4AT (304 HP),Gasoline,8,6750,304,400,4-speed automatic,Rear Wheel Drive,8.4,227,,5271,1885,1486,3061,2383
rolls-royce,Rolls-Royce,Silver Spirit,Silver Spirit (1989),1989,1993,,6.75L V8 3AT (210 HP),Gasoline,8,6750,210,400,3-speed manual,Rear Wheel Drive,9.5,214,,5271,1885,1486,3048,2430
rolls-royce,Rolls-Royce,Silver Spirit,Silver Spirit (1980),1980,1989,,6.75 V8,Gasoline,8,6750,,,"Automatic, 3 Speed",Rear Wheel Drive,11.3,193,,5271,1890,1491,3061,2245
rolls-royce,Rolls-Royce,Silver Spur,Silver Spur (1995),1995,1998,,6.75 V8,Gasoline,8,6750,304,400,"Automatic, 4 Speed",Rear Wheel Drive,8,225,,5395,2111,1486,,2470
rolls-royce,Rolls-Royce,Spectre,Spectre (2025),2025,,,Dual Motor 120 KWh AWD (650 HP),Electric,,,650,,,All Wheel Drive,4.4,249,,,,,,
rolls-royce,Rolls-Royce,Spectre,Spectre (2022),2022,,,563 HP,Electric,,,585,,,All Wheel Drive,4.5,,,5453,2080,1560,3211,2975
rolls-royce,Rolls-Royce,Wraith,Wraith (2013),2013,2023,,6.6L V12 8AT RWD (632 HP),Gasoline,12,6592,632,800,8-Speed automatic,Rear Wheel Drive,4.6,249,14,5268,1948,1506,3112,2360
toyota,Toyota,4Runner,4Runner (2024),2024,,,2.4L (282 HP),Gasoline,4,,281.9,430,,,,,,,,,,
toyota,Toyota,4Runner,4Runner (2013),2013,2024,,4.0L V6 5AT 274 HP (4x2),Gasoline,6,3956,274,377,5-speed automatic,Rear Wheel Drive,,,12.4,4831,1925,1816,2789,1996
toyota,Toyota,4Runner,4Runner (2013),2013,2024,,4.0L V6 5AT 274 HP (4x4),Gasoline,6,3956,274,377,5-speed automatic,All Wheel Drive,,,13.1,4831,1925,1816,2789,2121
toyota,Toyota,4Runner,4Runner (2009),2009,2013,,2.7L 4AT RWD (157 HP),Gasoline,4,2694,159,241,4-speed automatic,Rear Wheel Drive,,,11.8,4823,1925,1816,2789,1948
toyota,Toyota,4Runner,4Runner (2009),2009,2013,,4.0L V6 5AT AWD (274 HP),Gasoline,6,3956,273,377,5-speed Electronically Controlled automatic Transmission with intelligence (ECT-i) and sequential shift mode,Rear Wheel Drive,,,12.4,4823,1925,1816,2789,2121
toyota,Toyota,4Runner,4Runner (2009),2009,2013,,4.0L V6 5AT RWD (274 HP),Gasoline,6,3956,273,377,5-speed Electronically Controlled automatic Transmission with intelligence (ECT-i) and sequential shift mode,Rear Wheel Drive,,,12.4,4823,1925,1816,2789,1996
toyota,Toyota,4Runner,4Runner (2003),2003,2009,,4.0L V6 2WD 4AT (245 HP),Gasoline,6,3956,248,384,4-speed automatic,Rear Wheel Drive,,,,4806,1910,1760,2789,1826
toyota,Toyota,4Runner,4Runner (2003),2003,2009,,4.0L V6 2WD 5AT (236 HP),Gasoline,6,3956,239,361,5-speed automatic,Rear Wheel Drive,,,,4806,1910,1760,2789,1835
toyota,Toyota,4Runner,4Runner (2003),2003,2009,,4.0L V6 4WD 4AT (245 HP),Gasoline,6,3956,248,384,4-speed automatic,All Wheel Drive,,,,4806,1910,1760,2789,1941
toyota,Toyota,4Runner,4Runner (2003),2003,2009,,4.0L V6 4WD 5AT (236 HP),Gasoline,6,3956,239,361,5-speed automatic,All Wheel Drive,,,,4806,1910,1760,2789,1950
toyota,Toyota,4Runner,4Runner (2003),2003,2009,,4.7L V8 2WD 5AT (235 HP),Gasoline,8,4667,238,434,5-speed automatic,Rear Wheel Drive,,,,4806,1910,1760,2789,1885
toyota,Toyota,4Runner,4Runner (2003),2003,2009,,4.7L V8 2WD 5AT (260 HP),Gasoline,8,4667,264,306,5-speed automatic,Rear Wheel Drive,,,,4806,1910,1760,2789,1916
toyota,Toyota,4Runner,4Runner (2003),2003,2009,,4.7L V8 4WD 5AT (235 HP),Gasoline,8,4667,238,434,5-speed automatic,All Wheel Drive,,,,4806,1910,1760,2789,2000
toyota,Toyota,4Runner,4Runner (2003),2003,2009,,4.7L V8 4WD 5AT (260 HP),Gasoline,8,4667,264,306,5-speed automatic,All Wheel Drive,,,,4806,1910,1760,2789,2043
toyota,Toyota,4Runner,4Runner (2003),2003,2009,,3.0L D 4WD 5AT (130 HP),Diesel,7,2982,131,287,5-speed automatic,All Wheel Drive,,,,4806,1910,1760,2789,
toyota,Toyota,4Runner,4Runner (1990),1990,1995,,3.0L V6 5MT AWD (145 HP),Gasoline,6,2959,145,240,5-speed manual,All Wheel Drive,15,165,14.6,4491,1689,1750,2629,1767
toyota,Toyota,4Runner,4Runner (1990),1990,1995,,2.4L TD 5MT AWD (90 HP),Diesel,4,2446,90,215,5-speed manual,All Wheel Drive,,145,11.8,4491,1689,1750,2629,1800
toyota,Toyota,Agya,Agya (2012),2012,2017,,1.0L 4AT (65 HP),Gasoline,3,998,65,91,4 speed automatic,Front Wheel Drive,,,,3599,1600,1519,2451,
toyota,Toyota,Agya,Agya (2012),2012,2017,,1.0L 5MT (65 HP),Gasoline,3,998,65,91,5 speed manual,Front Wheel Drive,,,,3599,1600,1519,2451,
toyota,Toyota,Alphard,Alphard (2002),2002,2007,,2.4L 4AT FWD (160 HP),Gasoline,4,2364,160,221,4-speed automatic,Front Wheel Drive,,,,4841,1806,1935,2901,1910
toyota,Toyota,Alphard,Alphard (2002),2002,2007,,3.0L 4AT FWD (220 HP),Gasoline,6,2995,220,310,4-speed automatic,Front Wheel Drive,,,,4841,1806,1935,2901,1910
toyota,Toyota,Alphard,Alphard (2002),2002,2007,,2.4L CVT FWD (131 HP),Hybrid,4,2362,131,190,CVT,All Wheel Drive,,,,4841,1806,1935,2901,2000
toyota,Toyota,Aqua,Aqua (2021),2021,,,1.5L FHEV E-Four eCVT FWD (116 HP),Hybrid Gasoline,3,1490,91,120,eCVT,Front Wheel Drive,,,,4049,1694,1486,2601,
toyota,Toyota,Aqua,Aqua (2021),2021,,,1.5L FHEV eCVT FWD (116 HP),Hybrid Gasoline,3,1490,91,120,eCVT,Front Wheel Drive,,,,4049,1694,1486,2601,
toyota,Toyota,Aurion,Aurion (2012),2012,2017,,3.5L 6AT (272 HP),Gasoline,4,3456,272,336,6-speed automatic,Front Wheel Drive,,,9.3,4836,1826,1471,2776,1525
toyota,Toyota,Aurion,Aurion (2006),2006,2012,,3.5L V6 6AT FWD (272 HP),Gasoline,6,3456,272,336,6-speed automatic,Front Wheel Drive,7.4,229,9.3,4826,1819,1471,2774,1550
toyota,Toyota,Aurion,Aurion (2006),2006,2012,,3.5L V6 TRD 6AT FWD (323 HP),Gasoline,6,3456,328,400,6-speed automatic,Front Wheel Drive,6.1,249,10.9,4826,1819,1471,2774,1615
toyota,Toyota,Auris,Auris 3 Doors (2006),2006,2010,,1.3L VVT-i 6MT FWD (100 HP),Gasoline,4,1329,100,132,6-speed automatic,Front Wheel Drive,13.1,175,5.8,4219,1760,1519,2601,1195
toyota,Toyota,Auris,Auris 3 Doors (2006),2006,2010,,1.4L VVT-i 5MT FWD (97 HP),Gasoline,4,1398,97,130,5-speed manual,Front Wheel Drive,13,170,6.9,4219,1760,1519,2601,1195
toyota,Toyota,Auris,Auris 3 Doors (2006),2006,2010,,1.6L VVT-i 5AT FWD (124 HP),Gasoline,4,1598,124,157,5-speed automatic,Front Wheel Drive,12.1,190,6.9,4219,1760,1519,2601,1210
toyota,Toyota,Auris,Auris 3 Doors (2006),2006,2010,,1.6L VVT-i 5MT FWD (124 HP),Gasoline,4,1598,124,157,5-speed manual,Front Wheel Drive,10.4,190,7.1,4219,1760,1519,2601,1205
toyota,Toyota,Auris,Auris 3 Doors (2006),2006,2010,,1.6L VVT-i 6AT FWD (132 HP),Gasoline,4,1598,132,160,6-speed automatic,Front Wheel Drive,11.9,190,6.3,4219,1760,1519,2601,1255
toyota,Toyota,Auris,Auris 3 Doors (2006),2006,2010,,1.6L VVT-i 6MT FWD (132 HP),Gasoline,4,1598,132,160,6-speed manual,Front Wheel Drive,10,190,6.6,4219,1760,1519,2601,1220
toyota,Toyota,Auris,Auris 3 Doors (2006),2006,2010,,1.4L D-4D 5AT FWD (90 HP),Diesel,4,1364,90,190,5-speed automatic,Front Wheel Drive,14.7,175,5,4219,1684,1519,2601,1240
toyota,Toyota,Auris,Auris 3 Doors (2006),2006,2010,,1.4L D-4D 5MT FWD (90 HP),Diesel,4,1364,90,190,5-speed manual,Front Wheel Drive,12,175,5,4219,1684,1519,2601,1235
toyota,Toyota,Auris,Auris 3 Doors (2006),2006,2010,,1.4L D-4D 6AT FWD (90 HP),Diesel,4,1364,90,190,6-speed automatic,Front Wheel Drive,14.7,175,4.9,4219,1684,1519,2601,1265
toyota,Toyota,Auris,Auris 3 Doors (2006),2006,2010,,2.0L D-4D 6MT FWD (126 HP),Diesel,4,1998,126,310,6-speed manual,Front Wheel Drive,10.3,195,5.2,4219,1684,1519,2601,1360
toyota,Toyota,Auris,Auris 3 Doors (2006),2006,2010,,2.0L D-4D 6MT FWD (128 HP),Diesel,4,1998,126,300,6-speed manual,Front Wheel Drive,10.3,195,5.7,4219,1684,1519,2601,1360
toyota,Toyota,Auris,Auris 3 Doors (2006),2006,2010,,2.2L D-4D 6MT FWD (177 HP),Diesel,4,2231,177,400,6-speed manual,Front Wheel Drive,8.1,215,6.2,4219,1684,1519,2601,1360
toyota,Toyota,Auris,Auris 5 Doors (2018),2018,2023,,1.2L Multidrive CVT (116 HP),Gasoline,4,1197,116,185,CVT,Front Wheel Drive,10.5,195,5.2,4331,1760,1476,2601,1205
toyota,Toyota,Auris,Auris 5 Doors (2018),2018,2023,,1.2L Turbo 6MT (116 HP),Gasoline,4,1197,116,185,6-Speed manual,Front Wheel Drive,10.1,200,4.8,4331,1760,1476,2601,1190
toyota,Toyota,Auris,Auris 5 Doors (2018),2018,2023,,1.33L Dual VVT-i 6MT (99 HP),Gasoline,4,1329,99,128,6-Speed manual,Front Wheel Drive,12.6,175,5.5,4331,1760,1476,2601,1150
toyota,Toyota,Auris,Auris 5 Doors (2018),2018,2023,,1.6L Valvematic 6MT (132 HP),Gasoline,4,1598,132,160,6-Speed manual,Front Wheel Drive,10,200,6.2,4331,1760,1476,2601,1190
toyota,Toyota,Auris,Auris 5 Doors (2018),2018,2023,,1.6L Valvematic Multidrive 6MT (132 HP),Gasoline,4,1598,132,160,6-Speed manual,Front Wheel Drive,10.8,190,6.1,4331,1760,1476,2601,1205
toyota,Toyota,Auris,Auris 5 Doors (2018),2018,2023,,1.4L 4D 6MT FWD (90 HP),Diesel,4,1364,90,205,6-Speed manual,Front Wheel Drive,12.5,180,4,4331,1760,1476,2601,1200
toyota,Toyota,Auris,Auris 5 Doors (2018),2018,2023,,1.6L 4D 6MT FWD (112 HP),Diesel,4,1598,112,270,6-Speed manual,Front Wheel Drive,10.5,195,4.2,4331,1760,1476,2601,1295
toyota,Toyota,Auris,Auris 5 Doors (2018),2018,2023,,1.8L CVT (136 HP),Hybrid,4,1798,99,142,CVT,,10.9,180,4,4331,1760,1476,2601,1310
toyota,Toyota,Auris,Auris 5 Doors (2018),2018,2023,,2.0L VVT-i (180 HP),Hybrid,4,1987,180,190,CVT,Front Wheel Drive,7.9,180,,4369,1791,1435,,
toyota,Toyota,Auris,Auris 5 Doors (2015),2015,2018,,1.2L 6MT FWD (116 HP),Gasoline,4,1197,116,185,6-speed manual,Front Wheel Drive,10.1,200,4.8,4275,1760,1461,2601,1165
toyota,Toyota,Auris,Auris 5 Doors (2015),2015,2018,,1.2L CVT FWD (116 HP),Gasoline,4,1197,116,185,CVT,Front Wheel Drive,10.5,190,4.6,4275,1760,1461,2601,1165
toyota,Toyota,Auris,Auris 5 Doors (2015),2015,2018,,1.3L 6MT FWD (99 HP),Gasoline,4,1329,99,128,6-speed manual,Front Wheel Drive,12.6,175,5.5,4275,1760,1461,2601,1125
toyota,Toyota,Auris,Auris 5 Doors (2015),2015,2018,,1.4L 6MT FWD (90 HP),Diesel,4,1364,90,20,6-speed manual,Front Wheel Drive,12.5,180,3.4,4275,1760,1461,2601,1200
toyota,Toyota,Auris,Auris 5 Doors (2015),2015,2018,,1.6L 6MT FWD (112 HP),Diesel,4,1598,112,270,6-speed manual,Front Wheel Drive,10.5,195,4.1,4275,1760,1461,2601,1295
toyota,Toyota,Auris,Auris 5 Doors (2015),2015,2018,,1.8L eCVT FWD (136 HP),Hybrid,4,1798,99,142,eCVT,Front Wheel Drive,10.9,180,3.6,4275,1760,1461,2601,1310
toyota,Toyota,Auris,Auris 5 Doors (2013),2013,2015,,1.33L Dual VVT-i 6AT FWD (99 CP),Gasoline,4,1329,99,127,6-speed automatic,Front Wheel Drive,12.6,175,5.5,4275,1760,1461,2601,1225
toyota,Toyota,Auris,Auris 5 Doors (2013),2013,2015,,1.6L Valvematic 6MT FWD (132 HP),Gasoline,4,1598,132,160,6-speed manual,Front Wheel Drive,10,200,5.9,4275,1760,1461,2601,1265
toyota,Toyota,Auris,Auris 5 Doors (2013),2013,2015,,1.6L Valvematic CVT FWD (132 HP),Gasoline,4,1598,132,160,CVT,Front Wheel Drive,11.1,190,5.7,4275,1760,1461,2601,1280
toyota,Toyota,Auris,Auris 5 Doors (2013),2013,2015,,1.4D 6MT FWD (90 HP),Diesel,4,1364,90,205,6-speed manual,Front Wheel Drive,12.5,180,4.2,4275,1760,1461,2601,1270
toyota,Toyota,Auris,Auris 5 Doors (2013),2013,2015,,2.0D 6MT FWD (124 HP),Diesel,4,1998,124,310,6-speed manual,Front Wheel Drive,10,200,4.3,4275,1760,1461,2601,1395
toyota,Toyota,Auris,Auris 5 Doors (2013),2013,2015,,1.8L eCVT FWD (99 HP),Hybrid Gasoline,4,1798,99,142,eCVT,Front Wheel Drive,10.9,180,3.9,4275,1760,1461,2601,1385
toyota,Toyota,Auris,Auris 5 Doors (2010),2010,2012,,1.33L Dual VVT-i 6MT FWD (100 HP),Gasoline,4,1329,101,127,6-speed manual,Front Wheel Drive,13.1,174,5.8,4244,1760,1514,2598,1225
toyota,Toyota,Auris,Auris 5 Doors (2010),2010,2012,,1.6L Valvematic 6MT FWD (132 HP),Gasoline,4,1598,132,160,6-speed manual,Front Wheel Drive,10.2,195,6.6,4244,1760,1514,2598,1225
toyota,Toyota,Auris,Auris 5 Doors (2010),2010,2012,,1.8L Valvematic 6MT FWD (147 HP),Gasoline,4,1798,147,179,6-speed manual,Front Wheel Drive,9.5,200,6.7,4244,1760,1514,2598,1225
toyota,Toyota,Auris,Auris 5 Doors (2010),2010,2012,,1.4L D-4D 6MT FWD (90 HP),Diesel,4,1364,90,205,6-speed manual,Front Wheel Drive,12,174,4.7,4244,1760,1514,2598,1180
toyota,Toyota,Auris,Auris 5 Doors (2010),2010,2012,,2.0L D-4D 6MT FWD (126 HP),Diesel,4,1998,126,309,6-speed manual,Front Wheel Drive,10.3,195,5.2,4244,1760,1514,2598,1180
toyota,Toyota,Auris,Auris 5 Doors (2010),2010,2012,,2.2L D-4D 6MT FWD (177 HP),Diesel,4,2231,177,400,6-speed manual,Front Wheel Drive,8.1,209,5.9,4244,1760,1514,2598,1180
toyota,Toyota,Auris,Auris 5 Doors (2006),2006,2010,,1.3L VVT-i 6MT FWD (100 HP),Gasoline,4,1329,100,132,6-speed manual,Front Wheel Drive,13.1,175,5.9,4219,1760,1519,2601,1195
toyota,Toyota,Auris,Auris 5 Doors (2006),2006,2010,,1.4L VVT-i 5MT FWD (97 HP),Gasoline,4,1398,97,130,5-speed manual,Front Wheel Drive,13,170,6.9,4219,1760,1519,2601,1195
toyota,Toyota,Auris,Auris 5 Doors (2006),2006,2010,,1.6L VVT-i 5AT FWD (124 HP),Gasoline,4,1598,124,157,5-speed automatic,Front Wheel Drive,12.1,190,6.9,4219,1760,1519,2601,1210
toyota,Toyota,Auris,Auris 5 Doors (2006),2006,2010,,1.6L VVT-i 5MT FWD (124 HP),Gasoline,4,1598,124,157,5-speed manual,Front Wheel Drive,10.4,190,7,4219,1760,1519,2601,1205
toyota,Toyota,Auris,Auris 5 Doors (2006),2006,2010,,1.6L VVT-i 6AT FWD (132 HP),Gasoline,4,1598,132,160,6-speed automatic,Front Wheel Drive,11.9,190,6.3,4219,1760,1519,2601,1255
toyota,Toyota,Auris,Auris 5 Doors (2006),2006,2010,,1.6L VVT-i 6MT FWD (132 HP),Gasoline,4,1598,132,160,6-speed manual,Front Wheel Drive,10,190,6.6,4219,1760,1519,2601,1220
toyota,Toyota,Auris,Auris 5 Doors (2006),2006,2010,,1.4L D-4D 5AT FWD (90 HP),Diesel,4,1364,90,190,5-speed automatic,Front Wheel Drive,14.7,175,5,4219,1760,1519,2601,1240
toyota,Toyota,Auris,Auris 5 Doors (2006),2006,2010,,1.4L D-4D 5MT FWD (90 HP),Diesel,4,1364,90,190,5-speed manual,Front Wheel Drive,12,175,5,4219,1760,1519,2601,1235
toyota,Toyota,Auris,Auris 5 Doors (2006),2006,2010,,2.0L D-4D 6MT FWD (128 HP),Diesel,4,1998,126,300,6-speed manual,Front Wheel Drive,10.3,195,5.7,4219,1760,1519,2601,1360
toyota,Toyota,Auris,Auris 5 Doors (2006),2006,2010,,2.2L D-4D 6MT FWD (177 HP),Diesel,4,2231,177,400,6-speed manual,Front Wheel Drive,8.1,215,6.2,4219,1760,1519,2601,1360
toyota,Toyota,Auris,Auris Touring (2013),2013,2015,,1.33L Dual VVT-i 6MT FWD (99 HP),Gasoline,4,1329,99,127,6-speed manual,Front Wheel Drive,12.6,175,5.6,4559,1760,1476,2601,1250
toyota,Toyota,Auris,Auris Touring (2013),2013,2015,,1.6L Valvematic 6MT FWD (132 HP),Gasoline,4,1598,132,160,6-speed manual,Front Wheel Drive,10.5,195,6.1,4559,1760,1476,2601,1280
toyota,Toyota,Auris,Auris Touring (2013),2013,2015,,1.6L Valvematic CVT FWD (132 HP),Gasoline,4,1598,132,160,CVT,Front Wheel Drive,11.2,190,6,4559,1760,1476,2601,1300
toyota,Toyota,Auris,Auris Touring (2013),2013,2015,,1.4L D-4D 6MT FWD (90 HP),Diesel,4,1394,90,205,6-speed manual,Front Wheel Drive,13,175,4.3,4559,1760,1476,2601,1295
toyota,Toyota,Auris,Auris Touring (2013),2013,2015,,2.0L D-4D 6MT FWD (124 HP),Diesel,4,1998,124,310,6-speed manual,Front Wheel Drive,10.5,195,4.4,4559,1760,1476,2601,1420
toyota,Toyota,Auris,Auris Touring (2013),2013,2015,,1.8L VVT-i eCVT FWD (136 HP),Hybrid Gasoline,4,1798,99,142,eCVT,Front Wheel Drive,11.2,175,4,4559,1760,1476,2601,1410
toyota,Toyota,Avalon,Avalon (2019),2019,2022,,3.5L V6 8AT FWD (301 HP),Gasoline,6,3456,301,362,8-speed automatic,Front Wheel Drive,,,9,4976,1849,1435,2870,1615
toyota,Toyota,Avalon,Avalon (2019),2019,2022,,2.5L e-CVT FWD (118 HP),Hybrid,4,2498,118,202,eCVT,Front Wheel Drive,,,5.3,4976,1849,1435,2870,1650
toyota,Toyota,Avalon,Avalon (2018),2018,2019,,3.5 V6 6AT (268 HP) FWD,Gasoline,6,,268,336,6-automatic speed ECT-i,Front Wheel Drive,,,9.8,4961,1834,1461,2819,
toyota,Toyota,Avalon,Avalon (2018),2018,2019,,2.5 L4 6AT (200 HP),Hybrid,4,,200,0,ECVT,Front Wheel Drive,,,5.9,4961,1834,1461,2819,
toyota,Toyota,Avalon,Avalon (2015),2015,2018,,3.5L V6 6AT FWD (268 HP),Gasoline,6,3456,272,336,6-speed automatic,Front Wheel Drive,,,9.8,4961,1834,1461,2819,1570
toyota,Toyota,Avalon,Avalon (2015),2015,2018,,2.5L CVT FWD (200 HP),Hybrid,4,2494,158,212,eCVT,Front Wheel Drive,,,5.9,4961,1834,1461,2819,1630
toyota,Toyota,Avalon,Avalon (2012),2012,2015,,2.5L eCVT FWD (203 HP),Gasoline,4,2494,154,207,Electronically controlled Continuously Variable Transmission (ECVT),Front Wheel Drive,,,5.9,4961,1834,1461,2819,1630
toyota,Toyota,Avalon,Avalon (2012),2012,2015,,3.5L V6 6AT FWD (268 HP),Gasoline,6,3456,268,336,6 speed automatic,Front Wheel Drive,,,9.4,4961,1834,1461,2819,1570
toyota,Toyota,Avalon,Avalon (2005),2005,2012,,3.5L V6 5AT (268 HP),Gasoline,6,3456,268,336,5-speed automatic,Front Wheel Drive,,,9.4,5009,1849,1486,2819,1583
toyota,Toyota,Avensis,Avensis (2015),2015,2018,,1.8L 6MT FWD (147 HP),Gasoline,4,1798,147,180,6-speed manual,Front Wheel Drive,9.4,200,6,4750,1811,1481,2700,1440
toyota,Toyota,Avensis,Avensis (2015),2015,2018,,1.8L CVT FWD (147 HP),Gasoline,4,1798,147,180,CVT,Front Wheel Drive,10.4,200,6.1,4750,1811,1481,2700,1460
toyota,Toyota,Avensis,Avensis (2015),2015,2018,,1.6L 6MT FWD (111 HP),Diesel,4,1598,111,270,6-speed manual,Front Wheel Drive,11.4,185,4.2,4750,1811,1481,2700,1505
toyota,Toyota,Avensis,Avensis (2015),2015,2018,,2.0L 6MT FWD (143 HP),Diesel,4,1995,143,320,6-speed manual,Front Wheel Drive,9.5,200,4.5,4750,1811,1481,2700,1535
toyota,Toyota,Avensis,Avensis (2011),2011,2015,,1.6L Valvematic 6MT FWD (132 HP),Gasoline,4,1598,132,160,6-manual speed,Front Wheel Drive,10.4,200,6.5,4709,1811,1481,2700,1365
toyota,Toyota,Avensis,Avensis (2011),2011,2015,,1.8L Valvematic 6MT FWD (147 HP),Gasoline,4,1798,147,180,6-manual speed,Front Wheel Drive,9.4,200,6.5,4709,1811,1481,2700,1375
toyota,Toyota,Avensis,Avensis (2011),2011,2015,,1.8L Valvematic Multidrive S FWD (147 HP),Gasoline,4,1798,147,180,automatic transmission Multidrive S,Front Wheel Drive,10.4,200,6.6,4709,1811,1481,2700,
toyota,Toyota,Avensis,Avensis (2011),2011,2015,,2.0L Valvematic 6MT FWD (152 HP),Gasoline,4,1987,152,196,6-manual speed,Front Wheel Drive,9,204,6.9,4709,1811,1481,2700,1410
toyota,Toyota,Avensis,Avensis (2011),2011,2015,,2.0L Valvematic CVT FWD (152 HP),Gasoline,4,1987,152,196,CVT,Front Wheel Drive,10,,6.9,4709,1811,1481,2700,1410
toyota,Toyota,Avensis,Avensis (2011),2011,2015,,2.0L D-4D 6MT FWD (124 HP),Diesel,4,1998,124,310,6-manual speed,Front Wheel Drive,9.7,200,4.5,4709,1811,1481,2700,1490
toyota,Toyota,Avensis,Avensis (2011),2011,2015,,2.2L D-4D 6MT FWD (150 HP),Diesel,4,2231,150,340,6-manual speed,Front Wheel Drive,8.9,209,5.4,4709,1811,1481,2700,1515
toyota,Toyota,Avensis,Avensis (2011),2011,2015,,2.2L D-4D CAT 6AT FWD (150 HP),Diesel,4,2231,150,340,6-speed automatic,Front Wheel Drive,9.5,204,6.2,4709,1811,1481,2700,1530
toyota,Toyota,Avensis,Avensis (2011),2011,2015,,2.2L D-4D CAT 6MT FWD (150 HP),Diesel,4,2231,150,340,6-manual speed,Front Wheel Drive,8.5,220,5.8,4709,1811,1481,2700,1530
toyota,Toyota,Avensis,Avensis (2011),2011,2015,,2.2L D-CAT 6MT FWD (177 HP),Diesel,4,2231,177,400,6-speed automatic,Front Wheel Drive,8.5,220,5.8,4709,1811,1481,2700,
toyota,Toyota,Avensis,Avensis (2009),2009,2011,,1.6L Valvematic 6MT FWD (132 HP),Gasoline,4,1598,132,160,6-speed manual,Front Wheel Drive,10.4,200,6.5,4694,1808,1478,2700,1365
toyota,Toyota,Avensis,Avensis (2009),2009,2011,,1.8L Valvematic 6MT FWD (147 HP),Gasoline,4,1798,147,180,6-speed manual,Front Wheel Drive,9.4,200,6.5,4694,1808,1478,2700,1370
toyota,Toyota,Avensis,Avensis (2009),2009,2011,,1.8L Valvematic CVT FWD (147 HP),Gasoline,4,1798,147,180,CVT,Front Wheel Drive,9.4,200,8.6,4694,1808,1478,2700,1405
toyota,Toyota,Avensis,Avensis (2009),2009,2011,,2.0L Valvematic 6MT FWD (152 HP),Gasoline,4,1987,152,197,6-speed manual,Front Wheel Drive,9,204,6.9,4694,1808,1478,2700,1375
toyota,Toyota,Avensis,Avensis (2009),2009,2011,,2.0L Valvematic CVT FWD (152 HP),Gasoline,4,1987,152,197,Multidrive S CVT,Front Wheel Drive,10,204,6.9,4694,1808,1478,2700,1445
toyota,Toyota,Avensis,Avensis (2009),2009,2011,,2.0L D-4D 6MT FWD (124 HP),Diesel,4,1998,124,310,6-speed manual,Front Wheel Drive,9.7,200,4.5,4694,1808,1478,2700,1490
toyota,Toyota,Avensis,Avensis (2009),2009,2011,,2.2L D-4D 6MT FWD (150 HP),Diesel,4,2231,150,339,6-speed manual,Front Wheel Drive,8.9,209,5.5,4694,1808,1478,2700,1515
toyota,Toyota,Avensis,Avensis (2009),2009,2011,,2.2L D-CAT 6AT FWD (150 HP),Diesel,4,2231,150,400,6-speed automatic,Front Wheel Drive,9.5,204,5.9,4694,1808,1478,2700,1515
toyota,Toyota,Avensis,Avensis (2009),2009,2011,,2.2L D-CAT 6MT FWD (177 HP),Diesel,4,2231,177,339,6-speed manual,Front Wheel Drive,8.5,220,5.9,4694,1808,1478,2700,1490
toyota,Toyota,Avensis,Avensis (2006),2006,2008,,1.6L VVTi 5MT FWD (110 HP),Gasoline,4,1598,110,150,5-speed manual,Front Wheel Drive,12,195,7.2,4641,1760,1481,2700,1255
toyota,Toyota,Avensis,Avensis (2006),2006,2008,,1.8L VVTi 4AT FWD (129 HP),Gasoline,4,1794,129,170,4-speed automatic,Front Wheel Drive,11.6,195,7.7,4641,1760,1481,2700,1275
toyota,Toyota,Avensis,Avensis (2006),2006,2008,,1.8L VVTi 5MT FWD (129 HP),Gasoline,4,1794,129,170,5-speed manual,Front Wheel Drive,10.3,200,7.2,4641,1760,1481,2700,1255
toyota,Toyota,Avensis,Avensis (2006),2006,2008,,2.0L VVTi 4AT FWD (147 HP),Gasoline,4,1998,147,196,4-speed automatic,Front Wheel Drive,9.5,204,9.2,4641,1760,1481,2700,1345
toyota,Toyota,Avensis,Avensis (2006),2006,2008,,2.0L VVTi 5MT FWD (147 HP),Gasoline,4,1998,147,196,5-speed manual,Front Wheel Drive,9.4,210,8.1,4641,1760,1481,2700,1315
toyota,Toyota,Avensis,Avensis (2006),2006,2008,,2.4L VVTi 5MT FWD (163 HP),Gasoline,4,2362,163,230,5-speed automatic,Front Wheel Drive,9.1,220,9.5,4641,1760,1481,2700,1360
toyota,Toyota,Avensis,Avensis (2006),2006,2008,,2.0L D-4D 6MT FWD (126 HP),Diesel,4,1998,126,300,6-speed manual,Front Wheel Drive,10.6,200,5.5,4641,1760,1481,2700,1410
toyota,Toyota,Avensis,Avensis (2006),2006,2008,,2.2L D-4D 6MT FWD (150 HP),Diesel,4,2231,150,309,6-speed manual,Front Wheel Drive,9.3,210,5.9,4641,1760,1481,2700,1425
toyota,Toyota,Avensis,Avensis (2006),2006,2008,,2.2L D-4D D-CAT 6MT FWD (177 HP),Diesel,4,2231,177,400,6-speed manual,Front Wheel Drive,8.6,220,6.1,4641,1760,1481,2700,1435
toyota,Toyota,Avensis,Avensis (2003),2003,2006,,1.6L VVTi 5MT FWD (110 HP),Gasoline,4,1598,110,150,5-speed manual,Front Wheel Drive,12,195,7.2,4630,1760,1481,2700,1220
toyota,Toyota,Avensis,Avensis (2003),2003,2006,,1.8L VVTi 4AT FWD (129 HP),Gasoline,4,1794,129,170,4-speed automatic,Front Wheel Drive,11.6,195,7.7,4630,1760,1481,2700,1265
toyota,Toyota,Avensis,Avensis (2003),2003,2006,,1.8L VVTi 5MT FWD (129 HP),Gasoline,4,1794,129,170,5-speed manual,Front Wheel Drive,10.3,200,7.2,4630,1760,1481,2700,1220
toyota,Toyota,Avensis,Avensis (2003),2003,2006,,2.0L VVTi 4AT FWD (147 HP),Gasoline,4,1998,147,196,4-speed automatic,Front Wheel Drive,9.5,204,9.2,4630,1760,1481,2700,1335
toyota,Toyota,Avensis,Avensis (2003),2003,2006,,2.0L VVTi 5MT FWD (147 HP),Gasoline,4,1998,147,196,5-speed manual,Front Wheel Drive,9.4,210,8.1,4630,1760,1481,2700,1305
toyota,Toyota,Avensis,Avensis (2003),2003,2006,,2.4L VVTi 5AT FWD (163 HP),Gasoline,4,2362,163,230,5-speed automatic,Front Wheel Drive,9.1,220,9.5,4630,1760,1481,2700,1345
toyota,Toyota,Avensis,Avensis (2003),2003,2006,,2.0L D4-D 5MT FWD (116 HP),Diesel,4,1995,116,280,5-speed manual,Front Wheel Drive,11.2,195,5.8,4630,1760,1481,2700,1355
toyota,Toyota,Avensis,Avensis (2003),2003,2006,,2.2L D-4D D-Cat 6MT FWD (177 HP),Diesel,4,2231,177,400,6-speed manual,Front Wheel Drive,8.6,220,6.1,4630,1760,1481,2700,1430
toyota,Toyota,Avensis,Avensis (2003),2003,2006,,2.2L D4-D 6MT FWD (150 HP),Diesel,4,2231,150,310,6-speed manual,Front Wheel Drive,9.3,210,6,4630,1760,1481,2700,1410
toyota,Toyota,Avensis,Avensis (2000),2000,2003,,1.6L 5MT FWD (110 HP),Gasoline,4,1598,110,150,5-speed manual,Front Wheel Drive,11.3,195,7.1,4521,1709,1420,2629,1175
toyota,Toyota,Avensis,Avensis (2000),2000,2003,,1.8L 5MT FWD (130 HP),Gasoline,4,1794,130,171,5-speed manual,Front Wheel Drive,10,205,7.4,4521,1709,1420,2629,1175
toyota,Toyota,Avensis,Avensis (2000),2000,2003,,2.0L 5MT FWD (150 HP),Gasoline,4,1998,150,200,5-speed manual,Front Wheel Drive,9.1,210,7.7,4521,1709,1420,2629,1220
toyota,Toyota,Avensis,Avensis (2000),2000,2003,,2.0L D4-D 5MT (110 HP),Diesel,4,1995,110,250,5-speed manual,Front Wheel Drive,11.4,195,5.9,4521,1709,1420,2629,1295
toyota,Toyota,Avensis,Avensis (1997),1997,2000,,1.6L 5MT FWD (110 HP),Gasoline,4,1587,110,145,5-speed manual,Front Wheel Drive,11.7,195,7.8,4491,1709,1420,2629,1170
toyota,Toyota,Avensis,Avensis (1997),1997,2000,,1.8L 4AT FWD (110 HP),Gasoline,4,1762,110,155,5-speed manual,Front Wheel Drive,12.2,185,8.6,4491,1709,1420,2629,1210
toyota,Toyota,Avensis,Avensis (1997),1997,2000,,1.8L 5MT FWD (110 HP),Gasoline,4,1762,110,155,5-speed manual,Front Wheel Drive,11,195,7.4,4491,1709,1420,2629,1180
toyota,Toyota,Avensis,Avensis (1997),1997,2000,,2.0L 4AT FWD (128 HP),Gasoline,4,1998,128,178,4-speed automatic,Front Wheel Drive,10.6,200,9,4491,1709,1420,2629,1245
toyota,Toyota,Avensis,Avensis (1997),1997,2000,,2.0L 5MT FWD (128 HP),Gasoline,4,1998,128,178,5-speed manual,Front Wheel Drive,9.3,205,8.3,4491,1709,1420,2629,1220
toyota,Toyota,Avensis,Avensis (1997),1997,2000,,2.0L D4-D 5MT FWD (110 HP),Diesel,4,1995,110,250,5-speed manual,Front Wheel Drive,11.4,195,5.9,4491,1709,1420,2629,1295
toyota,Toyota,Avensis,Avensis (1997),1997,2000,,2.0L TD 5MT FWD (90 HP),Diesel,4,1975,90,203,5-speed manual,Front Wheel Drive,12,180,6.5,4491,1709,1420,2629,1255
toyota,Toyota,Avensis,Avensis Liftback (2009),2009,2011,,1.6L 6MT FWD (132 HP),Gasoline,4,1598,132,160,6-speed manual,Front Wheel Drive,10.4,200,6.5,4694,1808,1478,2700,1365
toyota,Toyota,Avensis,Avensis Liftback (2009),2009,2011,,1.8L 6MT FWD (147 HP),Gasoline,4,1798,147,180,6-speed manual,Front Wheel Drive,9.4,200,6.5,4694,1808,1478,2700,1370
toyota,Toyota,Avensis,Avensis Liftback (2009),2009,2011,,2.0L D-4D 6MT FWD (126 HP),Diesel,4,1998,126,309,6-speed manual,Front Wheel Drive,9.7,200,5.1,4694,1808,1478,2700,1490
toyota,Toyota,Avensis,Avensis Liftback (2009),2009,2011,,2.2L D-4D 6MT FWD (150 HP),Diesel,4,2231,150,339,6-speed manual,Front Wheel Drive,8.9,209,5.5,4694,1808,1478,2700,1515
toyota,Toyota,Avensis,Avensis Liftback (2009),2009,2011,,2.2L D-CAT 6AT FWD (150 HP),Diesel,4,2231,150,339,6-speed automatic,Front Wheel Drive,9.5,204,6.4,4694,1808,1478,2700,1530
toyota,Toyota,Avensis,Avensis Liftback (2006),2006,2008,,1.8L VVT-i 4AT FWD (129 HP),Gasoline,4,1794,129,170,4-speed automatic,Front Wheel Drive,11.6,195,7.7,4641,1760,1481,2700,1280
toyota,Toyota,Avensis,Avensis Liftback (2006),2006,2008,,1.8L VVT-i 5MT FWD (129 HP),Gasoline,4,1794,129,170,5-speed manual,Front Wheel Drive,10.3,200,7.2,4641,1760,1481,2700,1260
toyota,Toyota,Avensis,Avensis Liftback (2006),2006,2008,,2.0L VVT-i 4AT FWD (147 HP),Gasoline,4,1998,147,196,4-speed automatic,Front Wheel Drive,9.5,204,9.2,4641,1760,1481,2700,1350
toyota,Toyota,Avensis,Avensis Liftback (2006),2006,2008,,2.0L VVT-i 5MT FWD (147 HP),Gasoline,4,1998,147,196,5-speed manual,Front Wheel Drive,9.4,210,8.1,4641,1760,1481,2700,1320
toyota,Toyota,Avensis,Avensis Liftback (2006),2006,2008,,2.0L D-4D 6MT FWD (126 HP),Diesel,4,1998,126,300,6-speed manual,Front Wheel Drive,10.6,200,5.5,4641,1760,1481,2700,1415
toyota,Toyota,Avensis,Avensis Liftback (2006),2006,2008,,2.2L D-4D 5MT FWD (150 HP),Diesel,4,2231,150,310,6-speed manual,Front Wheel Drive,9.3,209,5.9,4641,1760,1481,2700,1430
toyota,Toyota,Avensis,Avensis Liftback (2003),2003,2006,,1.8L VVT-i 4AT FWD (129 HP),Gasoline,4,1794,129,170,4-speed automatic,Front Wheel Drive,11.6,195,7.7,4630,1760,1481,2700,1260
toyota,Toyota,Avensis,Avensis Liftback (2003),2003,2006,,1.8L VVT-i 5MT FWD (129 HP),Gasoline,4,1794,129,170,5-speed manual,Front Wheel Drive,10.3,200,7.2,4630,1760,1481,2700,1240
toyota,Toyota,Avensis,Avensis Liftback (2003),2003,2006,,2.0L VVT-i 4AT FWD (147 HP),Gasoline,4,1998,147,196,4-speed automatic,Front Wheel Drive,9.5,204,9.2,4630,1760,1481,2700,1340
toyota,Toyota,Avensis,Avensis Liftback (2003),2003,2006,,2.0L VVT-i 5MT FWD (147 HP),Gasoline,4,1998,147,196,5-speed manual,Front Wheel Drive,9.4,210,8.1,4630,1760,1481,2700,1310
toyota,Toyota,Avensis,Avensis Liftback (2003),2003,2006,,2.4L VVT-i 5AT FWD (163 HP),Gasoline,4,2362,163,230,5-speed automatic,Front Wheel Drive,9.1,220,9.5,4630,1760,1481,2700,1350
toyota,Toyota,Avensis,Avensis Liftback (2003),2003,2006,,2.0L D-4D 5MT FWD (116 HP),Diesel,4,1995,116,280,5-speed manual,Front Wheel Drive,11.2,195,5.8,4630,1760,1481,2700,1375
toyota,Toyota,Avensis,Avensis Liftback (2003),2003,2006,,2.2L D-4D 6MT FWD (150 HP),Diesel,4,2231,150,310,6-speed manual,Front Wheel Drive,9.3,210,6,4630,1760,1481,2700,1430
toyota,Toyota,Avensis,Avensis Liftback (2003),2003,2006,,2.2L D-4D D-CAT 6MT FWD (177 HP),Diesel,4,2231,177,400,6-speed manual,Front Wheel Drive,8.6,220,6.1,4630,1760,1481,2700,1435
toyota,Toyota,Avensis,Avensis Liftback (1997),1997,2003,,1.6L 5MT (110 HP),Gasoline,4,1587,110,145,5-speed manual,Front Wheel Drive,11.7,195,7.8,4491,1709,1420,2629,1200
toyota,Toyota,Avensis,Avensis Liftback (1997),1997,2003,,1.8L 4AT (110 HP),Gasoline,4,1762,110,155,4-speed automatic,Front Wheel Drive,12.2,185,8.6,4491,1709,1420,2629,1230
toyota,Toyota,Avensis,Avensis Liftback (1997),1997,2003,,1.8L 5MT (110 HP),Gasoline,4,1762,110,155,5-speed manual,Front Wheel Drive,11,195,7.4,4491,1709,1420,2629,1200
toyota,Toyota,Avensis,Avensis Liftback (1997),1997,2003,,2.0L 4AT (128 HP),Gasoline,4,1998,128,178,4-speed automatic,Front Wheel Drive,10.6,200,9,4491,1709,1420,2629,1265
toyota,Toyota,Avensis,Avensis Liftback (1997),1997,2003,,2.0L 5MT (128 HP),Gasoline,4,1998,128,178,5-speed manual,Front Wheel Drive,9.3,205,8.3,4491,1709,1420,2629,1240
toyota,Toyota,Avensis,Avensis Liftback (1997),1997,2003,,2.0L D4-D 5MT (110 HP),Diesel,4,1995,110,250,5-speed manual,Front Wheel Drive,11.4,195,5.9,4491,1709,1420,2629,1315
toyota,Toyota,Avensis,Avensis Liftback (1997),1997,2003,,2.0L TD 5MT (90 HP),Diesel,4,1975,90,203,5-speed manual,Front Wheel Drive,12,180,6.5,4491,1709,1420,2629,1275
toyota,Toyota,Avensis,Avensis Wagon (2015),2015,2018,,1.8L 6MT FWD (147 HP),Gasoline,4,1798,147,180,6-speed manual,Front Wheel Drive,9.7,200,6.2,4821,1811,1481,2700,1470
toyota,Toyota,Avensis,Avensis Wagon (2015),2015,2018,,1.8L CVT FWD (147 HP),Gasoline,4,1798,147,180,CVT,Front Wheel Drive,10.7,200,6,4821,1811,1481,2700,1490
toyota,Toyota,Avensis,Avensis Wagon (2015),2015,2018,,1.6L 6MT FWD (111 HP),Diesel,4,1598,111,270,6-speed manual,Front Wheel Drive,11.7,185,4.2,4821,1811,1481,2700,1535
toyota,Toyota,Avensis,Avensis Wagon (2015),2015,2018,,1.6L 6MT FWD (143 HP),Diesel,4,1598,143,320,6-speed manual,Front Wheel Drive,9.8,200,4.6,4821,1811,1481,2700,1565
toyota,Toyota,Avensis,Avensis Wagon (2009),2009,2015,,1.8L Valvematic 6MT FWD (147 HP),Gasoline,4,1798,147,180,6-speed manual,Front Wheel Drive,9.7,200,6.6,4765,1808,1478,2700,1405
toyota,Toyota,Avensis,Avensis Wagon (2009),2009,2015,,2.0L D-4D 6MT FWD (124 HP),Diesel,4,1998,124,310,6-speed manual,Front Wheel Drive,10,200,4.5,4765,1808,1478,2700,1490
toyota,Toyota,Avensis,Avensis Wagon (2009),2009,2015,,2.2L D-4D 6MT FWD (150 HP),Diesel,4,2231,150,339,6-speed manual,Front Wheel Drive,9.2,211,5.6,4765,1808,1478,2700,1545
toyota,Toyota,Avensis,Avensis Wagon (2009),2009,2015,,2.2L D-CAT 6AT FWD (150 HP),Diesel,4,2231,150,339,6-speed automatic,Front Wheel Drive,9.8,204,6.6,4765,1808,1478,2700,1560
toyota,Toyota,Avensis,Avensis Wagon (2009),2009,2015,,2.2L D-CAT 6MT FWD (180 HP),Diesel,4,2231,177,400,6-speed manual,Front Wheel Drive,8.8,220,6,4765,1808,1478,2700,1595
toyota,Toyota,Avensis,Avensis Wagon (2006),2006,2008,,1.6L VVT-i 5MT FWD (110 HP),Gasoline,4,1598,110,150,5-speed manual,Front Wheel Drive,12.2,195,7.2,4719,1760,1519,2700,1290
toyota,Toyota,Avensis,Avensis Wagon (2006),2006,2008,,1.8L VVT-i 4AT FWD (129 HP),Gasoline,4,1794,129,170,4-speed automatic,Front Wheel Drive,11.8,195,7.8,4719,1760,1519,2700,1310
toyota,Toyota,Avensis,Avensis Wagon (2006),2006,2008,,1.8L VVT-i 5MT FWD (129 HP),Gasoline,4,1794,129,170,5-speed manual,Front Wheel Drive,10.5,200,7.2,4719,1760,1519,2700,1290
toyota,Toyota,Avensis,Avensis Wagon (2006),2006,2008,,2.0L VVT-i D4 4AT FWD (147 HP),Gasoline,4,1998,147,196,4-speed automatic,Front Wheel Drive,9.6,204,9.4,4719,1760,1519,2700,1370
toyota,Toyota,Avensis,Avensis Wagon (2006),2006,2008,,2.0L VVT-i D4 5MT FWD (147 HP),Gasoline,4,1998,147,196,5-speed manual,Front Wheel Drive,9.6,210,8.1,4719,1760,1519,2700,1340
toyota,Toyota,Avensis,Avensis Wagon (2006),2006,2008,,2.4L VVT-i D4 5AT FWD (163 HP),Gasoline,4,2362,163,230,5-speed automatic,Front Wheel Drive,9.3,220,9.6,4719,1760,1519,2700,1385
toyota,Toyota,Avensis,Avensis Wagon (2006),2006,2008,,2.0L D-4D 6MT FWD (126 HP),Diesel,4,1998,125,300,6-speed manual,Front Wheel Drive,10.6,200,5.7,4719,1760,1519,2700,1440
toyota,Toyota,Avensis,Avensis Wagon (2006),2006,2008,,2.2L D-4D 6MT FWD (150 HP),Diesel,4,2231,150,310,6-speed manual,Front Wheel Drive,9.3,210,6,4719,1760,1519,2700,1455
toyota,Toyota,Avensis,Avensis Wagon (2006),2006,2008,,2.2L D-4D D-Cat 6MT FWD (177 HP),Diesel,4,2231,177,400,6-speed manual,Front Wheel Drive,8.6,220,6.2,4719,1760,1519,2700,1465
toyota,Toyota,Avensis,Avensis Wagon (2003),2003,2006,,1.8L VVTi 4AT FWD (129 HP),Gasoline,4,1794,129,170,4-speed automatic,Front Wheel Drive,11.8,195,7.8,4699,1760,1519,2700,1300
toyota,Toyota,Avensis,Avensis Wagon (2003),2003,2006,,1.8L VVTi 5MT FWD (129 HP),Gasoline,4,1794,129,170,5-speed manual,Front Wheel Drive,10.5,200,7.2,4699,1760,1519,2700,1270
toyota,Toyota,Avensis,Avensis Wagon (2003),2003,2006,,2.0L VVT-i 4AT FWD (147 HP),Gasoline,4,1998,147,196,4-speed automatic,Front Wheel Drive,9.6,204,9.4,4699,1760,1519,2700,1360
toyota,Toyota,Avensis,Avensis Wagon (2003),2003,2006,,2.0L VVT-i 5MT FWD (147 HP),Gasoline,4,1998,147,196,5-speed manual,Front Wheel Drive,9.6,210,8.1,4699,1760,1519,2700,1330
toyota,Toyota,Avensis,Avensis Wagon (2003),2003,2006,,2.4L VVT-i 5AT FWD (163 HP),Gasoline,4,2362,163,230,5-speed automatic,Front Wheel Drive,9.3,220,9.6,4699,1760,1519,2700,1370
toyota,Toyota,Avensis,Avensis Wagon (2003),2003,2006,,2.0L D-4D 5MT FWD (116 HP),Diesel,4,1995,116,280,5-speed manual,Front Wheel Drive,11.4,195,6,4699,1760,1519,2700,1405
toyota,Toyota,Avensis,Avensis Wagon (2003),2003,2006,,2.2L D-4D 6MT FWD (150 HP),Diesel,4,2231,150,310,6-speed manual,Front Wheel Drive,9.3,210,6,4699,1760,1519,2700,1455
toyota,Toyota,Avensis,Avensis Wagon (2003),2003,2006,,2.2L D-4D D-CAT 6MT FWD (177 HP),Diesel,4,2231,177,400,6-speed manual,Front Wheel Drive,8.6,220,6.2,4699,1760,1519,2700,1460
toyota,Toyota,Avensis,Avensis Wagon (2000),2000,2003,,1.6L VVT-i 5MT (110 HP),Gasoline,4,1598,110,150,5-speed manual,Front Wheel Drive,11.5,190,7.4,4600,1709,1501,2629,1210
toyota,Toyota,Avensis,Avensis Wagon (2000),2000,2003,,1.8L VVT-i 4AT (129 HP),Gasoline,4,1794,129,170,4-speed automatic,Front Wheel Drive,11.8,180,7.8,4600,1709,1501,2629,1295
toyota,Toyota,Avensis,Avensis Wagon (2000),2000,2003,,1.8L VVT-i 5MT (129 HP),Gasoline,4,1794,129,170,5-speed manual,Front Wheel Drive,10.2,200,7.6,4600,1709,1501,2629,1210
toyota,Toyota,Avensis,Avensis Wagon (2000),2000,2003,,2.0L VVT-i 4AT (150 HP),Gasoline,4,1998,150,200,4-speed automatic,Front Wheel Drive,9.9,204,8.6,4600,1709,1501,2629,1295
toyota,Toyota,Avensis,Avensis Wagon (2000),2000,2003,,2.0L VVT-i 5MT (150 HP),Gasoline,4,1998,150,200,5-speed manual,Front Wheel Drive,9.3,205,7.9,4600,1709,1501,2629,1280
toyota,Toyota,Avensis,Avensis Wagon (2000),2000,2003,,2.0L D4-D 5MT (116 HP),Diesel,4,1995,110,250,5-speed manual,Front Wheel Drive,11.6,190,6,4600,1709,1501,2629,1330
toyota,Toyota,Avensis,Avensis Wagon (1997),1997,2000,,1.6L 5MT FWD (110 HP),Gasoline,4,1587,110,145,5-speed manual,Front Wheel Drive,11.9,190,8.1,4569,1709,1501,2629,1215
toyota,Toyota,Avensis,Avensis Wagon (1997),1997,2000,,1.8L 4AT FWD (110 HP),Gasoline,4,1762,110,155,4-speed automatic,Front Wheel Drive,12.4,180,8,4569,1709,1501,2629,1230
toyota,Toyota,Avensis,Avensis Wagon (1997),1997,2000,,1.8L 5MT FWD (110 HP),Gasoline,4,1762,110,155,5-speed manual,Front Wheel Drive,11.2,190,7.8,4569,1709,1501,2629,1215
toyota,Toyota,Avensis,Avensis Wagon (1997),1997,2000,,2.0L 4AT FWD (128 HP),Gasoline,4,1998,128,178,4-speed automatic,Front Wheel Drive,10.8,195,8.9,4569,1709,1501,2629,1280
toyota,Toyota,Avensis,Avensis Wagon (1997),1997,2000,,2.0L 5MT FWD (128 HP),Gasoline,4,1998,128,178,5-speed manual,Front Wheel Drive,9.5,200,8.5,4569,1709,1501,2629,1255
toyota,Toyota,Avensis,Avensis Wagon (1997),1997,2000,,2.0L D4-D 5MT FWD (110 HP),Diesel,4,1995,110,250,5-speed manual,Front Wheel Drive,11.6,190,5.9,4569,1709,1501,2629,1330
toyota,Toyota,Avensis,Avensis Wagon (1997),1997,2000,,2.0L TD 5MT FWD (90 HP),Diesel,4,1975,90,203,5-speed manual,Front Wheel Drive,12.2,175,6.6,4569,1709,1501,2629,1290
toyota,Toyota,Avensis Verso,Avensis Verso (2003),2003,2006,,2.0L VVT-i 4AT FWD (150 HP),Gasoline,4,1998,150,192,4-speed automatic,Front Wheel Drive,12.1,180,8.9,4689,1760,1679,2819,1435
toyota,Toyota,Avensis Verso,Avensis Verso (2003),2003,2006,,2.0L VVT-i 5MT FWD (150 HP),Gasoline,4,1998,150,192,5-speed manual,Front Wheel Drive,11.4,192,8.6,4689,1760,1679,2819,1395
toyota,Toyota,Avensis Verso,Avensis Verso (2003),2003,2006,,2.0L D4-D 5MT FWD (116 HP),Diesel,4,1995,116,250,5-speed manual,Front Wheel Drive,12.5,180,6.5,4689,1760,1679,2819,1505
toyota,Toyota,Avensis Verso,Avensis Verso (2001),2001,2003,,2.0L VVTi 4AT FWD (150 HP),Gasoline,4,1998,150,192,4-speed automatic,Front Wheel Drive,12.1,180,8.9,4651,1760,1679,2819,1435
toyota,Toyota,Avensis Verso,Avensis Verso (2001),2001,2003,,2.0L VVTi 5MT FWD (150 HP),Gasoline,4,1998,150,192,5-speed manual,Front Wheel Drive,11.4,192,8.6,4651,1760,1679,2819,1395
toyota,Toyota,Avensis Verso,Avensis Verso (2001),2001,2003,,2.0L D4-D 5MT FWD (116 HP),Diesel,4,1995,116,250,5-speed manual,Front Wheel Drive,12.5,180,6.5,4651,1760,1679,2819,1505
toyota,Toyota,Aygo,Aygo 3 Doors (2009),2009,2014,,1.0L 5AT FWD (68 HP),Gasoline,3,998,68,93,5-speed automatic,Front Wheel Drive,14.9,158,4.6,3411,1621,1461,2339,805
toyota,Toyota,Aygo,Aygo 3 Doors (2009),2009,2014,,1.0L 5MT FWD (68 HP),Gasoline,3,998,68,93,5-speed manual,Front Wheel Drive,14.2,157,4.6,3411,1621,1461,2339,765
toyota,Toyota,Aygo,Aygo 3 Doors (2009),2009,2014,,1.4L D 5MT FWD (55 HP),Diesel,4,1389,54,130,5-speed manual,Front Wheel Drive,16.8,154,4.1,3411,1621,1461,2339,855
toyota,Toyota,Aygo,Aygo 3 Doors (2005),2005,2008,,1.0L 5AT FWD (68 HP),Gasoline,3,998,68,93,5-speed automatic,Front Wheel Drive,14.9,158,4.6,3411,1621,1461,2339,800
toyota,Toyota,Aygo,Aygo 3 Doors (2005),2005,2008,,1.0L 5MT FWD (68 HP),Gasoline,3,998,68,93,5-speed manual,Front Wheel Drive,14.2,157,4.6,3411,1621,1461,2339,765
toyota,Toyota,Aygo,Aygo 3 Doors (2005),2005,2008,,1.4L D 5MT FWD (55 HP),Diesel,4,1389,54,130,5-speed manual,Front Wheel Drive,16.8,154,4.1,3411,1621,1461,2339,855
toyota,Toyota,Aygo,Aygo 5 Doors (2018),2018,2022,,1.0L Eco VVT-i 5MT FWD (72 HP),Gasoline,3,998,72,93,5-Speed manual,Front Wheel Drive,13.8,159,3.8,3465,1615,1461,2339,850
toyota,Toyota,Aygo,Aygo 5 Doors (2018),2018,2022,,1.0L VVT-i 5MT FWD (72 HP),Gasoline,3,998,72,93,5-Speed manual,Front Wheel Drive,13.8,159,4.1,3465,1615,1461,2339,840
toyota,Toyota,Aygo,Aygo 5 Doors (2014),2014,2018,,1.0L VVT-i 5AT FWD (69 HP),Gasoline,3,998,69,95,5-speed automatic,Front Wheel Drive,15.5,159,4.2,3454,1615,1461,2339,860
toyota,Toyota,Aygo,Aygo 5 Doors (2014),2014,2018,,1.0L VVT-i 5MT FWD (69 HP),Gasoline,3,998,69,95,5-speed manual,Front Wheel Drive,14.2,159,4.1,3454,1615,1461,2339,840
toyota,Toyota,Aygo,Aygo 5 Doors (2005),2005,2008,,1.0L 5AT FWD (68 HP),Gasoline,3,998,68,93,5-speed automatic,Front Wheel Drive,14.9,158,4.6,3411,1621,1461,2339,810
toyota,Toyota,Aygo,Aygo 5 Doors (2005),2005,2008,,1.0L 5MT FWD (68 HP),Gasoline,3,998,68,93,5-speed manual,Front Wheel Drive,14.2,157,4.6,3411,1621,1461,2339,775
toyota,Toyota,Aygo,Aygo 5 Doors (2005),2005,2008,,1.4L D 5MT FWD (55 HP),Diesel,4,1389,54,130,5-speed manual,Front Wheel Drive,16.8,154,4.1,3411,1621,1461,2339,865
toyota,Toyota,Aygo X,Aygo X (2025),2025,,,1.5L eCVT FWD (116 HP),Hybrid Gasoline,3,1490,91,120,eCVT,Front Wheel Drive,9.2,172,3.7,3777,1740,1524,2431,
toyota,Toyota,Aygo X,Aygo X (2021),2021,2025,,1.0L VVT-i 6MT FWD (72 HP),Gasoline,3,998,72,93,6-speed manual,Front Wheel Drive,15.6,158,4.7,3701,1740,1524,2431,940
toyota,Toyota,Aygo X,Aygo X (2021),2021,2025,,1.0L VVT-i CVT FWD (72 HP),Gasoline,3,998,72,93,CVT,Front Wheel Drive,15.5,151,4.9,3701,1740,1524,2431,940
toyota,Toyota,bZ,bZ (US) (2026),2026,,,57.7 KWh FWD (168 HP),Electric,,,168,,1-speed automatic,Front Wheel Drive,8.3,,,4689,1859,1651,2850,
toyota,Toyota,bZ,bZ (US) (2026),2026,,,74.7 KWh AWD (338 HP),Electric,,,338,,1-speed automatic,All Wheel Drive,5.1,,,4689,1859,1651,2850,
toyota,Toyota,bZ,bZ (US) (2026),2026,,,74.7 KWh FWD (221 HP),Electric,,,221,,1-speed automatic,Front Wheel Drive,8,,,4689,1859,1651,2850,
toyota,Toyota,bZ,bZ (US) (2026),2026,,,74.7 kWh AWD (375 HP),Electric,,,375,,1-speed automatic,All Wheel Drive,4.5,,,4831,1859,1674,2850,
toyota,Toyota,bZ4X,bZ4X (2025),2025,,,57.7 KWh FWD (167 HP),Electric,,,167,,,Front Wheel Drive,8.6,,,4689,1859,1651,2850,
toyota,Toyota,bZ4X,bZ4X (2025),2025,,,73.1 KWh AWD (343 HP),Electric,,,343,,,All Wheel Drive,5.1,,,4689,1859,1651,2850,
toyota,Toyota,bZ4X,bZ4X (2025),2025,,,73.1 KWh FWD (224 HP),Electric,,,224,,,Front Wheel Drive,7.4,,,4689,1859,1651,2850,
toyota,Toyota,bZ4X,bZ4X (2022),2022,2025,,71.4 KWh AWD (217 HP),Electric,,,217,,,All Wheel Drive,7.7,161,,4689,1859,1651,2850,
toyota,Toyota,bZ4X,bZ4X (2022),2022,2025,,71.4 KWh FWD (204 HP),Electric,,,204,,,Front Wheel Drive,8.4,161,,4689,1859,1651,2850,
toyota,Toyota,bZ4X,bZ4X Touring (2025),2025,,,74.7 KWh AWD (380 HP),Electric,,,380,,CVT,All Wheel Drive,,,,4831,1859,1674,2850,
toyota,Toyota,bZ4X,bZ4X Touring (2025),2025,,,74.7 KWh FWD (224 HP),Electric,,,224,,CVT,Front Wheel Drive,,,,4831,1859,1674,2850,
toyota,Toyota,C-HR,C-HR (2025),2025,,,57.7 KWh FWD (167 HP),Electric,,,167,,,Front Wheel Drive,8.6,,,4521,1869,1595,2751,
toyota,Toyota,C-HR,C-HR (2025),2025,,,77 KWh AWD (343 HP),Electric,,,343,,,All Wheel Drive,5.2,,,4521,1869,1595,2751,
toyota,Toyota,C-HR,C-HR (2025),2025,,,77 KWh FWD (224 HP),Electric,,,224,,,Front Wheel Drive,7.4,,,4521,1869,1595,2751,
toyota,Toyota,C-HR,C-HR (2023),2023,,,1.8L CVT FWD (140 HP),Hybrid Gasoline,4,1798,98,142,CVT,Front Wheel Drive,9.9,171,4.6,4361,1829,1570,2639,
toyota,Toyota,C-HR,C-HR (2023),2023,,,2.0L CVT AWD (198 HP),Hybrid Gasoline,4,1987,152,190,CVT,Front Wheel Drive,7.9,180,4.8,4361,1829,1570,2639,
toyota,Toyota,C-HR,C-HR (2023),2023,,,2.0L CVT FWD (198 HP),Hybrid Gasoline,4,1987,152,190,CVT,Front Wheel Drive,8.1,180,4.6,4361,1829,1570,2639,
toyota,Toyota,C-HR,C-HR (2023),2023,,,2.0L CVT PHEV FWD (223 HP),Plug-in Hybrid,4,1987,152,190,cvt,Front Wheel Drive,7.3,180,0.8,4361,1829,1570,2639,
toyota,Toyota,C-HR,C-HR (2019),2019,2023,,1.2L 6MT FWD (116 HP),Gasoline,4,1197,116,185,6-Speed manual,Front Wheel Drive,10.9,190,6.1,4384,1796,1565,2639,1390
toyota,Toyota,C-HR,C-HR (2019),2019,2023,,1.2L Multidrive S CVT AWD (116 HP),Gasoline,4,1197,116,185,CVT,All Wheel Drive,10.9,190,6.1,4384,1796,1565,2639,1390
toyota,Toyota,C-HR,C-HR (2019),2019,2023,,1.2L Multidrive S CVT FWD (116 HP),Gasoline,4,1197,116,185,CVT,Front Wheel Drive,10.8,185,6.1,4384,1796,1565,2639,1390
toyota,Toyota,C-HR,C-HR (2019),2019,2023,,2.0L Multidrive S CVT FWD (144 HP),Gasoline,4,1987,144,189,CVTi-S,Front Wheel Drive,10.9,195,8.1,4384,1796,1565,2639,
toyota,Toyota,C-HR,C-HR (2019),2019,2023,,1.8L CVT FWD (122 HP),Hybrid,4,1789,98,142,CVT Planetary Gear System,Front Wheel Drive,11,171,3.8,4384,1796,1565,2639,1420
toyota,Toyota,C-HR,C-HR (2019),2019,2023,,2.0L CVT FWD (184 HP),Hybrid,4,1987,152,185,CVT Planetary Gear System,Front Wheel Drive,8.2,180,6.1,4384,1796,1565,2639,1485
toyota,Toyota,C-HR,C-HR (2016),2016,2019,,1.2L Turbo 6MT (116 HP),Gasoline,4,1197,116,185,6-speed manual,Front Wheel Drive,10.9,190,5.9,4361,1796,1565,2639,1375
toyota,Toyota,C-HR,C-HR (2016),2016,2019,,1.2L Turbo CVT AWD (116 HP),Gasoline,4,1197,116,185,CVT,All Wheel Drive,11.4,180,6.3,4361,1796,1565,2639,1460
toyota,Toyota,C-HR,C-HR (2016),2016,2019,,1.8L CVT (122 HP),Hybrid,4,1798,97.9,142,eCVT,Front Wheel Drive,11,171,3.9,4361,1796,1565,2639,1420
toyota,Toyota,Camry,Camry (2023),2023,,,2.5L CVT AWD (232 HP),Hybrid Gasoline,,,232,,CVT,All Wheel Drive,,,,,,,,
toyota,Toyota,Camry,Camry (2023),2023,,,2.5L CVT FWD (225 HP),Hybrid Gasoline,,,225,,CVT,Front Wheel Drive,,,,,,,,
toyota,Toyota,Camry,Camry (2021),2021,2023,,2.5L e-CVT AWD (208 HP),Hybrid Gasoline,4,2487,176,221,eCVT,All Wheel Drive,,,4.5,4879,1839,1445,2824,1742
toyota,Toyota,Camry,Camry (2020),2020,,,2.5L 8AT AWD (202 HP),Gasoline,4,2487,202,249,8-speed automatic,All Wheel Drive,,,8.1,4895,1839,1450,2824,1515
toyota,Toyota,Camry,Camry (2020),2020,,,2.5L 8AT FWD (203 HP),Gasoline,4,2487,203,249,8-speed automatic,Front Wheel Drive,,,7.4,4879,1839,1445,2824,1501
toyota,Toyota,Camry,Camry (2020),2020,,,3.5L V6 8AT FWD (301 HP),Gasoline,6,3456,301,362,8-speed automatic,Front Wheel Drive,,,9,4895,1839,1450,2824,1631
toyota,Toyota,Camry,Camry (2020),2020,,,2.5L 8AT FWD (218 HP),Hybrid Gasoline,4,,218,,8-speed automatic,Front Wheel Drive,,,,4895,1839,1450,2824,
toyota,Toyota,Camry,Camry (2019),2019,2020,,3.5L V6 8AT FWD (301 HP),Gasoline,6,3456,301,362,8-Speed automatic,Front Wheel Drive,,,9.4,4943,1857,1430,2824,1620
toyota,Toyota,Camry,Camry (2017),2017,2020,,2.0L 6AT FWD (150 HP),Gasoline,4,1998,150,192,6-speed automatic,Front Wheel Drive,11,209,,4895,1839,1445,2824,
toyota,Toyota,Camry,Camry (2017),2017,2020,,2.5L 8AT FWD (203 HP),Gasoline,4,2494,206,249,8-speed automatic,Front Wheel Drive,,,6.9,4895,1839,1445,2824,1470
toyota,Toyota,Camry,Camry (2017),2017,2020,,3.5L V6 8AT FWD (301 HP),Gasoline,6,3456,305,362,8-speed automatic,Front Wheel Drive,,,9,4895,1839,1445,2824,1620
toyota,Toyota,Camry,Camry (2017),2017,2020,,2.5L eCVT FWD (208 HP),Hybrid,4,2487,178,221,eCVT,Front Wheel Drive,8.3,180,4.3,4895,1839,1445,2824,1595
toyota,Toyota,Camry,Camry (2014),2014,2017,,2.5L 6AT FWD (178 HP),Gasoline,4,2494,178,230,6-speed automatic,Front Wheel Drive,,,8.4,4849,1821,1471,2776,1470
toyota,Toyota,Camry,Camry (2014),2014,2017,,3.5L V6 6AT FWD (268 HP),Gasoline,6,3456,272,336,6-speed automatic,Front Wheel Drive,,,9.4,4849,1821,1471,2776,1579
toyota,Toyota,Camry,Camry (2014),2014,2017,,2.5L ECVT FWD (200 HP),Hybrid,4,2494,203,,E-CVT,Front Wheel Drive,,,5.7,4849,1821,1471,2776,1581
toyota,Toyota,Camry,Camry (2011),2011,2014,,2.5L 6AT FWD (178 HP),Gasoline,4,2494,180,230,6-speed automatic (ECT-i),Front Wheel Drive,8.8,190,8.4,4806,1821,1471,2776,1458
toyota,Toyota,Camry,Camry (2011),2011,2014,,3.5L 6AT FWD (268 HP),Gasoline,6,3456,272,336,6-speed automatic (ECT-i),Front Wheel Drive,7.2,220,9.4,4806,1821,1471,2776,1559
toyota,Toyota,Camry,Camry (2009),2009,2014,,2.4L Hybrid CVT FWD (187 HP),Hybrid,4,2362,149,187,Continuously Variable Transmission (CVT),Front Wheel Drive,9,209,7,4806,1821,1466,2776,1580
toyota,Toyota,Camry,Camry (2007),2007,2011,,2.4L VVTi 5MT (158 HP),Gasoline,4,2362,160.2,224,5-speed manual,Front Wheel Drive,,,8.9,4813,1820,1480,2776,1490
toyota,Toyota,Camry,Camry (2007),2007,2011,,3.5L V6 6AT (268 HP),Gasoline,6,3456,271.7,346,6-speed automatic,Front Wheel Drive,,,10.2,4813,1820,1480,2775,1570
toyota,Toyota,Camry,Camry (2004),2004,2009,,2.4L 5AT (157 HP),Gasoline,4,2362,159,220,5-speed automatic,Front Wheel Drive,,,9.8,4890,1816,1425,2720,1440
toyota,Toyota,Camry,Camry (2004),2004,2009,,2.4L 5MT (157 HP),Gasoline,4,2362,159,220,5-speed manual,Front Wheel Drive,,,,4890,1816,1425,2720,1395
toyota,Toyota,Camry,Camry (2004),2004,2009,,3.3L V6 5AT (225 HP),Gasoline,6,3311,258.5,325,5-speed automatic,Front Wheel Drive,,,11.2,4890,1816,1425,2720,1550
toyota,Toyota,Camry,Camry (2001),2001,2004,,2.4L VVT-i 4AT FWD (152 HP),Gasoline,4,2362,152,218,4-speed automatic,Front Wheel Drive,10.5,200,9.7,4821,1801,1501,2720,1390
toyota,Toyota,Camry,Camry (2001),2001,2004,,2.4L VVT-i 5MT FWD (152 HP),Gasoline,4,2362,152,218,5-speed manual,Front Wheel Drive,9.4,210,8.6,4821,1801,1501,2720,1365
toyota,Toyota,Camry,Camry (2001),2001,2004,,3.0L V6 4AT FWD (186 HP),Gasoline,6,2995,186,273,4-speed automatic,Front Wheel Drive,9.1,225,11,4823,1801,1501,2720,1475
toyota,Toyota,Camry,Camry (1997),1997,2001,,2.2L 4AT FWD (131 HP),Gasoline,4,2164,131,196,4-speed automatic,Front Wheel Drive,11.7,195,9.6,4760,1781,1430,2670,1400
toyota,Toyota,Camry,Camry (1997),1997,2001,,2.2L 5MT FWD (131 HP),Gasoline,4,2164,131,196,5-speed manual,Front Wheel Drive,10.4,200,8.8,4760,1781,1430,2670,1380
toyota,Toyota,Camry,Camry (1997),1997,2001,,3.0L 4AT FWD (190 HP),Gasoline,6,2995,190,275,4-speed automatic,Front Wheel Drive,9,220,11.6,4760,1781,1430,2670,1445
toyota,Toyota,Camry,Camry (1991),1991,1996,,2.2L 4AT FWD (136 HP),Gasoline,4,2164,136,196,4-speed automatic,Front Wheel Drive,11.8,195,8.8,4729,1770,1400,2619,1346
toyota,Toyota,Camry,Camry (1991),1991,1996,,2.2L 5MT FWD (136 HP),Gasoline,4,2164,136,196,5-speed manual,Front Wheel Drive,9.7,205,8.5,4729,1770,1400,2619,1312
toyota,Toyota,Camry,Camry (1991),1991,1996,,3.0L V6 4AT FWD (188 HP),Gasoline,6,2959,188,255,4-speed automatic,Front Wheel Drive,9,215,11.1,4729,1770,1400,2619,1462
toyota,Toyota,Camry,Camry (1987),1987,1991,,1.8L 5MT FWD (90 HP),Gasoline,4,1832,90,141,5-speed manual,Front Wheel Drive,12,170,8,4521,1709,1400,2601,1124
toyota,Toyota,Camry,Camry (1987),1987,1991,,2.0L 5MT AWD (128 HP),Gasoline,4,1998,128,179,5-speed manual,All Wheel Drive,10.1,193,8.7,4521,1709,1400,2601,1405
toyota,Toyota,Camry,Camry (1987),1987,1991,,2.0L 5MT FWD (128 HP),Gasoline,4,1998,128,179,5-speed manual,Front Wheel Drive,9.4,199,7.4,4521,1709,1400,2601,1159
toyota,Toyota,Camry,Camry (1987),1987,1991,,2.5L 5MT FWD (160 HP),Gasoline,6,2507,160,206,5-speed manual,Front Wheel Drive,9,210,9.7,4521,1709,1400,2601,1334
toyota,Toyota,Camry,Camry (1987),1987,1991,,2.0L TD 5MT FWD (84 HP),Diesel,4,1974,84,164,5-speed manual,Front Wheel Drive,14.4,170,6.1,4521,1709,1400,2601,1201
toyota,Toyota,Camry,Camry (1983),1983,1987,,1.8L 5MT FWD FWD (90 HP),Gasoline,4,1832,90,142,5-speed manual,Front Wheel Drive,12,175,7.7,4440,1689,1400,2601,1014
toyota,Toyota,Camry,Camry (1983),1983,1987,,2.0L 5MT FWD (107 HP),Gasoline,4,1995,107,,5-speed manual,Front Wheel Drive,11.5,180,,4415,1689,1369,2601,1095
toyota,Toyota,Camry,Camry (1983),1983,1987,,1.8L TD 5MT FWD (73 HP),Diesel,4,1839,73,145,5-speed manual,Front Wheel Drive,14.2,165,6.2,4440,1689,1400,2601,1100
toyota,Toyota,Camry,Camry (1983),1983,1987,,2.0L TD 5MT FWD (84 HP),Diesel,4,1974,84,164,5-speed manual,Front Wheel Drive,13.7,170,6,4440,1689,1400,2601,1108
toyota,Toyota,Celica,Celica (2002),2002,2006,,1.8L VVT-i 6MT FWD (143 HP),Gasoline,4,1794,143,170,6-Speed manual,Front Wheel Drive,8.7,205,7.7,4351,1735,1316,2601,1075
toyota,Toyota,Celica,Celica (2002),2002,2006,,1.8L VVT-i Turbo 6MT FWD (192 HP),Gasoline,4,1796,192,180,6-speed manual,Front Wheel Drive,7.4,225,8.4,4351,1740,1321,2601,1115
toyota,Toyota,Celica,Celica (1999),1999,2002,,1.8L VVT-i 6MT FWD (143 HP),Gasoline,4,1794,143,172,6-speed manual,Front Wheel Drive,8.7,205,7.7,4341,1740,1321,2601,1075
toyota,Toyota,Celica,Celica (1999),1999,2002,,1.8L VVT-i 6MT FWD (192 HP),Gasoline,4,1796,192,180,6-speed manual,Front Wheel Drive,7.4,225,8.4,4341,1740,1321,2601,1115
toyota,Toyota,Celica,Celica (1994),1994,1999,,1.8L 5MT FWD (116 HP),Gasoline,4,1762,116,154,5-speed manual,Front Wheel Drive,10.2,200,7.9,4420,1750,1300,2540,1070
toyota,Toyota,Celica,Celica (1994),1994,1999,,2.0L 5MT FWD (175 HP),Gasoline,4,1998,175,186,5-speed manual,Front Wheel Drive,8.1,225,9.1,4420,1750,1300,2540,1155
toyota,Toyota,Celica,Celica (1994),1994,1999,,2.0L Turbo 5MT AWD (245 HP),Gasoline,4,1998,242,302,5-speed manual,All Wheel Drive,6.1,245,9.5,4420,1750,1300,2540,1420
toyota,Toyota,Celica,Celica (1990),1990,1994,,1.6L 5MT FWD (103 HP),Gasoline,4,1587,105,142,5-Speed manual,Front Wheel Drive,11,195,7.1,4420,1699,1300,2520,1000
toyota,Toyota,Celica,Celica (1990),1990,1994,,2.0L 5MT FWD (154 HP),Gasoline,4,1998,156,186,5-Speed manual,Front Wheel Drive,8.4,220,7.8,4420,1699,1300,2520,1239
toyota,Toyota,Celica,Celica (1990),1990,1994,,2.0L Turbo 5MT AWD (200 HP),Gasoline,4,1998,203,275,5-speed manual,All Wheel Drive,6.9,230,11.2,4420,1699,1300,2520,1468
toyota,Toyota,Celica,Celica Convertible (1995),1995,1999,,2.0L 5MT (175 HP),Gasoline,4,1998,175,186,5-speed manual,Front Wheel Drive,8.6,215,9.9,4501,1750,1331,2540,1250
toyota,Toyota,Celica,Celica Convertible (1991),1991,1994,,2.0L 5MT (156 HP),Gasoline,4,1998,156,186,5-speed manual,Front Wheel Drive,9.3,210,8,4491,1699,1321,2520,1239
toyota,Toyota,Century,Century Sedan (2023),2023,,,5.0L V8 eCVT,Hybrid Gasoline,8,4968,,,eCVT,,,,,5334,1930,1506,3091,2370
toyota,Toyota,Century SUV,Century SUV (2023),2023,,,3.5L V6 PHEV eCVT,Plug-in Hybrid,6,,,,eCVT,All Wheel Drive,,,,5204,1989,1806,2949,2570
toyota,Toyota,Corolla,Corolla Sedan (2022),2022,,,1.8L CVT FWD (140 HP),Hybrid Gasoline,4,,140,,,Front Wheel Drive,9.2,,,,,,,
toyota,Toyota,Corolla,Corolla Sedan (2022),2022,,,2.0L CVT FWD (196 HP),Hybrid Gasoline,4,,196,,,Front Wheel Drive,7.5,,,,,,,
toyota,Toyota,Corolla,Corolla Sedan (2020),2020,2022,,1.6L VVT-i 6MT FWD (132 HP),Gasoline,4,1598,132,159,6-Speed manual,Front Wheel Drive,9.7,200,5.7,4630,1781,1435,2700,1185
toyota,Toyota,Corolla,Corolla Sedan (2020),2020,2022,,1.6L VVT-i Multidrive S FWD (132 HP),Gasoline,4,1598,132,159,,Front Wheel Drive,10.2,190,5.5,4630,1781,1435,2700,1185
toyota,Toyota,Corolla,Corolla Sedan (2020),2020,2022,,1.8L VVT-i FWD (122 HP),Hybrid,4,1798,122,142,Planetary Gear System,Front Wheel Drive,10.9,180,3.3,4630,1781,1435,2700,1310
toyota,Toyota,Corolla,Corolla Sedan (2019),2019,2022,,1.8L CVTi-S FWD (139 HP),Gasoline,4,1798,139,171,CVTi-S,Front Wheel Drive,,,7.1,4641,1781,1435,2700,
toyota,Toyota,Corolla,Corolla Sedan (2019),2019,2022,,2.0L 6MT FWD (169 HP),Gasoline,4,1987,169,205,6-Speed manual,Rear Wheel Drive,,,7.3,4641,1781,1435,2700,1386
toyota,Toyota,Corolla,Corolla Sedan (2019),2019,2022,,2.0L CVT FWD (169 HP),Gasoline,4,1987,169,205,CVT,Rear Wheel Drive,,,6.9,4641,1781,1435,2700,
toyota,Toyota,Corolla,Corolla Sedan (2019),2019,2022,,1.8L CVTi FWD (121 HP),Hybrid Gasoline,4,1798,121,142,CVTi,Front Wheel Drive,,,4.5,4641,1781,1435,2700,1383
toyota,Toyota,Corolla,Corolla Sedan (2016),2016,2019,,1.33L VVT-i 6MT FWD (99 HP),Gasoline,4,1329,99,128,6-Speed manual,Front Wheel Drive,13,180,5.8,4620,1775,1466,2700,
toyota,Toyota,Corolla,Corolla Sedan (2016),2016,2019,,1.6L Valvematic 6MT FWD (132 HP),Gasoline,4,1598,132,160,6-Speed manual,Front Wheel Drive,10.3,200,6.3,4620,1775,1466,2700,
toyota,Toyota,Corolla,Corolla Sedan (2016),2016,2019,,1.6L Valvematic CVT FWD (132 HP),Gasoline,4,1598,132,160,CVT,Front Wheel Drive,11.5,190,6.1,4620,1775,1466,2700,
toyota,Toyota,Corolla,Corolla Sedan (2016),2016,2019,,1.4L D-4D 6AT FWD (90 HP),Diesel,4,1364,90,205,6-Speed automatic,Front Wheel Drive,15.2,180,4.1,4620,1775,1466,2700,
toyota,Toyota,Corolla,Corolla Sedan (2016),2016,2019,,1.4L D-4D 6MT FWD (90 HP),Diesel,4,1364,90,205,6-Speed manual,Front Wheel Drive,12.9,180,4,4620,1775,1466,2700,
toyota,Toyota,Corolla,Corolla Sedan (2013),2013,2016,,1.33L Dual VVT-i 6MT FWD (99 HP),Gasoline,4,1329,99,127,6-speed manual,Front Wheel Drive,12.6,180,5.6,4620,1770,1466,2700,1225
toyota,Toyota,Corolla,Corolla Sedan (2013),2013,2016,,1.6L Valvematic 6MT FWD (132 HP),Gasoline,4,1796,132,160,6-speed manual,Front Wheel Drive,10,200,6,4620,1770,1466,2700,1280
toyota,Toyota,Corolla,Corolla Sedan (2013),2013,2016,,1.6L Valvematic CVT FWD (132 HP),Gasoline,4,1796,132,160,Continuously variable transmission (CVT),Front Wheel Drive,11.1,190,5.6,4620,1770,1466,2700,1290
toyota,Toyota,Corolla,Corolla Sedan (2013),2013,2016,,1.4D 6AT FWD (90 HP),Diesel,4,1329,90,205,6-speed automatic,Front Wheel Drive,14.7,180,4.1,4620,1770,1466,2700,1300
toyota,Toyota,Corolla,Corolla Sedan (2013),2013,2016,,1.4D 6MT FWD (90 HP),Diesel,4,1329,90,205,6-speed manual,Front Wheel Drive,12.5,180,4.1,4620,1770,1466,2700,1300
toyota,Toyota,Corolla,Corolla Sedan (2010),2010,2013,,1.33L Dual VVT-i 6MT FWD (100 HP),Gasoline,4,1329,99,127,6-speed manual,Front Wheel Drive,13.1,179,5.7,4544,1760,1471,2598,1280
toyota,Toyota,Corolla,Corolla Sedan (2010),2010,2013,,1.6L Dual VVT-i 6MT FWD (122 HP),Gasoline,4,1598,124,157,6-speed manual,Front Wheel Drive,10.4,192,5.1,4544,1760,1471,2598,1290
toyota,Toyota,Corolla,Corolla Sedan (2010),2010,2013,,1.6L Valvematic 6MT FWD (130 HP),Gasoline,4,1598,132,160,6-speed manual,Front Wheel Drive,10,200,6.4,4544,1760,1471,2598,1305
toyota,Toyota,Corolla,Corolla Sedan (2010),2010,2013,,1.4L D-4D 6MT FWD (90 HP),Diesel,4,1364,90,205,6-speed manual,Front Wheel Drive,11.9,174,4.7,4544,1760,1471,2598,1310
toyota,Toyota,Corolla,Corolla Sedan (2010),2010,2013,,2.0L D-4D 6MT FWD (126 HP),Diesel,4,1998,126,309,6-speed manual,Front Wheel Drive,10.1,200,5.2,4544,1760,1471,2598,1435
toyota,Toyota,Corolla,Corolla Sedan (2007),2007,2009,,1.6L VVT-i 5AT FWD (124 HP),Gasoline,4,1598,124,157,5-speed automatic,Front Wheel Drive,12.1,195,6.7,4539,1760,1471,2601,1220
toyota,Toyota,Corolla,Corolla Sedan (2007),2007,2009,,1.6L VVT-i 5AT FWD (132 HP),Gasoline,4,1598,132,160,5-speed automatic,Front Wheel Drive,12,200,6.1,4539,1760,1471,2601,1250
toyota,Toyota,Corolla,Corolla Sedan (2007),2007,2009,,1.6L VVT-i 5MT FWD (124 HP),Gasoline,4,1598,124,157,5-speed manual,Front Wheel Drive,10.4,195,6.9,4539,1760,1471,2601,1215
toyota,Toyota,Corolla,Corolla Sedan (2007),2007,2009,,1.6L VVT-i 5MT FWD (132 HP),Gasoline,4,1598,132,160,5-speed manual,Front Wheel Drive,10,200,6.4,4539,1760,1471,2601,1230
toyota,Toyota,Corolla,Corolla Sedan (2007),2007,2009,,1.8L 4AT FWD (126 HP),Gasoline,4,1794,128,165,4-speed automatic,Front Wheel Drive,,,,4539,1760,1471,2601,1186
toyota,Toyota,Corolla,Corolla Sedan (2007),2007,2009,,1.8L 5MT FWD (126 HP),Gasoline,4,1794,128,165,5-speed manual,Front Wheel Drive,,,,4539,1760,1471,2601,1148
toyota,Toyota,Corolla,Corolla Sedan (2007),2007,2009,,1.4L D-4D 6AT FWD (90 HP),Diesel,4,1364,90,205,6-speed automatic,Front Wheel Drive,14.8,175,4.8,4539,1760,1471,2601,1260
toyota,Toyota,Corolla,Corolla Sedan (2007),2007,2009,,1.4L D-4D 6MT FWD (90 HP),Diesel,4,1364,90,205,6-speed manual,Front Wheel Drive,11.9,174,4.6,4539,1760,1471,2601,1240
toyota,Toyota,Corolla,Corolla Sedan (2007),2007,2009,,2.0L D-4D 6MT FWD (126 HP),Diesel,4,1998,126,300,6-speed manual,Front Wheel Drive,10.3,200,5.7,4539,1760,1471,2601,1385
toyota,Toyota,Corolla,Corolla Sedan (2004),2004,2007,,1.4L VVT-i 5MT FWD (97 HP),Gasoline,4,1398,97,130,5-speed manual,Front Wheel Drive,12,185,6.7,4409,1709,1471,2601,1115
toyota,Toyota,Corolla,Corolla Sedan (2004),2004,2007,,1.6L VVT-i 4AT FWD (110 HP),Gasoline,4,1598,110,150,4-speed automatic,Front Wheel Drive,11.8,175,7.8,4409,1709,1471,2601,1160
toyota,Toyota,Corolla,Corolla Sedan (2004),2004,2007,,1.6L VVT-i 5MT FWD (110 HP),Gasoline,4,1598,110,150,5-speed manual,Front Wheel Drive,10.2,190,7,4409,1709,1471,2601,1120
toyota,Toyota,Corolla,Corolla Sedan (2004),2004,2007,,1.4L D4-D 5AT FWD (90 HP),Diesel,4,1364,90,190,5-speed automatic,Front Wheel Drive,14.5,180,4.8,4409,1709,1471,2601,1175
toyota,Toyota,Corolla,Corolla Sedan (2004),2004,2007,,1.4L D4-D 5MT FWD (90 HP),Diesel,4,1364,90,190,5-speed manual,Front Wheel Drive,13.3,180,4.8,4409,1709,1471,2601,1175
toyota,Toyota,Corolla,Corolla Sedan (2004),2004,2007,,2.0L D4-D 5MT FWD (90 HP),Diesel,4,1995,90,215,5-speed manual,Front Wheel Drive,12.6,180,5.7,4409,1709,1471,2601,1290
toyota,Toyota,Corolla,Corolla Sedan (2002),2002,2004,,1.4L VVTi 5MT FWD (97 HP),Gasoline,4,1398,97,130,5-speed manual,Front Wheel Drive,12,185,6.7,4379,1709,1471,2601,1110
toyota,Toyota,Corolla,Corolla Sedan (2002),2002,2004,,1.6L VVTi 4AT FWD (110 HP),Gasoline,4,1598,110,150,5-speed manual,Front Wheel Drive,11.8,175,7.8,4379,1709,1471,2601,1155
toyota,Toyota,Corolla,Corolla Sedan (2002),2002,2004,,1.6L VVTi 5MT FWD (110 HP),Gasoline,4,1598,110,150,5-speed manual,Front Wheel Drive,10.2,190,6.9,4379,1709,1471,2601,1115
toyota,Toyota,Corolla,Corolla Sedan (2002),2002,2004,,2.0L D4-D 5MT FWD (90 HP),Diesel,4,1995,90,215,5-speed manual,Front Wheel Drive,12.6,180,5.7,4379,1709,1471,2601,1245
toyota,Toyota,Corolla,Corolla Sedan (2002),2002,2008,,1.8L GLi 5MT FWD (135 HP),Gasoline,4,1794,137,171,5-speed manual,Front Wheel Drive,,,,4529,1699,1476,2464,1178
toyota,Toyota,Corolla,Corolla Sedan (2002),2002,2008,,1.8L VVTi 4AT FWD (125 HP),Gasoline,4,1794,127,165,4-speed automatic,Front Wheel Drive,,,7.8,4529,1699,1476,2464,1127
toyota,Toyota,Corolla,Corolla Sedan (2002),2002,2008,,1.8L VVTi 5MT FWD (125 HP),Gasoline,4,1794,127,165,5-speed manual,Front Wheel Drive,,,7.6,4529,1699,1476,2464,1211
toyota,Toyota,Corolla,Corolla Sedan (2002),2002,2008,,1.8L VVTi 6MT FWD (164 HP),Gasoline,4,1794,166,169,6-speed manual,Front Wheel Drive,,,,4529,1699,1476,2464,1211
toyota,Toyota,Corolla,Corolla Sedan (2000),2000,2002,,1.6L VVT-i 4AT FWD (110 HP),Gasoline,4,1598,110,150,4-speed automatic,Front Wheel Drive,11.6,175,7.8,4321,1689,1379,2461,1065
toyota,Toyota,Corolla,Corolla Sedan (2000),2000,2002,,1.6L VVT-i 5MT FWD (110 HP),Gasoline,4,1598,110,150,5-speed manual,Front Wheel Drive,10,195,7,4321,1689,1379,2461,1030
toyota,Toyota,Corolla,Corolla Sedan (2000),2000,2002,,1.9L D 5MT FWD (69 HP),Diesel,4,1867,69,125,5-speed manual,Front Wheel Drive,15.6,165,6.5,4321,1689,1379,2461,1095
toyota,Toyota,Corolla,Corolla Sedan (2000),2000,2002,,2.0L D4-D 5MT FWD (89 HP),Diesel,4,1995,89,215,5-speed manual,Front Wheel Drive,12.9,180,5.8,4321,1689,1379,2461,1169
toyota,Toyota,Corolla,Corolla Sedan (1997),1997,2000,,1.3i 5MT FWD (86 HP),Gasoline,4,1332,86,120,5-speed manual,Front Wheel Drive,12.5,175,6.9,4300,1689,1379,2461,1000
toyota,Toyota,Corolla,Corolla Sedan (1997),1997,2000,,1.3i 5MT FWD (86 HP),Gasoline,4,1332,86,120,3-speed automatic,Front Wheel Drive,16.1,166,7.9,4300,1689,1379,2461,1030
toyota,Toyota,Corolla,Corolla Sedan (1997),1997,2000,,1.6L 4AT FWD (110 HP),Gasoline,4,1587,110,145,4-speed automatic,Front Wheel Drive,12.6,175,8.7,4300,1689,1379,2461,1065
toyota,Toyota,Corolla,Corolla Sedan (1997),1997,2000,,1.6L 5MT FWD (110 HP),Gasoline,4,1587,110,145,5-speed manual,Front Wheel Drive,10.2,195,8,4300,1689,1379,2461,1035
toyota,Toyota,Corolla,Corolla Sedan (1997),1997,2000,,2.0L D 5MT FWD (72 HP),Diesel,4,1975,72,131,5-speed manual,Front Wheel Drive,14.4,165,6.3,4300,1689,1379,2461,1100
toyota,Toyota,Corolla,Corolla Sedan (1992),1992,1997,,1.3i 3AT FWD (75 HP),Gasoline,4,1332,75,115,3-speed automatic,Front Wheel Drive,16.5,159,7.2,4270,1679,1379,2461,1015
toyota,Toyota,Corolla,Corolla Sedan (1992),1992,1997,,1.3i 3AT FWD (88 HP),Gasoline,4,1332,88,111,3-speed automatic,Front Wheel Drive,16.2,166,7.6,4270,1679,1379,2461,1004
toyota,Toyota,Corolla,Corolla Sedan (1992),1992,1997,,1.3i 5MT FWD (75 HP),Gasoline,4,1332,75,115,5-speed manual,Front Wheel Drive,12.8,170,6.7,4270,1679,1379,2461,990
toyota,Toyota,Corolla,Corolla Sedan (1992),1992,1997,,1.3i 5MT FWD (88 HP),Gasoline,4,1332,88,111,5-speed manual,Front Wheel Drive,11.5,175,6.7,4270,1679,1379,2461,980
toyota,Toyota,Corolla,Corolla Sedan (1992),1992,1997,,1.6i 4AT FWD (114 HP),Gasoline,4,1587,114,145,4-speed automatic,Front Wheel Drive,12,180,7.2,4270,1679,1379,2461,1058
toyota,Toyota,Corolla,Corolla Sedan (1992),1992,1997,,1.6i 5MT FWD (114 HP),Gasoline,4,1587,114,145,5-speed manual,Front Wheel Drive,10,195,7.2,4270,1679,1379,2461,1024
toyota,Toyota,Corolla,Corolla Sedan (1992),1992,1997,,2.0L D 5MT FWD (72 HP),Diesel,4,1975,72,131,5-speed manual,Front Wheel Drive,14.1,165,5.6,4270,1679,1379,2461,1075
toyota,Toyota,Corolla,Corolla Touring (2022),2022,,,1.8L CVT FWD (140 HP),Hybrid Gasoline,4,1798,98,142,CVT,Front Wheel Drive,,180,4.6,4651,1791,1435,2700,
toyota,Toyota,Corolla,Corolla Touring (2022),2022,,,2.0L CVT FWD (196 HP),Hybrid Gasoline,4,1987,152,190,CVT,Front Wheel Drive,,180,5.3,4651,1791,1435,2700,
toyota,Toyota,Corolla,Corolla Touring (2018),2018,2022,,1.2L VVT-i 6MT FWD (114 HP),Gasoline,4,1197,114,185,6-Speed manual,Front Wheel Drive,9.3,200,,4651,1791,1435,2700,1305
toyota,Toyota,Corolla,Corolla Touring (2018),2018,2022,,1.2L VVT-i CVT FWD (114 HP),Gasoline,4,1197,114,185,CVT,Front Wheel Drive,9.3,200,,4651,1791,1435,2700,1315
toyota,Toyota,Corolla,Corolla Touring (2018),2018,2022,,1.8L VVT-i FWD (122 HP),Hybrid,4,1798,122,142,Planetary Gear System,Front Wheel Drive,10.9,180,,4651,1791,1435,2700,1290
toyota,Toyota,Corolla,Corolla Touring (2018),2018,2022,,2.0L VVT-i FWD (180 HP),Hybrid,4,1987,152,190,Planetary Gear System,Front Wheel Drive,7.9,180,3.7,4651,1791,1435,2700,1370
toyota,Toyota,Corolla,Corolla (2016),2016,2018,,1.8L 6MT FWD (132 HP),Gasoline,4,1798,133.8,174,6-speed manual,Front Wheel Drive,,,7.8,4651,1775,1455,2700,1297
toyota,Toyota,Corolla,Corolla (2016),2016,2018,,1.8L CVT FWD (132 HP),Gasoline,4,1798,133.8,174,CVT,Front Wheel Drive,,,6.9,4651,1775,1455,2700,1309
toyota,Toyota,Corolla,Corolla (2014),2014,2020,,1.6L CVT FWD (122 HP),Gasoline,4,1598,122,155,6 speed manual,Front Wheel Drive,,,,4620,1775,1461,2700,1245
toyota,Toyota,Corolla,Corolla (2014),2014,2020,,1.8L CVT FWD (139 HP),Gasoline,4,1798,139,174,CVT with 7-speed Sports Sequential Shift,Front Wheel Drive,,,,4620,1775,1461,2700,1270
toyota,Toyota,Corolla,Corolla (2014),2014,2020,,2.0L CVT FWD (145 HP),Gasoline,4,1987,145,187,CVT with 7-speed Sports Sequential Shift,Front Wheel Drive,,,,4620,1775,1461,2700,1300
toyota,Toyota,Corolla,Corolla (US) (2018),2018,2023,,1.2L 6MT FWD (116 HP),Gasoline,4,1196,116,185,6-Speed manual,Front Wheel Drive,9.6,200,5.2,4315,1775,1450,2639,1240
toyota,Toyota,Corolla,Corolla (US) (2018),2018,2023,,1.2L CVT FWD (116 HP),Gasoline,4,1196,116,185,CVT,Front Wheel Drive,10.3,200,5.6,4315,1775,1450,2639,1255
toyota,Toyota,Corolla,Corolla (US) (2018),2018,2023,,2.0L D-4S 6MT FWD (168 HP),Gasoline,4,1987,168,205,6-Speed manual,Front Wheel Drive,,,7.6,4315,1775,1450,2639,1388
toyota,Toyota,Corolla,Corolla (US) (2018),2018,2023,,2.0L D-4S CVT FWD (168 HP),Gasoline,4,1987,168,205,CVT,Front Wheel Drive,,,6.5,4315,1775,1450,2639,1388
toyota,Toyota,Corolla,Corolla (US) (2018),2018,2023,,1.8L CVT FWD (122 HP),Hybrid,4,1798,168,163,CVT,Front Wheel Drive,10.9,180,3.3,4315,1775,1450,2639,1285
toyota,Toyota,Corolla,Corolla (US) (2018),2018,2023,,2.0L CVT FWD (180 HP),Hybrid,4,1987,180,202,CVT,Front Wheel Drive,7.9,180,3.7,4315,1775,1450,2639,1340
toyota,Toyota,Corolla,Corolla (US) (2013),2013,2016,,1.8L Valvematic CVT FWD (140 HP),Gasoline,4,1797,140,171,CVT,Front Wheel Drive,,,6.7,4638,1775,1455,2700,1295
toyota,Toyota,Corolla,Corolla (US) (2013),2013,2016,,1.8L VVT-i 4AT FWD (132 HP),Gasoline,4,1797,133,174,4-speed automatic,Front Wheel Drive,,,7.6,4638,1775,1455,2700,1279
toyota,Toyota,Corolla,Corolla (US) (2013),2013,2016,,1.8L VVT-i 6MT FWD (132 HP),Gasoline,4,1797,133,174,6-speed manual,Front Wheel Drive,,,7.6,4638,1775,1455,2700,1270
toyota,Toyota,Corolla,Corolla (US) (2013),2013,2016,,1.8L VVTi 4AT FWD (132 HP),Gasoline,4,1798,133,174,4-speed automatic,Front Wheel Drive,,,7.6,4638,1775,1455,2700,1279
toyota,Toyota,Corolla,Corolla (US) (2013),2013,2016,,1.8L VVTi 6MT FWD (132 HP),Gasoline,4,1798,133,174,6-speed manual,Front Wheel Drive,,,7.6,4638,1775,1455,2700,1270
toyota,Toyota,Corolla,Corolla (US) (2013),2013,2016,,1.8L VVTi CVT (140 HP),Gasoline,4,1798,142,171,CVT,Front Wheel Drive,,,6.7,4638,1775,1455,2700,1295
toyota,Toyota,Corolla,Corolla (US) (2013),2013,2016,,1.8L VVTi CVT FWD (132 HP),Gasoline,4,1798,133,174,CVT,Front Wheel Drive,,,7.4,4638,1775,1455,2700,1295
toyota,Toyota,Corolla,Corolla 3 Doors (2004),2004,2007,,1.4L VVT-i 5MT FWD (97 HP),Gasoline,4,1398,97,130,5-speed manual,Front Wheel Drive,12,185,6.7,4181,1709,1481,2601,1130
toyota,Toyota,Corolla,Corolla 3 Doors (2004),2004,2007,,1.6L VVT-i 4AT FWD (110 HP),Gasoline,4,1598,110,150,4-speed automatic,Front Wheel Drive,11.8,175,7.8,4181,1709,1481,2601,1175
toyota,Toyota,Corolla,Corolla 3 Doors (2004),2004,2007,,1.6L VVT-i 5MT FWD (110 HP),Gasoline,4,1598,110,150,5-speed manual,Front Wheel Drive,10.2,190,7,4181,1709,1481,2601,1135
toyota,Toyota,Corolla,Corolla 3 Doors (2004),2004,2007,,1.8L VVTL-i Sport Compressor 6MT FWD (218 HP),Gasoline,4,1794,218,215,6-speed manual,Front Wheel Drive,6.9,230,9,4181,1709,1481,2601,1215
toyota,Toyota,Corolla,Corolla 3 Doors (2004),2004,2007,,1.8L VVTL-i Sport Compressor 6MT FWD (225 HP),Gasoline,4,1794,224,230,6-speed manual,Front Wheel Drive,6.8,235,9,4181,1709,1481,2601,1215
toyota,Toyota,Corolla,Corolla 3 Doors (2004),2004,2007,,1.8L VVTL-i T Sport 6MT FWD (192 HP),Gasoline,4,1794,192,180,6-speed manual,Front Wheel Drive,8.4,225,8.3,4181,1709,1481,2601,1220
toyota,Toyota,Corolla,Corolla 3 Doors (2004),2004,2007,,1.4L D4-D 5AT FWD (90 HP),Diesel,4,1364,90,190,5-speed automatic,Front Wheel Drive,14.5,180,4.8,4181,1709,1481,2601,1190
toyota,Toyota,Corolla,Corolla 3 Doors (2004),2004,2007,,1.4L D4-D 5MT FWD (90 HP),Diesel,4,1364,90,190,5-speed manual,Front Wheel Drive,13.3,180,4.8,4181,1709,1481,2601,1190
toyota,Toyota,Corolla,Corolla 3 Doors (2004),2004,2007,,2.0L D4-D 5MT FWD (116 HP),Diesel,4,1995,116,280,5-speed manual,Front Wheel Drive,10.6,185,5.6,4181,1709,1481,2601,1290
toyota,Toyota,Corolla,Corolla 3 Doors (2002),2002,2004,,1.4L VVT-i 5MT FWD (97 HP),Gasoline,4,1398,97,130,5-speed manual,Front Wheel Drive,12,185,6.7,4181,1709,1481,2601,1125
toyota,Toyota,Corolla,Corolla 3 Doors (2002),2002,2004,,1.6L VVT-i 5AT FWD (110 HP),Gasoline,4,1598,110,150,5-speed automatic,Front Wheel Drive,11.8,175,7.8,4181,1709,1481,2601,1170
toyota,Toyota,Corolla,Corolla 3 Doors (2002),2002,2004,,1.6L VVT-i 5MT FWD (110 HP),Gasoline,4,1598,110,150,5-speed manual,Front Wheel Drive,10.2,190,7,4181,1709,1481,2601,1130
toyota,Toyota,Corolla,Corolla 3 Doors (2002),2002,2004,,1.8L VVT-i Turbo 6MT FWD (192 HP),Gasoline,4,1794,192,180,6-speed manual,Front Wheel Drive,8.4,225,8.3,4181,1709,1481,2601,1210
toyota,Toyota,Corolla,Corolla 3 Doors (2002),2002,2004,,2.0L D4-D 5MT FWD (110 HP),Diesel,4,1995,110,250,5-speed manual,Front Wheel Drive,10.9,185,5.7,4181,1709,1481,2601,1290
toyota,Toyota,Corolla,Corolla 3 Doors (2002),2002,2004,,2.0L D4-D 5MT FWD (116 HP),Diesel,4,1995,116,280,5-speed manual,Front Wheel Drive,10.6,185,5.6,4181,1709,1481,2601,1290
toyota,Toyota,Corolla,Corolla 3 Doors (2002),2002,2004,,2.0L D4-D 5MT FWD (90 HP),Diesel,4,1995,90,215,5-speed manual,Front Wheel Drive,12.6,180,5.7,4181,1709,1481,2601,1270
toyota,Toyota,Corolla,Corolla 3 Doors (2000),2000,2002,,1.4L VVT-i 5MT (96 HP),Gasoline,4,1398,97,130,5-speed manual,Front Wheel Drive,11.8,185,6.8,4120,1689,1379,2461,1020
toyota,Toyota,Corolla,Corolla 3 Doors (2000),2000,2002,,1.6L VVT-i 4AT (110 HP),Gasoline,4,1598,110,150,4-speed automatic,Front Wheel Drive,11.6,175,7.8,4120,1689,1379,2461,1075
toyota,Toyota,Corolla,Corolla 3 Doors (2000),2000,2002,,1.6L VVT-i 5MT (110 HP),Gasoline,4,1598,110,150,5-speed manual,Front Wheel Drive,10,195,7,4120,1689,1379,2461,1040
toyota,Toyota,Corolla,Corolla 3 Doors (2000),2000,2002,,1.9L D 5MT (69 HP),Diesel,4,1867,69,125,5-speed manual,Front Wheel Drive,15.6,165,6.5,4120,1689,1379,2461,1105
toyota,Toyota,Corolla,Corolla 3 Doors (2000),2000,2002,,2.0L D4-D 5MT (89 HP),Diesel,4,1995,89,215,5-speed manual,Front Wheel Drive,12.9,180,5.8,4120,1689,1379,2461,1170
toyota,Toyota,Corolla,Corolla 3 Doors (1997),1997,2000,,1.3L 3AT FWD (86 HP),Gasoline,4,1332,86,120,3-speed automatic,Front Wheel Drive,16.1,166,7.9,4300,1689,1379,2461,1045
toyota,Toyota,Corolla,Corolla 3 Doors (1997),1997,2000,,1.3L 5MT FWD (86 HP),Gasoline,4,1332,86,120,5-speed manual,Front Wheel Drive,12.5,175,6.9,4300,1689,1379,2461,1000
toyota,Toyota,Corolla,Corolla 3 Doors (1997),1997,2000,,1.6L 5MT FWD (110 HP),Gasoline,4,1587,110,145,5-speed manual,Front Wheel Drive,10.2,195,8,4300,1689,1379,2461,1035
toyota,Toyota,Corolla,Corolla 3 Doors (1997),1997,2000,,2.0L D 5MT FWD (72 HP),Diesel,4,1975,72,131,5-speed manual,Front Wheel Drive,14.4,165,6.3,4300,1689,1379,2461,1100
toyota,Toyota,Corolla,Corolla 3 Doors (1992),1992,1997,,1.3L 3AT FWD (75 HP),Gasoline,4,1332,75,115,3-speed automatic,Front Wheel Drive,16.6,159,7.2,4100,1679,1379,2461,1017
toyota,Toyota,Corolla,Corolla 3 Doors (1992),1992,1997,,1.3L 3AT FWD (88 HP),Gasoline,4,1332,88,111,3-speed automatic,Front Wheel Drive,16.2,166,7.6,4100,1679,1379,2461,1013
toyota,Toyota,Corolla,Corolla 3 Doors (1992),1992,1997,,1.3L 5MT FWD (75 HP),Gasoline,4,1332,75,115,5-speed manual,Front Wheel Drive,12.8,170,6.7,4100,1679,1379,2461,990
toyota,Toyota,Corolla,Corolla 3 Doors (1992),1992,1997,,1.3L 5MT FWD (88 HP),Gasoline,4,1332,88,111,5-speed manual,Front Wheel Drive,11.5,175,6.7,4100,1679,1379,2461,981
toyota,Toyota,Corolla,Corolla 3 Doors (1992),1992,1997,,1.6L 4AT FWD (114 HP),Gasoline,4,1587,114,145,4-speed automatic,Front Wheel Drive,12,180,7.2,4100,1679,1379,2461,1069
toyota,Toyota,Corolla,Corolla 3 Doors (1992),1992,1997,,1.6L 5MT FWD (114 HP),Gasoline,4,1587,114,145,5-speed manual,Front Wheel Drive,10.4,195,7.2,4100,1679,1379,2461,1040
toyota,Toyota,Corolla,Corolla 3 Doors (1992),1992,1997,,2.0L D 5MT FWD (72 HP),Diesel,4,1975,72,131,5-speed manual,Front Wheel Drive,14.1,165,5.6,4100,1679,1379,2461,1077
toyota,Toyota,Corolla,Corolla 3 Doors (1987),1987,1992,,1.3i 3AT FWD (82 HP),Gasoline,4,1295,82,104,3-speed automatic,Front Wheel Drive,,,8,4001,1661,1359,2431,935
toyota,Toyota,Corolla,Corolla 3 Doors (1987),1987,1992,,1.3i 5MT FWD (82 HP),Gasoline,4,1295,82,104,5-speed manual,Front Wheel Drive,11.5,165,7.1,4001,1661,1359,2431,935
toyota,Toyota,Corolla,Corolla 3 Doors (1987),1987,1992,,1.3L 3AT FWD (75 HP),Gasoline,4,1295,75,103,3-speed automatic,Front Wheel Drive,17,154,7.3,4001,1661,1359,2431,945
toyota,Toyota,Corolla,Corolla 3 Doors (1987),1987,1992,,1.3L 4MT FWD (75 HP),Gasoline,4,1295,75,103,4-speed automatic,Front Wheel Drive,11.7,155,7.1,4001,1661,1359,2431,915
toyota,Toyota,Corolla,Corolla 3 Doors (1987),1987,1992,,1.6i 5MT FWD (105 HP),Gasoline,4,1587,105,142,5-speed manual,Front Wheel Drive,10.4,180,7.3,4001,1661,1359,2431,980
toyota,Toyota,Corolla,Corolla 3 Doors (1987),1987,1992,,1.6i 5MT FWD (125 HP),Gasoline,4,1587,125,145,5-speed manual,Front Wheel Drive,8.5,195,7.4,4001,1661,1359,2431,1033
toyota,Toyota,Corolla,Corolla 3 Doors (1987),1987,1992,,1.6L 5MT FWD (90 HP),Gasoline,4,1587,90,135,5-speed manual,Front Wheel Drive,10.8,175,7.3,4001,1661,1359,2431,969
toyota,Toyota,Corolla,Corolla 3 Doors (1987),1987,1992,,1.8L D 5MT FWD (64 HP),Diesel,4,1839,64,118,5-speed manual,Front Wheel Drive,14.5,160,5.8,4001,1661,1359,2431,1027
toyota,Toyota,Corolla,Corolla 3 Doors (1987),1987,1992,,1.8L D 5MT FWD (67 HP),Diesel,4,1839,67,122,5-speed manual,Front Wheel Drive,14.5,160,5.9,4001,1661,1359,2431,1027
toyota,Toyota,Corolla,Corolla 5 Doors (2004),2004,2007,,1.4L VVT-i 5MT FWD (90 HP),Gasoline,4,1398,90,130,5-Speed manual,Front Wheel Drive,12,185,6.7,4181,1709,1481,2601,1130
toyota,Toyota,Corolla,Corolla 5 Doors (2004),2004,2007,,1.6L VVT-i 5MT FWD (110 HP),Gasoline,4,1598,110,150,5-Speed manual,Front Wheel Drive,10.2,190,7,4181,1709,1481,2601,1135
toyota,Toyota,Corolla,Corolla 5 Doors (2004),2004,2007,,1.8L VVT-i Turbo 5MT FWD (192 HP),Gasoline,4,1794,192,180,5-Speed manual,Front Wheel Drive,8.4,225,8.3,4181,1709,1481,2601,1220
toyota,Toyota,Corolla,Corolla 5 Doors (2004),2004,2007,,1.8L VVTL-i Sport Compressor 5MT FWD (225 HP),Gasoline,4,1794,225,230,5-Speed manual,Front Wheel Drive,6.8,235,9,4181,1709,1481,2601,1225
toyota,Toyota,Corolla,Corolla 5 Doors (2004),2004,2007,,1.4L D4-D 5AT FWD (90 HP),Diesel,4,1364,90,190,5-speed automatic,Front Wheel Drive,14.5,180,4.8,4181,1709,1481,2601,1190
toyota,Toyota,Corolla,Corolla 5 Doors (2004),2004,2007,,1.4L D4-D 5MT FWD (90 HP),Diesel,4,1364,90,190,5-Speed manual,Front Wheel Drive,13.3,180,4.8,4181,1709,1481,2601,1190
toyota,Toyota,Corolla,Corolla 5 Doors (2004),2004,2007,,2.0L D4-D 5MT FWD (116 HP),Diesel,4,1995,116,280,5-Speed manual,Front Wheel Drive,10.6,185,5.6,4181,1709,1481,2601,1290
toyota,Toyota,Corolla,Corolla 5 Doors (2002),2002,2004,,1.4L VVTi 5MT FWD (97 HP),Gasoline,4,1398,97,130,5-Speed manual,Front Wheel Drive,12,185,6.7,4181,1709,1481,2601,1125
toyota,Toyota,Corolla,Corolla 5 Doors (2002),2002,2004,,1.6L VVTi 5MT FWD (110 HP),Gasoline,4,1598,110,150,5-Speed manual,Front Wheel Drive,10.2,190,7,4181,1709,1481,2601,1130
toyota,Toyota,Corolla,Corolla 5 Doors (2002),2002,2004,,1.8L VVT-i Turbo 6MT FWD (192 HP),Gasoline,4,1794,192,180,6-Speed manual,Front Wheel Drive,8.4,225,8.3,4181,1709,1481,2601,1210
toyota,Toyota,Corolla,Corolla 5 Doors (2002),2002,2004,,2.0L D4-D 5MT (90 HP),Diesel,4,1995,90,215,5-Speed manual,Front Wheel Drive,12.6,180,5.7,4181,1709,1481,2601,1270
toyota,Toyota,Corolla,Corolla 5 Doors (2002),2002,2004,,2.0L D4-D 5MT FWD (110 HP),Diesel,4,1995,110,250,5-Speed manual,Front Wheel Drive,10.9,185,5.7,4181,1709,1481,2601,1290
toyota,Toyota,Corolla,Corolla 5 Doors (2002),2002,2004,,2.0L D4-D 5MT FWD (116 HP),Diesel,4,1995,116,280,5-Speed manual,Front Wheel Drive,10.6,185,5.6,4181,1709,1481,2601,1290
toyota,Toyota,Corolla,Corolla 5 Doors (2000),2000,2002,,1.4L VVT-i 5MT FWD (96 HP),Gasoline,4,1398,96,130,5-Speed manual,Front Wheel Drive,11.8,185,6.8,4290,1689,1379,2461,1060
toyota,Toyota,Corolla,Corolla 5 Doors (2000),2000,2002,,1.6L VVT-i 5MT FWD (110 HP),Gasoline,4,1598,110,150,5-Speed manual,Front Wheel Drive,10,195,7,4290,1689,1379,2461,1075
toyota,Toyota,Corolla,Corolla 5 Doors (2000),2000,2002,,1.9L D 5MT FWD (69 HP),Diesel,4,1867,69,125,5-Speed manual,Front Wheel Drive,19.7,165,6.6,4290,1689,1379,2461,1140
toyota,Toyota,Corolla,Corolla 5 Doors (2000),2000,2002,,2.0L D4-D 5MT FDW (90 HP),Diesel,4,1995,90,215,5-Speed manual,Front Wheel Drive,12.9,180,5.8,4290,1689,1379,2461,1205
toyota,Toyota,Corolla,Corolla 5 Doors (1997),1997,2000,,1.3L 5MT FWD (86 HP),Gasoline,4,1332,86,120,5-Speed manual,Front Wheel Drive,12.5,175,6.9,4270,1689,1379,2461,1035
toyota,Toyota,Corolla,Corolla 5 Doors (1997),1997,2000,,1.6L 5MT FWD (110 HP),Gasoline,4,1587,110,145,5-Speed manual,Front Wheel Drive,10.2,195,8,4270,1689,1379,2461,1070
toyota,Toyota,Corolla,Corolla 5 Doors (1997),1997,2000,,2.0L D 5MT FWD (72 HP),Diesel,4,1975,72,131,5-Speed manual,Front Wheel Drive,14.4,165,6.4,4270,1689,1379,2461,1135
toyota,Toyota,Corolla,Corolla 5 Doors (1992),1992,1997,,1.3L 5MT FWD (75 HP),Gasoline,4,1332,75,115,5-Speed manual,Front Wheel Drive,12.8,170,6.7,4100,1679,1379,2461,1001
toyota,Toyota,Corolla,Corolla 5 Doors (1992),1992,1997,,1.3L 5MT FWD (88 HP),Gasoline,4,1332,88,111,5-Speed manual,Front Wheel Drive,11.5,175,6.7,4100,1679,1379,2461,997
toyota,Toyota,Corolla,Corolla 5 Doors (1992),1992,1997,,1.6L 5MT FWD (114 HP),Gasoline,4,1587,114,145,5-Speed manual,Front Wheel Drive,10,195,7.2,4100,1679,1379,2461,1035
toyota,Toyota,Corolla,Corolla 5 Doors (1992),1992,1997,,2.0L D 5MT FWD (72 HP),Gasoline,4,1975,72,131,5-Speed manual,Front Wheel Drive,14.1,165,5.6,4100,1679,1379,2461,1085
toyota,Toyota,Corolla,Corolla 5 Doors (1987),1987,1992,,1.3i 5MT FWD (82 HP),Gasoline,4,1295,82,104,5-speed manual,Front Wheel Drive,11.5,165,7.1,4001,1661,1359,2431,935
toyota,Toyota,Corolla,Corolla 5 Doors (1987),1987,1992,,1.3L 5MT FWD (75 HP),Gasoline,4,1295,75,103,5-speed manual,Front Wheel Drive,11.7,160,6.6,4001,1661,1359,2431,917
toyota,Toyota,Corolla,Corolla 5 Doors (1987),1987,1992,,1.6i 5MT FWD (105 HP),Gasoline,4,1587,105,142,5-speed manual,Front Wheel Drive,10.4,180,7.3,4001,1661,1359,2431,990
toyota,Toyota,Corolla,Corolla 5 Doors (1987),1987,1992,,1.6L 5MT FWD (90 HP),Gasoline,4,1587,90,135,5-speed manual,Front Wheel Drive,10.8,175,7.3,4001,1661,1359,2431,986
toyota,Toyota,Corolla,Corolla 5 Doors (1987),1987,1992,,1.8L D 5MT FWD (64 HP),Diesel,4,1839,64,118,5-speed manual,Front Wheel Drive,14.5,160,5.8,4001,1661,1359,2431,1037
toyota,Toyota,Corolla,Corolla Liftback (1992),1992,1997,,1.3i 5MT FWD (88 HP),Gasoline,4,1332,88,111,5-speed manual,Front Wheel Drive,11.5,175,6.7,4300,1679,1379,2461,1020
toyota,Toyota,Corolla,Corolla Liftback (1992),1992,1997,,1.6i 4AT FWD (114 HP),Gasoline,4,1587,114,145,4-speed automatic,Front Wheel Drive,12,180,7.2,4300,1679,1379,2461,1089
toyota,Toyota,Corolla,Corolla Liftback (1992),1992,1997,,1.6i 5MT FWD (114 HP),Gasoline,4,1587,114,145,5-speed manual,Front Wheel Drive,10,195,7.2,4300,1679,1379,2461,1048
toyota,Toyota,Corolla,Corolla Liftback (1992),1992,1997,,2.0L D 5MT FWD (72 HP),Diesel,4,1975,72,131,5-speed manual,Front Wheel Drive,14.1,165,5.5,4300,1679,1379,2461,1098
toyota,Toyota,Corolla,Corolla Liftback (1987),1987,1992,,1.3L 3AT FWD (75 HP),Gasoline,4,1295,75,103,3-speed automatic,Front Wheel Drive,17,154,7.2,4219,1661,1359,2431,984
toyota,Toyota,Corolla,Corolla Liftback (1987),1987,1992,,1.3L 5MT FWD (75 HP),Gasoline,4,1295,75,103,5-speed manual,Front Wheel Drive,11.7,160,6.5,4219,1661,1359,2431,950
toyota,Toyota,Corolla,Corolla Liftback (1987),1987,1992,,1.3L 5MT FWD (82 HP),Gasoline,4,1295,82,104,5-speed manual,Front Wheel Drive,11.5,165,7,4219,1661,1359,2431,970
toyota,Toyota,Corolla,Corolla Liftback (1987),1987,1992,,1.6L 3AT FWD (105 HP),Gasoline,4,1587,105,142,3-speed automatic,Front Wheel Drive,12.7,171,7.5,4219,1661,1359,2431,1045
toyota,Toyota,Corolla,Corolla Liftback (1987),1987,1992,,1.6L 5MT FWD (105 HP),Gasoline,4,1587,105,142,5-speed manual,Front Wheel Drive,10.4,175,7.3,4219,1661,1359,2431,1035
toyota,Toyota,Corolla,Corolla Liftback (1987),1987,1992,,1.6L 5MT FWD (125 HP),Gasoline,4,1587,125,145,5-speed manual,Front Wheel Drive,8.5,195,7.4,4219,1661,1359,2431,1074
toyota,Toyota,Corolla,Corolla Liftback (1987),1987,1992,,1.6L 5MT FWD (90 HP),Gasoline,4,1587,90,135,5-speed manual,Front Wheel Drive,10.8,175,7.2,4219,1661,1359,2431,1015
toyota,Toyota,Corolla,Corolla Liftback (1987),1987,1992,,1.8L D 5MT FWD (67 HP),Diesel,4,1839,67,122,5-speed manual,Front Wheel Drive,14.5,160,5.7,4219,1661,1359,2431,1060
toyota,Toyota,Corolla,Corolla Wagon (2004),2004,2007,,1.4L VVT-i 5MT FWD (97 HP),Gasoline,4,1398,97,130,5-speed manual,Front Wheel Drive,12,185,6.7,4410,1710,1500,2600,1170
toyota,Toyota,Corolla,Corolla Wagon (2004),2004,2007,,1.6L VVT-i 4AT FWD (110 HP),Gasoline,4,1598,110,150,4-speed automatic,Front Wheel Drive,11.8,175,7.9,4409,1709,1501,2601,1220
toyota,Toyota,Corolla,Corolla Wagon (2004),2004,2007,,1.6L VVT-i 5MT FWD (110 HP),Gasoline,4,1598,110,150,5-speed manual,Front Wheel Drive,10.2,190,7.2,4409,1709,1501,2601,1180
toyota,Toyota,Corolla,Corolla Wagon (2004),2004,2007,,1.4L D4-D 5AT FWD (90 HP),Diesel,4,1364,90,190,5-speed automatic,Front Wheel Drive,14.5,180,4.8,4410,1710,1500,2600,1230
toyota,Toyota,Corolla,Corolla Wagon (2004),2004,2007,,1.4L D4-D 5MT FWD (90 HP),Diesel,4,1364,90,190,5-speed manual,Front Wheel Drive,13.3,180,4.8,4410,1710,1500,2600,1230
toyota,Toyota,Corolla,Corolla Wagon (2004),2004,2007,,2.0L D4-D 5MT FWD (116 HP),Diesel,4,1995,116,280,5-speed manual,Front Wheel Drive,12.6,180,5.7,4409,1709,1501,2601,1330
toyota,Toyota,Corolla,Corolla Wagon (2002),2002,2004,,1.4L VVT-i 5MT FWD (97 HP),Gasoline,4,1398,97,130,5-speed manual,Front Wheel Drive,12,185,6.7,4379,1709,1501,2614,1165
toyota,Toyota,Corolla,Corolla Wagon (2002),2002,2004,,1.6L VVT-i 4AT FWD (110 HP),Gasoline,4,1598,110,150,4-speed automatic,Front Wheel Drive,11.8,175,7.9,4379,1709,1501,2601,1210
toyota,Toyota,Corolla,Corolla Wagon (2002),2002,2004,,1.6L VVT-i 5MT FWD (110 HP),Gasoline,4,1598,110,150,5-speed manual,Front Wheel Drive,10.2,190,7.2,4379,1709,1501,2601,1170
toyota,Toyota,Corolla,Corolla Wagon (2002),2002,2004,,2.0L D4-D 5MT FWD (90 HP),Diesel,4,1995,90,215,5-speed manual,Front Wheel Drive,12.6,180,5.9,4379,1709,1501,2601,1300
toyota,Toyota,Corolla,Corolla Wagon (2000),2000,2002,,1.6L VVT-i 4AT FWD (110 HP),Gasoline,4,1598,110,150,4-speed automatic,Front Wheel Drive,11.6,175,8,4341,1689,1440,2461,1110
toyota,Toyota,Corolla,Corolla Wagon (2000),2000,2002,,1.6L VVT-i 5MT FWD (110 HP),Gasoline,4,1598,110,150,5-speed manual,Front Wheel Drive,10,195,7.2,4341,1689,1440,2461,1075
toyota,Toyota,Corolla,Corolla Wagon (2000),2000,2002,,1.9L D 5MT FWD (90 HP),Diesel,4,1867,69,125,5-speed manual,Front Wheel Drive,15.6,165,6.7,4341,1689,1440,2461,1140
toyota,Toyota,Corolla,Corolla Wagon (2000),2000,2002,,2.0L D4-D 5MT FWD (89 HP),Diesel,4,1995,90,215,5-speed manual,Front Wheel Drive,12.9,180,5.8,4341,1689,1440,2461,1205
toyota,Toyota,Corolla,Corolla Wagon (1997),1997,2000,,1.3L 5MT FWD (86 HP),Gasoline,4,1332,86,120,5-speed manual,Front Wheel Drive,12.5,175,7.1,4321,1689,1440,2461,1050
toyota,Toyota,Corolla,Corolla Wagon (1997),1997,2000,,1.6L 4AT FWD (107 HP),Gasoline,4,1587,107,141,4-speed automatic,Front Wheel Drive,12.6,175,9,4321,1689,1440,2461,1115
toyota,Toyota,Corolla,Corolla Wagon (1997),1997,2000,,1.6L 5MT FWD (110 HP),Gasoline,4,1587,110,145,5-speed manual,Front Wheel Drive,10.2,195,8.1,4321,1689,1440,2461,1085
toyota,Toyota,Corolla,Corolla Wagon (1997),1997,2000,,2.0L D 5MT FWD (72 HP),Diesel,4,1975,72,131,5-speed manual,Front Wheel Drive,14.4,165,6.7,4321,1689,1440,2461,1150
toyota,Toyota,Corolla Cross,Corolla Cross (2025),2025,,,1.8L Super CVT-i FWD (140 HP),Gasoline,4,1798,140,177,7-speed automatic Super CVT-i,Front Wheel Drive,,,,4460,1826,1621,2639,
toyota,Toyota,Corolla Cross,Corolla Cross (2025),2025,,,2.0L CVTi-S AWD (169 HP),Gasoline,4,1987,169,205,CVTi-S,All Wheel Drive,,,7.8,4460,1826,1621,2639,
toyota,Toyota,Corolla Cross,Corolla Cross (2025),2025,,,2.0L CVTi-S FWD (169 HP),Gasoline,4,1987,169,205,CVTi-S,Front Wheel Drive,,,7.4,4460,1826,1621,2639,
toyota,Toyota,Corolla Cross,Corolla Cross (2025),2025,,,1.8L FHEV E-CVT FWD (122 HP),Hybrid Gasoline,4,1798,98,142,E-CVT,Front Wheel Drive,,,,4460,1826,1621,2639,
toyota,Toyota,Corolla Cross,Corolla Cross (2025),2025,,,1.8L FHEV e-CVT FWD (140 HP),Hybrid Gasoline,4,1798,98,142,E-CVT,Front Wheel Drive,10,171,4.9,4460,1826,1621,2639,
toyota,Toyota,Corolla Cross,Corolla Cross (2025),2025,,,2.0L FHEV e-CVT AWD (180 HP),Hybrid Gasoline,4,1987,133,142,e-CVT,All Wheel Drive,7.6,180,5.3,4460,1826,1621,2639,
toyota,Toyota,Corolla Cross,Corolla Cross (2025),2025,,,2.0L FHEV e-CVT FWD (180 HP),Hybrid Gasoline,4,1987,133,142,e-CVT,Front Wheel Drive,7.7,180,5,4460,1826,1621,2639,
toyota,Toyota,Corolla Cross,Corolla Cross (2022),2022,,,1.8L e-CVT FWD (140 HP),Hybrid Gasoline,4,1798,98,142,e-CVT,Front Wheel Drive,9.9,171,4.9,4460,1826,1621,2639,1410
toyota,Toyota,Corolla Cross,Corolla Cross (2022),2022,,,2.0L e-CVT AWD (197 HP),Hybrid Gasoline,4,1987,152,190,e-CVT,All Wheel Drive,7.5,180,5.5,4460,1826,1621,2639,1508
toyota,Toyota,Corolla Cross,Corolla Cross (2022),2022,,,2.0L e-CVT FWD (197 HP),Hybrid Gasoline,4,1987,152,190,e-CVT,Front Wheel Drive,7.6,180,5,4460,1826,1621,2639,1445
toyota,Toyota,Corolla Cross,Corolla Cross (2020),2020,2022,,1.8L CVT-i FWD (140 HP),Gasoline,4,1798,140,177,CVT-i,Front Wheel Drive,,,6.5,4460,1826,1621,2639,1325
toyota,Toyota,Corolla Cross,Corolla Cross (2020),2020,2022,,1.8L e-CVT FWD (122 HP),Hybrid Gasoline,4,1798,98,142,Electric continuously variable transmission,Front Wheel Drive,,,4.3,4460,1826,1621,2639,1385
toyota,Toyota,Corolla Cross,Corolla Cross (US) (2023),2023,,,CVT AWD (199 HP),Hybrid Gasoline,,,198.7,,CVT,All Wheel Drive,,,,,,,,
toyota,Toyota,Corolla Cross,Corolla Cross (US) (2021),2021,,,2.0L 16V CVT AWD (169 HP) (US),Gasoline,4,1987,169,203,CVT,All Wheel Drive,,,7.8,4460,1826,1610,2639,1495
toyota,Toyota,Corolla Cross,Corolla Cross (US) (2021),2021,,,2.0L 16V CVT FWD (169 HP) (US),Gasoline,4,1987,169,203,CVT,Front Wheel Drive,,,7.4,4460,1826,1610,2639,1417
toyota,Toyota,Corolla Cross,Corolla Cross (US) (2021),2021,,,2.0L 16V CVT AWD (152 HP),Hybrid Gasoline,4,1987,152,190,CVT,Front Wheel Drive,8.1,,,4460,1826,1610,2639,
toyota,Toyota,Corolla Cross,Corolla Cross (US) (2021),2021,,,2.0L 16V eCVT FWD (197 HP),Hybrid Gasoline,4,1987,171,202,eCVT,Front Wheel Drive,8.1,,,4460,1826,1610,2639,
toyota,Toyota,Corolla Verso,Corolla Verso (2007),2007,2009,,1.6L 16V 6MT FWD (132 HP),Gasoline,4,1598,132,160,6-speed manual,Front Wheel Drive,11.7,185,6.7,4440,1791,1631,2779,
toyota,Toyota,Corolla Verso,Corolla Verso (2007),2007,2009,,1.8L 16V 6AT FWD (147 HP),Gasoline,4,1798,147,180,6-automatic speed,Front Wheel Drive,10.4,190,7,4440,1791,1631,2779,
toyota,Toyota,Corolla Verso,Corolla Verso (2007),2007,2009,,1.8L 16V 6MT FWD (147 HP),Gasoline,4,1798,147,180,6-speed manual,Front Wheel Drive,10.4,190,6.9,4440,1791,1631,2779,
toyota,Toyota,Corolla Verso,Corolla Verso (2007),2007,2009,,2.0L D-4D 6MT FWD (126 HP),Diesel,4,1998,126,310,6-speed manual,Front Wheel Drive,11.3,185,5.4,4440,1791,1631,,1540
toyota,Toyota,Corolla Verso,Corolla Verso (2007),2007,2009,,2.2L D-CAT 6AT FWD (150 HP),Diesel,4,2231,150,340,6-automatic speed,Front Wheel Drive,10.1,195,6.8,4440,1791,1631,2779,1540
toyota,Toyota,Corolla Verso,Corolla Verso (2007),2007,2009,,2.2L D-CAT 6MT FWD (177 HP),Diesel,4,2231,177,400,6-speed manual,Front Wheel Drive,8.7,209,6,4440,1791,1631,2779,1540
toyota,Toyota,Corolla Verso,Corolla Verso (2004),2004,2007,,1.6L VVT-i 5MT FWD (110 HP),Gasoline,4,1598,110,150,5-speed manual,Front Wheel Drive,12.7,175,7.5,4360,1770,1621,2751,1320
toyota,Toyota,Corolla Verso,Corolla Verso (2004),2004,2007,,1.8L VVT-i 5AT FWD (130 HP),Gasoline,4,1794,129,170,5-speed automatic,Front Wheel Drive,12.7,195,7.5,4360,1770,1621,2751,1355
toyota,Toyota,Corolla Verso,Corolla Verso (2004),2004,2007,,1.8L VVT-i 5MT FWD (130 HP),Gasoline,4,1794,129,170,5-speed manual,Front Wheel Drive,10.8,195,7.7,4360,1770,1621,2751,1350
toyota,Toyota,Corolla Verso,Corolla Verso (2004),2004,2007,,2.0L D4-D 5MT FWD (116 HP),Diesel,4,1995,116,280,5-speed manual,Front Wheel Drive,12.6,180,6.2,4360,1770,1621,2751,1450
toyota,Toyota,Corolla Verso,Corolla Verso (2004),2004,2007,,2.2L D4-D 6MT FWD (136 HP),Diesel,4,2231,136,310,6-speed manual,Front Wheel Drive,10,195,6.3,4360,1770,1621,2751,1470
toyota,Toyota,Corolla Verso,Corolla Verso (2004),2004,2007,,2.2L D4-D D-CAT 6MT FWD (177 HP),Diesel,4,2231,177,400,6-speed manual,Front Wheel Drive,9,205,6.6,4360,1770,1621,2751,1485
toyota,Toyota,Corolla Verso,Corolla Verso (2002),2002,2004,,1.6L VVT-i 5MT FWD (110 HP),Gasoline,4,1598,110,150,5-speed manual,Front Wheel Drive,11.3,180,7.4,4239,1699,1610,2601,1195
toyota,Toyota,Corolla Verso,Corolla Verso (2002),2002,2004,,1.8L VVT-i 4AT FWD (135 HP),Gasoline,4,1794,135,170,4-speed automatic,Front Wheel Drive,10.8,18,8.2,4239,1699,1610,2601,1235
toyota,Toyota,Corolla Verso,Corolla Verso (2002),2002,2004,,1.8L VVT-i 5MT FWD (135 HP),Gasoline,4,1794,135,170,5-speed manual,Front Wheel Drive,9.9,185,7.6,4239,1699,1610,2601,1210
toyota,Toyota,Corolla Verso,Corolla Verso (2002),2002,2004,,2.0L D4-D 5MT FWD (90 HP),Diesel,4,1995,90,215,5-speed manual,Front Wheel Drive,13.5,170,6.2,4239,1699,1610,2601,1340
toyota,Toyota,Crown,Crown Estate (2025),2025,,,2.5L HEV,Hybrid Gasoline,,,,,,,,,,4930,1880,1626,,
toyota,Toyota,Crown,Crown Estate (2025),2025,,,2.5L PHEV,Plug-in Hybrid,,,,,,,,,,4930,1880,1626,,
toyota,Toyota,Crown,Crown (2024),2024,,,2.5L HEV eCVT AWD (191 HP),Hybrid Gasoline,4,2487,190.6,241,eCVT,All Wheel Drive,7.3,,,4930,1880,1626,2850,1910
toyota,Toyota,Crown,Crown (1979),1979,1983,,2.8L 4AT FWD (145 HP),Gasoline,6,2759,145,226,4-Speed automatic,Front Wheel Drive,11.1,195,11,4859,1720,1430,2690,1442
toyota,Toyota,Crown,Crown (1979),1979,1983,,2.2L d 4MT FWD (66 HP),Diesel,4,2188,67,132,4-speed manual,Front Wheel Drive,24,140,9.2,4859,1720,1430,2690,1420
toyota,Toyota,Crown SUV,Crown SUV (2025),2025,,,2.5L DOHC CVT AWD (243 HP),Mild Hybrid,4,,243,,e-CVT,All Wheel Drive,,,6.5,,,,,
toyota,Toyota,Crown SUV,Crown SUV (2022),2022,,,2.4L 6AT AWD (340 HP),Hybrid Gasoline,4,2393,340,,6-automatic speed,All Wheel Drive,5.7,,,4928,1839,1539,2850,1953
toyota,Toyota,Crown SUV,Crown SUV (2022),2022,,,2.5L e-CVT AWD (236 HP),Hybrid Gasoline,4,2487,184,221,CVT,All Wheel Drive,7.6,,,4928,1839,1539,2850,1928
toyota,Toyota,Etios,Etios (2010),2010,2022,,1.5L 5MT (90 HP),Gasoline,4,1496,90,132,5-Speed manual,Front Wheel Drive,,,6,4265,1694,1509,2550,920
toyota,Toyota,Etios,Etios (2010),2010,2022,,1.4L 5MT (68 HP),Diesel,4,1364,68,169,5-Speed manual,Front Wheel Drive,,,4.2,4265,1694,1509,2550,995
toyota,Toyota,Etios Liva,Etios Liva (2011),2011,2020,,1.2L 5MT (80 HP),Gasoline,4,1197,80,104,5 speed manual,Front Wheel Drive,,,5.6,3754,1694,1509,2461,895
toyota,Toyota,Etios Liva,Etios Liva (2011),2011,2020,,1.4L 5MT (68 HP),Diesel,4,1364,68,169,5 speed manual,Front Wheel Drive,,,4.3,3754,1694,1509,2461,975
toyota,Toyota,FJ Cruiser,FJ Cruiser (2011),2011,2016,,4.0L 2WD 5AT (264 HP),Gasoline,6,3956,264,367,5-speed automatic,Rear Wheel Drive,,,,4671,1905,1808,2690,1850
toyota,Toyota,FJ Cruiser,FJ Cruiser (2011),2011,2016,,4.0L 4WD 5AT (264 HP),Gasoline,6,3956,264,367,5-speed automatic,All Wheel Drive,,,,4671,1905,1829,2690,1970
toyota,Toyota,FJ Cruiser,FJ Cruiser (2011),2011,2016,,4.0L 4WD 6MT (264 HP),Gasoline,6,3956,264,367,"6-speed, Manual",All Wheel Drive,,,,4671,1905,1829,2690,1965
toyota,Toyota,FJ Cruiser,FJ Cruiser (2006),2006,2010,,4.0L V6 AWD 5AT (239 HP),Gasoline,6,3956,242,377,5-Speed Automatic,All Wheel Drive,,,,4671,1895,1819,2690,1948
toyota,Toyota,FJ Cruiser,FJ Cruiser (2006),2006,2010,,4.0L V6 AWD 5AT (260 HP),Gasoline,6,3956,260,366,5 speed automatic,All Wheel Drive,,,13.1,4671,1895,1819,2690,4343
toyota,Toyota,FJ Cruiser,FJ Cruiser (2006),2006,2010,,4.0L V6 AWD 6MT (239 HP),Gasoline,6,3956,242,377,6 speed manual,All Wheel Drive,,,,4671,1895,1819,2690,1946
toyota,Toyota,FJ Cruiser,FJ Cruiser (2006),2006,2010,,4.0L V6 AWD 6MT (260 HP),Gasoline,6,3956,260,366,6-Speed manual,All Wheel Drive,,,14.7,4671,1895,1819,2690,4332
toyota,Toyota,FJ Cruiser,FJ Cruiser (2006),2006,2010,,4.0L V6 RWD 5AT (239 HP),Gasoline,6,3956,242,377,5-Speed Automatic,Rear Wheel Drive,,,,4671,1895,1819,2690,1837
toyota,Toyota,FJ Cruiser,FJ Cruiser (2006),2006,2010,,4.0L V6 RWD 5AT (260 HP),Gasoline,6,3956,260,366,5-speed automatic,Rear Wheel Drive,,,12.4,4671,1895,1819,2690,4079
toyota,Toyota,Fortuner,Fortuner (2020),2020,,,2.7i 5MT RWD (166 HP),Gasoline,4,2694,166,245,5-Speed manual,Rear Wheel Drive,,,,4796,1854,1834,2746,
toyota,Toyota,Fortuner,Fortuner (2020),2020,,,2.7i 6AT RWD (166 HP),Gasoline,4,2694,166,245,6-speed automatic,Rear Wheel Drive,,,,4796,1854,1834,2746,
toyota,Toyota,Fortuner,Fortuner (2020),2020,,,2.4d 6AT AWD (150 HP),Diesel,4,2393,150,400,6-speed automatic,All Wheel Drive,,,7.6,4796,1854,1834,2746,2110
toyota,Toyota,Fortuner,Fortuner (2020),2020,,,2.4d 6AT RWD (150 HP),Diesel,4,2393,150,400,6-speed automatic,Rear Wheel Drive,,,,4796,1854,1834,2746,
toyota,Toyota,Fortuner,Fortuner (2020),2020,,,2.4d 6MT RWD (150 HP),Diesel,4,2393,150,400,6-manual speed,Rear Wheel Drive,,,,4796,1854,1834,2746,2130
toyota,Toyota,Fortuner,Fortuner (2020),2020,,,2.8d 6AT 4WD (204 HP),Diesel,4,2755,204,500,6-speed automatic,All Wheel Drive,,,,4796,1854,1834,2746,
toyota,Toyota,Fortuner,Fortuner (2020),2020,,,2.8d 6AT RWD (204 HP),Diesel,4,2755,204,500,6-speed automatic,Rear Wheel Drive,,,,4796,1854,1834,2746,
toyota,Toyota,Fortuner,Fortuner (2020),2020,,,GR-S 2.8d 6AT 4WD (224 HP),Diesel,4,2755,224,550,6-speed automatic,All Wheel Drive,,,8.4,4796,1854,1834,2746,2735
toyota,Toyota,Fortuner,Fortuner (2015),2015,2020,,2.4L 6AT (150 HP),Diesel,4,2393,150,400,6-speed automatic,Rear Wheel Drive,12.7,171,7.9,4796,1854,1834,2751,2135
toyota,Toyota,Fortuner,Fortuner (2015),2015,2020,,2.4L 6MT (150 HP),Diesel,4,2393,150,400,6-speed manual,Rear Wheel Drive,13.2,175,7,4796,1854,1834,2751,2135
toyota,Toyota,Fortuner,Fortuner (2015),2015,2020,,2.7L 6AT (177 HP),Diesel,4,2755,177,450,6-speed automatic,All Wheel Drive,,,8.6,4796,1854,1834,2751,2135
toyota,Toyota,Fortuner,Fortuner (2015),2015,2020,,2.7L 6MT (177 HP),Diesel,4,2755,177,420,6-speed manual,All Wheel Drive,,,7.8,4796,1854,1834,2751,2125
toyota,Toyota,Fortuner,Fortuner (2011),2011,2015,,4.0L V6 2WD 5AT (238 HP),Gasoline,6,3956,238,376,5-speed automatic,Rear Wheel Drive,,180,12.7,4704,1839,1849,2751,1785
toyota,Toyota,Fortuner,Fortuner (2011),2011,2015,,4.0L V6 4WD 5AT (238 HP),Gasoline,6,3956,238,376,5-speed automatic,All Wheel Drive,,180,12.7,4704,1839,1849,2751,1800
toyota,Toyota,Fortuner,Fortuner (2011),2011,2015,,3.0d 2WD 5AT (171 HP),Diesel,4,2982,171,361,5-speed automatic,Rear Wheel Drive,,175,9.4,4704,1839,1849,2751,1880
toyota,Toyota,Fortuner,Fortuner (2011),2011,2015,,3.0d 2WD 5MT (171 HP),Diesel,4,2982,171,343,5 speed manual,Rear Wheel Drive,,175,8.5,4704,1839,1849,2751,1885
toyota,Toyota,Fortuner,Fortuner (2011),2011,2015,,3.0d 4WD 5MT (171 HP),Diesel,4,2982,171,343,5-speed manual,All Wheel Drive,,172,8.6,4704,1839,1849,2751,1970
toyota,Toyota,GR 86,GR 86 (2021),2021,,,2.4L DOHC 6AT RWD (234 HP),Gasoline,4,2387,234,249,6-automatic speed,Rear Wheel Drive,,,9.8,4265,1775,1311,2576,1293
toyota,Toyota,GR 86,GR 86 (2021),2021,,,2.4L DOHC 6MT RWD (234 HP),Gasoline,4,2387,234,249,6-speed manual,Rear Wheel Drive,,,11.2,4265,1775,1311,2576,1275
toyota,Toyota,GR Corolla,GR Corolla (2025),2025,,,1.6L 8AT FWD (304 HP),Gasoline,3,,304.2,400,8-speed automatic,Front Wheel Drive,,,,,,,,
toyota,Toyota,GR Corolla,GR Corolla (2022),2022,2025,,1.6L 6MT AWD (300 HP),Gasoline,3,1618,300,370,6-speed manual IMT,All Wheel Drive,,,,4407,1852,1453,2639,1474
toyota,Toyota,GR Supra,GR Supra (2022),2022,,,2.0L 8AT RWD (255 HP),Gasoline,4,1998,255,400,8-speed automatic,Rear Wheel Drive,5.2,,8.4,4382,1854,1298,2469,1443
toyota,Toyota,GR Supra,GR Supra (2022),2022,,,3.0L 6MT RWD (340 HP),Gasoline,6,2998,340,500,6-speed manual,Rear Wheel Drive,4.6,,11.2,4382,1854,1293,2469,1537
toyota,Toyota,GR Supra,GR Supra (2022),2022,,,3.0L 8AT RWD (340 HP),Gasoline,6,2998,340,499,8-speed automatic,Rear Wheel Drive,4.3,,9.4,4382,1854,1293,2469,1547
toyota,Toyota,GR Yaris,GR Yaris (2024),2024,,,1.6L 6iMT AWD (280 HP),Gasoline,3,1618,280,390,6 iMT,All Wheel Drive,,,,,,,,
toyota,Toyota,GR Yaris,GR Yaris (2020),2020,2024,,1.6L Turbo 6MT AWD (261 HP),Gasoline,3,1618,261,,6-Speed manual,All Wheel Drive,5.5,230,,3995,1806,1461,2558,
toyota,Toyota,Grand Highlander,Grand Highlander (2025),2025,,,2.4L AWD 8AT (267 HP),Hybrid Gasoline,4,2393,269,420,8-speed automatic,All Wheel Drive,,,,5116,1989,1831,2949,1946
toyota,Toyota,Grand Highlander,Grand Highlander (2023),2023,2025,,2.4L AWD,Gasoline,4,,,,,All Wheel Drive,,,,,,,,
toyota,Toyota,Grand Highlander,Grand Highlander (2023),2023,2025,,2.4L FWD,Gasoline,4,,,,,Front Wheel Drive,,,,,,,,
toyota,Toyota,Grand Highlander,Grand Highlander (2023),2023,2025,,2.5L AWD (367 HP),Mild Hybrid,4,,367,,,All Wheel Drive,6.5,,,,,,,
toyota,Toyota,Grand Highlander,Grand Highlander (2023),2023,2025,,2.5L FWD (367 HP),Mild Hybrid,4,,367,,,Front Wheel Drive,6.5,,,,,,,
toyota,Toyota,GT 86,GT 86 (2016),2016,2021,,2.0L 6AT RWD (205 HP),Gasoline,4,1998,207.8,212,6-speed automatic,Rear Wheel Drive,,,8.7,4234,1775,1285,2570,1258
toyota,Toyota,GT 86,GT 86 (2016),2016,2021,,2.0L 6MT RWD (205 HP),Gasoline,4,1998,207.8,212,6-speed manual,Rear Wheel Drive,,,9.8,4234,1775,1285,2570,1258
toyota,Toyota,GT 86,GT 86 (2012),2012,2016,,2.0L 6AT RWD (200 HP),Gasoline,4,1998,200,205,6-speed automatic,Rear Wheel Drive,8.2,209,7.1,4239,2570,1285,2570,1263
toyota,Toyota,GT 86,GT 86 (2012),2012,2016,,2.0L 6MT RWD (200 HP),Gasoline,4,1998,200,205,6-speed manual,Rear Wheel Drive,7.6,225,7.8,4239,2570,1285,2570,1240
toyota,Toyota,Harrier,Harrier (2014),2014,2020,,2.0L CVT 2WD (151 HP),Gasoline,4,1986,151,193,CVT,Front Wheel Drive,,180,6.2,4719,1834,1689,2659,1560
toyota,Toyota,Harrier,Harrier (2014),2014,2020,,2.0L CVT AWD (151 HP),Gasoline,4,1986,151,193,CVT,All Wheel Drive,,,6.5,4719,1834,1689,2659,1560
toyota,Toyota,Harrier,Harrier (2014),2014,2020,,2.5L E-Four CVT AWD (196 HP),Hybrid Gasoline,4,2493,152,206,CVT,All Wheel Drive,,,4.6,4719,1834,1689,2659,1570
toyota,Toyota,Highlander / Kluger,Highlander / Kluger (2026),2026,,,77 KWh AWD (338 HP),Electric,,,338,,,All Wheel Drive,,,,5052,1989,1709,3051,
toyota,Toyota,Highlander / Kluger,Highlander / Kluger (2026),2026,,,77 KWh FWD (221 HP),Electric,,,221,,,Front Wheel Drive,,,,5052,1989,1709,3051,
toyota,Toyota,Highlander / Kluger,Highlander / Kluger (2026),2026,,,95.8 KWh AWD (338 HP),Electric,,,338,,,All Wheel Drive,,,,5052,1989,1709,3051,
toyota,Toyota,Highlander / Kluger,Highlander / Kluger (2019),2019,,,3.5L V6 8AT AWD (295 HP),Gasoline,6,3456,295,357,8-speed automatic,All Wheel Drive,,,10.2,4950,1930,1730,2850,1964
toyota,Toyota,Highlander / Kluger,Highlander / Kluger (2019),2019,,,3.5L V6 8AT FWD (295 HP),Gasoline,6,3456,295,357,8-speed automatic,Front Wheel Drive,,,9.8,4950,1930,1730,2850,1880
toyota,Toyota,Highlander / Kluger,Highlander / Kluger (2019),2019,,,2.5L 8AT AWD (240 HP),Hybrid,4,2487,186,237,eCVT,All Wheel Drive,,,6.5,4950,1930,1730,2850,2025
toyota,Toyota,Highlander / Kluger,Highlander / Kluger (2019),2019,,,2.5L 8AT FWD (240 HP),Hybrid,4,2487,186,237,eCVT,Front Wheel Drive,,,6.5,4950,1930,1730,2850,
toyota,Toyota,Highlander / Kluger,Highlander / Kluger (2016),2016,2018,,2.7L 8AT (185 HP),Gasoline,4,2672,188,249,8-speed automatic,Front Wheel Drive,10.3,180,9.9,4890,1925,1730,2789,1875
toyota,Toyota,Highlander / Kluger,Highlander / Kluger (2016),2016,2018,,3.5L V6 8AT (295 HP),Gasoline,6,3456,299,357,8-speed automatic,Front Wheel Drive,8.7,180,10.7,4890,1925,1730,2789,1955
toyota,Toyota,Highlander / Kluger,Highlander / Kluger (2016),2016,2018,,3.5L V6 8AT AWD (295 HP),Gasoline,6,3456,299,357,8-speed automatic,All Wheel Drive,8.7,180,10.2,4890,1925,1730,2789,2025
toyota,Toyota,Highlander / Kluger,Highlander / Kluger (2016),2016,2018,,3.5L CVT (306 HP),Hybrid,6,3456,299,357,eCVT,All Wheel Drive,,,,4890,1925,1730,2789,1995
toyota,Toyota,Highlander / Kluger,Highlander / Kluger (2013),2013,2016,,2.7L DOHC 6AT FWD (185 HP),Gasoline,4,2672,188,249,6-speed automatic,Front Wheel Drive,10.3,180,9.9,4092,1925,1730,2789,1875
toyota,Toyota,Highlander / Kluger,Highlander / Kluger (2013),2013,2016,,3.5L V6 DOHC 6AT AWD (270 HP),Gasoline,6,3456,273,248,6-speed automatic,All Wheel Drive,,180,,4092,1925,1730,2789,1995
toyota,Toyota,Highlander / Kluger,Highlander / Kluger (2013),2013,2016,,3.5L V6 DOHC 6AT FWD (270 HP),Gasoline,6,3456,273,248,6-speed automatic,Front Wheel Drive,8.7,180,10.6,4092,1925,1730,2789,1925
toyota,Toyota,Highlander / Kluger,Highlander / Kluger (2013),2013,2016,,3.5L V6 DOHC CVT AWD (280 HP),Hybrid,6,3456,273,248,CVT,All Wheel Drive,7.3,180,8.4,4092,1925,1730,2789,2205
toyota,Toyota,Highlander / Kluger,Highlander / Kluger (2007),2007,2013,,2.7L DOHC FWD (187 HP),Gasoline,4,2673,5,252,"6-speed Electronically Controlled automatic Transmission with intelligence (ECT-i), sequential shift mode and Snow Mode",Front Wheel Drive,,,,4785,1910,1760,2789,1790
toyota,Toyota,Highlander / Kluger,Highlander / Kluger (2007),2007,2013,,3.5L V6 AWD (270 HP),Gasoline,6,3457,271,336,"5-speed Electronically Controlled automatic Transmission with intelligence (ECT-i), sequential shift mode and Snow Mode",All Wheel Drive,,,,4785,1910,1760,2789,1930
toyota,Toyota,Highlander / Kluger,Highlander / Kluger (2007),2007,2013,,3.5L V6 FWD (270 HP),Gasoline,6,3457,271,336,"5-speed Electronically Controlled automatic Transmission with intelligence (ECT-i), sequential shift mode and Snow Mode",Front Wheel Drive,,,,4785,1910,1760,2789,1805
toyota,Toyota,Highlander / Kluger,Highlander / Kluger (2007),2007,2013,,3.3L V6 Hybrid AWD (212 HP),Hybrid Gasoline,6,3311,208,287,Continuously Variable Transmission,All Wheel Drive,8.4,180,9,4785,1910,1760,2789,2045
toyota,Toyota,Highlander / Kluger,Highlander / Kluger (2001),2001,2006,,2.4L DOHC AWD 4AT (155 HP),Gasoline,4,2362,156,221,4-speed electronically controlled automatic (ECT) with Snow Mode,All Wheel Drive,,,,4689,1826,1725,2715,1620
toyota,Toyota,Highlander / Kluger,Highlander / Kluger (2001),2001,2006,,2.4L DOHC AWD 4AT (160 HP),Gasoline,4,2362,160,224,4-speed electronically controlled automatic (ECT) with Snow Mode,All Wheel Drive,,,,4689,1826,1725,2715,1701
toyota,Toyota,Highlander / Kluger,Highlander / Kluger (2001),2001,2006,,2.4L DOHC FWD 4AT (155 HP),Gasoline,4,2362,156,221,4-speed electronically controlled automatic (ECT) with Snow Mode,Front Wheel Drive,,,,4689,1826,1725,2715,1620
toyota,Toyota,Highlander / Kluger,Highlander / Kluger (2001),2001,2006,,2.4L DOHC FWD 4AT (160 HP),Gasoline,4,2362,160,224,4-speed electronically controlled automatic (ECT) with Snow Mode,Front Wheel Drive,,,,4689,1826,1725,2715,1597
toyota,Toyota,Highlander / Kluger,Highlander / Kluger (2001),2001,2006,,3.0L DOHC AWD 4AT (220 HP),Gasoline,6,2994,220,301,4-speed electronically controlled automatic (ECT) with Snow Mode,All Wheel Drive,,,,4689,1826,1725,2715,1660
toyota,Toyota,Highlander / Kluger,Highlander / Kluger (2001),2001,2006,,3.0L DOHC FWD 4AT (220 HP),Gasoline,6,2994,220,301,4-speed electronically controlled automatic (ECT) with Snow Mode,Front Wheel Drive,,,,4689,1826,1725,2715,1660
toyota,Toyota,Highlander / Kluger,Highlander / Kluger (2001),2001,2006,,3.3L V6 5AT FWD (230 HP),Gasoline,6,2994,230,328,5-speed electronically controlled automatic overdrive transmission with intelligence (ECT-i) and Snow Mode,Front Wheel Drive,,,,4689,1826,1725,2715,1597
toyota,Toyota,Highlander / Kluger,Highlander / Kluger (2001),2001,2006,,3.3L V6 AWD 5AT (215 HP),Gasoline,6,3311,218,301,5-speed electronically controlled automatic overdrive transmission with intelligence (ECT-i) and Snow Mode,All Wheel Drive,,,,4689,1826,1725,2715,1785
toyota,Toyota,Highlander / Kluger,Highlander / Kluger (2001),2001,2006,,3.3L V6 AWD 5AT (230 HP),Gasoline,6,2994,230,328,5-speed electronically controlled automatic overdrive transmission with intelligence (ECT-i) and Snow Mode,All Wheel Drive,,,,4689,1826,1725,2715,1687
toyota,Toyota,Highlander / Kluger,Highlander / Kluger (2001),2001,2006,,3.3L V6 FWD 5AT (215 HP),Gasoline,6,3311,218,301,5-speed electronically controlled automatic overdrive transmission with intelligence (ECT-i) and Snow Mode,Front Wheel Drive,,,,4689,1826,1725,2715,1680
toyota,Toyota,Highlander / Kluger,Highlander / Kluger (2001),2001,2006,,3.3L V6 Hybrid AWD CVT (208 HP),Hybrid Gasoline,6,3311,283,287,Electronically controlled continuously variable transmission (ECVT),All Wheel Drive,7.6,180,8.1,4689,1826,1725,2715,1925
toyota,Toyota,Highlander / Kluger,Highlander / Kluger (2001),2001,2006,,3.3L V6 Hybrid FWD CVT (208 HP),Hybrid Gasoline,6,3311,283,287,Electronically controlled continuously variable transmission (ECVT),Front Wheel Drive,8.3,180,8.1,4689,1826,1725,2715,1846
toyota,Toyota,Hilux,Hilux Double Cab (2025),2025,,,2.8L Turbo 6AT AWD (204 HP),Diesel,4,,204,500,6-speed automatic,All Wheel Drive,,,,,,,,
toyota,Toyota,Hilux,Hilux Double Cab (2020),2020,2025,,2.4L D-4D Single Cab 6MT AWD (150 HP),Diesel,4,2393,150,400,6-speed manual,All Wheel Drive,13.2,171,8.9,5324,1801,1796,3086,
toyota,Toyota,Hilux,Hilux Double Cab (2020),2020,2025,,2.4L D-4D Single Cab 6MT FWD (150 HP),Diesel,4,2393,150,400,6-speed manual,Front Wheel Drive,13.2,175,8.8,5324,1801,1796,3086,
toyota,Toyota,Hilux,Hilux Double Cab (2020),2020,2025,,2.8L D-4D 6AT Double Cab AWD (204 HP),Diesel,4,2755,204,500,6-speed automatic,All Wheel Drive,10.7,175,8.8,5324,1854,1816,3086,
toyota,Toyota,Hilux,Hilux Double Cab (2020),2020,2025,,2.8L D-4D 6MT Double Cab AWD (204 HP),Diesel,4,2755,204,420,6-Speed manual,All Wheel Drive,10.1,175,7.8,5324,1854,1816,3086,
toyota,Toyota,Hilux,Hilux Double Cab (2020),2020,2025,,2.8L 48V 6AT Double Cab 4x4 (204 HP),Hybrid Diesel,4,2755,204,500,6-speed automatic,All Wheel Drive,10.7,175,8.9,5324,1854,1864,3086,2170
toyota,Toyota,Hilux,Hilux Double Cab (2017),2017,2020,,2.7L 5MT RWD (166 HP),Gasoline,4,2698,166,245,5-Speed manual,Rear Wheel Drive,,,,5329,1854,1816,3086,1745
toyota,Toyota,Hilux,Hilux Double Cab (2017),2017,2020,,2.7L 6AT RWD (166 HP),Gasoline,4,2698,166,245,6-speed automatic,Rear Wheel Drive,,,,5329,1854,1816,3086,1745
toyota,Toyota,Hilux,Hilux Double Cab (2017),2017,2020,,2.4L 5MT RWD (150 HP),Diesel,4,2393,150,400,5-Speed manual,Rear Wheel Drive,,,,5329,1854,1816,3086,
toyota,Toyota,Hilux,Hilux Double Cab (2017),2017,2020,,2.4L D-4D 6AT AWD (150 HP),Diesel,4,2393,150,400,6-speed automatic,All Wheel Drive,12.75,171,7.8,5329,1854,1816,3086,
toyota,Toyota,Hilux,Hilux Double Cab (2017),2017,2020,,2.4L D-4D 6MT AWD (150 HP),Diesel,4,2393,150,400,6-Speed manual,All Wheel Drive,12.75,171,7,5329,1854,1816,3086,2100
toyota,Toyota,Hilux,Hilux Double Cab (2015),2015,2018,,2.7L 6AT 2WD (166 HP),Gasoline,4,2694,166,245,6-speed automatic,Rear Wheel Drive,,,0,5329,1801,1699,3086,1795
toyota,Toyota,Hilux,Hilux Double Cab (2015),2015,2018,,4.0L V6 6AT 2WD (238 HP),Gasoline,6,3956,238,376,6-speed automatic,Rear Wheel Drive,,,0,5329,1801,1699,3086,1795
toyota,Toyota,Hilux,Hilux Double Cab (2015),2015,2018,,2.4L 6AT 4WD (150 HP),Diesel,4,2393,150,400,6-speed automatic,All Wheel Drive,12.8,171,7.8,5329,1854,1854,3086,2080
toyota,Toyota,Hilux,Hilux Double Cab (2015),2015,2018,,2.4L 6MT 2WD (150 HP),Diesel,4,2393,150,400,6-speed manual,Rear Wheel Drive,13.2,171,7,5329,1801,1699,3086,1840
toyota,Toyota,Hilux,Hilux Double Cab (2015),2015,2018,,2.8L 6AT 2WD (170 HP),Diesel,4,2755,170,343,6-speed automatic,Rear Wheel Drive,,,0,5329,1854,1816,3086,1930
toyota,Toyota,Hilux,Hilux Double Cab (2015),2015,2018,,2.8L 6AT 4WD (177 HP),Diesel,4,2755,177,450,6-speed automatic,All Wheel Drive,,,0,5329,1854,1816,3086,2080
toyota,Toyota,Hilux,Hilux Double Cab (2015),2015,2018,,2.8L 6MT 2WD (170 HP),Diesel,4,2755,170,343,6-speed manual,Rear Wheel Drive,,,0,5329,1854,1816,3086,1930
toyota,Toyota,Hilux,Hilux Double Cab (2015),2015,2018,,2.8L 6MT 4WD (177 HP),Diesel,4,2755,177,420,6-speed manual,All Wheel Drive,,,0,5329,1854,1816,3086,2080
toyota,Toyota,Hilux,Hilux Double Cab (2011),2011,2015,,2.5L D-4D 5MT 4WD (144 HP),Diesel,4,2494,144,343,5-speed manual,All Wheel Drive,13.3,171,7.3,5260,1834,1849,3086,1960
toyota,Toyota,Hilux,Hilux Double Cab (2011),2011,2015,,3.0L D-4D 5AT 4WD (171 HP),Diesel,4,2982,171,361,5-speed automatic,All Wheel Drive,12,175,8.6,5260,1834,1849,3086,2030
toyota,Toyota,Hilux,Hilux Double Cab (2011),2011,2015,,3.0L D-4D 5MT 4WD (171 HP),Diesel,4,2982,171,343,5-speed manual,All Wheel Drive,12.1,171,7.7,5260,1834,1849,3086,2020
toyota,Toyota,Hilux,Hilux (2006),2006,2015,,3.0L D-4D,Diesel,4,2982,,343,"Manual, 5 Speed",Front Wheel Drive,,,,4694,1839,1849,2748,1896
toyota,Toyota,Hilux,Hilux (2005),2005,2011,,2.5L TD 5MT (102 HP),Diesel,4,2494,102,260,5-Speed manual,Rear Wheel Drive,18.2,150,,5255,1760,1694,3086,1770
toyota,Toyota,Hilux,Hilux (2005),2005,2011,,2.7L VVTi 5MT RWD (160 HP),Gasoline,4,2694,160,241,5-Speed manual,Rear Wheel Drive,16.8,150,,5255,1760,1679,3086,1736
toyota,Toyota,Hilux,Hilux (2005),2005,2011,,2.5L TD 5MT RWD (102 HP),Diesel,4,2494,102,260,5-Speed manual,Rear Wheel Drive,16.8,150,,5255,1760,1679,3086,1555
toyota,Toyota,Hilux,Hilux (2005),2005,2011,,2.7L VVTi 5MT (160 HP),Gasoline,4,2694,160,241,5-Speed manual,Rear Wheel Drive,,,,5255,1760,1679,3086,1497
toyota,Toyota,Hilux,Hilux (2005),2005,2011,,2.5L TD 5MT (100 HP),Diesel,4,2494,100,260,5-Speed manual,Rear Wheel Drive,17.5,150,,5255,1760,1679,3086,1695
toyota,Toyota,Hilux,Hilux Single Cab (2015),2015,2018,,2.4L 6MT 2WD (150 HP),Diesel,4,2393,150,400,6-speed manual,Rear Wheel Drive,13.2,175,6.8,5329,1801,1796,3086,1775
toyota,Toyota,Hilux,Hilux Single Cab (2015),2015,2018,,2.4L 6MT 4WD (150 HP),Diesel,4,2393,150,400,6-speed manual,All Wheel Drive,13.2,171,7.1,5329,1801,1796,3086,1875
toyota,Toyota,Hilux,Hilux Single Cab (2011),2011,2015,,2.5L D-4D 5MT 2WD (144 HP),Diesel,4,2494,144,343,5-speed manual,Rear Wheel Drive,13.3,171,7.3,5260,1834,1849,3086,1765
toyota,Toyota,Hilux,Hilux Single Cab (2011),2011,2015,,2.5L D-4D 5MT 4WD (144 HP),Diesel,4,2494,144,343,5-speed manual,All Wheel Drive,13.7,171,7.3,5260,1834,1849,3086,1960
toyota,Toyota,Hilux Extra Cab,Hilux Extra Cab (2015),2015,2017,,2.4L 6MT 2WD (150 HP),Diesel,4,2393,150,400,6-speed manual,Rear Wheel Drive,13.2,171,7.1,5329,1801,1796,3086,1875
toyota,Toyota,Hilux Extra Cab,Hilux Extra Cab (2015),2015,2017,,2.4L 6MT 4WD (150 HP),Diesel,4,2393,150,400,6-speed manual,All Wheel Drive,13.2,171,7,5329,1854,1811,3086,1990
toyota,Toyota,Hilux Extra Cab,Hilux Extra Cab (2015),2015,2017,,2.8L 5MT 2WD (170 HP),Diesel,4,2755,170,343,6-speed manual,Rear Wheel Drive,,,,5329,1801,1699,3086,1770
toyota,Toyota,Hilux Extra Cab,Hilux Extra Cab (2015),2015,2017,,2.8L 5MT 4WD (170 HP),Diesel,4,2755,170,343,5-speed manual,All Wheel Drive,,,,5329,1854,1811,3086,1770
toyota,Toyota,Hilux Extra Cab,Hilux Extra Cab (2011),2011,2015,,2.5L D-4D 5MT 2WD (144 HP),Diesel,4,2498,144,343,5-speed manual,Rear Wheel Drive,14,171,7.3,5260,1834,1849,3086,1765
toyota,Toyota,Hilux Extra Cab,Hilux Extra Cab (2011),2011,2015,,2.5L D-4D 5MT 4WD (144 HP),Diesel,4,2498,144,343,5-speed manual,All Wheel Drive,13.3,171,7.3,5260,1834,1849,3086,1960
toyota,Toyota,Innova,Innova (2011),2011,2013,,2.0L 5MT RWD (132 HP),Gasoline,4,1998,133,180,5 speed manual,Rear Wheel Drive,,,,4585,1760,1760,2751,1575
toyota,Toyota,Innova,Innova (2011),2011,2013,,2.5L 5MT RWD (102 HP),Diesel,4,2494,102,201,5 speed manual,Rear Wheel Drive,,,,4585,1760,1760,2751,1675
toyota,Toyota,iQ,iQ (2008),2008,2015,,1.0L VVT-i 5MT FWD (68 HP),Gasoline,3,998,68,91,5-speed manual,Front Wheel Drive,14.7,150,5.1,2985,1679,1501,1999,845
toyota,Toyota,iQ,iQ (2008),2008,2015,,1.0L VVT-i CVT FWD (68 HP),Gasoline,3,998,68,91,5-speed manual,Front Wheel Drive,15.3,150,6,2985,1679,1501,1999,845
toyota,Toyota,iQ,iQ (2008),2008,2015,,1.3L VVT-i 6MT FWD (98 HP),Gasoline,4,1329,98,123,6-speed manual,Front Wheel Drive,11.6,171,6.4,2985,1679,1501,1999,845
toyota,Toyota,iQ,iQ (2008),2008,2015,,1.3L VVT-i CVT FWD (98 HP),Gasoline,4,1329,98,123,Continuously variable automatic transmission,Front Wheel Drive,11.6,171,6.4,2985,1679,1501,1999,1005
toyota,Toyota,iQ,iQ (2008),2008,2015,,1.4L D-4D 6MT FWD (90 HP),Diesel,4,1364,90,190,6-speed manual,Front Wheel Drive,11.7,170,4,2985,1679,1501,1999,845
toyota,Toyota,Land Cruiser / Prado,Land Cruiser / Prado (2024),2024,,,2.8L MHEV 8AT AWD (204 HP),Mild Hybrid Diesel,4,2755,204,500,,,,,,,,,,
toyota,Toyota,Land Cruiser / Prado,Land Cruiser / Prado (2023),2023,,,2.4L 8AT AWD (330 HP),Mild Hybrid,4,,330.5,630,8-speed automatic,All Wheel Drive,,,,4920,2139,1859,2850,
toyota,Toyota,Land Cruiser / Prado,Land Cruiser / Prado (2017),2017,2020,,2.7L VVT-I 5MT AWD (161 HP),Gasoline,4,2694,161,246,5-Speed manual,All Wheel Drive,13.8,166,12.3,4841,1885,1844,2789,
toyota,Toyota,Land Cruiser / Prado,Land Cruiser / Prado (2017),2017,2020,,2.7L VVT-I 6AT AWD (161 HP),Gasoline,4,2694,161,246,6-speed automatic,All Wheel Drive,13.9,159,12.5,4841,1885,1844,2789,
toyota,Toyota,Land Cruiser / Prado,Land Cruiser / Prado (2017),2017,2020,,4.0L VVT-I 6AT AWD (249 HP) Russia,Gasoline,6,3956,249,381,6-speed automatic,All Wheel Drive,9.7,175,10.8,4841,1885,1844,2789,
toyota,Toyota,Land Cruiser / Prado,Land Cruiser / Prado (2017),2017,2020,,5.7L V8 VVT-I 8AT AWD (381 HP),Gasoline,8,5663,381,544,8-speed automatic,All Wheel Drive,,,16.8,4950,1980,1880,2850,2638
toyota,Toyota,Land Cruiser / Prado,Land Cruiser / Prado (2017),2017,2020,,2.8L D-4D 6AT AWD (177 HP),Diesel,4,2755,177,420,6-speed automatic,All Wheel Drive,12.7,175,7.4,4841,1885,1844,2789,
toyota,Toyota,Land Cruiser / Prado,Land Cruiser / Prado (2017),2017,2020,,2.8L D-4D 6MT AWD (177 HP),Diesel,4,2755,177,420,6-speed manual,All Wheel Drive,12.1,175,7.4,4841,1885,1844,2789,
toyota,Toyota,Land Cruiser / Prado,Land Cruiser / Prado (2013),2013,2017,,4.0L V6 AWD 5AT (282 HP),Gasoline,6,3956,282,386,5-speed automatic,All Wheel Drive,9.2,180,10.8,4760,1885,1844,2789,2125
toyota,Toyota,Land Cruiser / Prado,Land Cruiser / Prado (2013),2013,2017,,3.0L D-4D 5AT (190 HP),Diesel,4,2982,190,409,5-speed automatic,All Wheel Drive,11,175,8.1,4760,1885,1844,2789,2070
toyota,Toyota,Land Cruiser / Prado,Land Cruiser / Prado (2013),2013,2017,,3.0L D-4D 6MT (190 HP),Diesel,4,2982,190,409,6-speed manual,All Wheel Drive,10.2,175,8.2,4760,1885,1844,2789,2150
toyota,Toyota,Land Cruiser / Prado,Land Cruiser / Prado (2009),2009,2013,,4.0L V6 5AT AWD (282 HP),Gasoline,6,3956,281,386,5-speed automatic,All Wheel Drive,9.2,180,10.8,4760,1885,1844,2789,2125
toyota,Toyota,Land Cruiser / Prado,Land Cruiser / Prado (2009),2009,2013,,5.7L V8 6AT AWD (381 HP),Gasoline,8,5663,381,544,"6-speed electronically controlled automatic overdrive with intelligence (ECT-i), sequential shift mode and uphill/downhill logic",All Wheel Drive,,,,4760,1885,1844,2789,2581
toyota,Toyota,Land Cruiser / Prado,Land Cruiser / Prado (2009),2009,2013,,3.0L D-4D 5AT AWD (190 HP),Diesel,4,2982,190,409,5-Speed Automatic,All Wheel Drive,,,8.1,4760,1885,1844,2789,2070
toyota,Toyota,Land Cruiser / Prado,Land Cruiser / Prado (2009),2009,2013,,3.0L D-4D 6MT AWD (173 HP),Diesel,4,2982,173,409,6-Speed manual,All Wheel Drive,12.4,175,8.5,4760,1885,1844,2789,2155
toyota,Toyota,Land Cruiser / Prado,Land Cruiser / Prado (2009),2009,2013,,3.0L D-4D 6MT AWD (190 HP),Diesel,4,2982,190,409,6-Speed manual,All Wheel Drive,11.7,175,8.2,4760,1885,1844,2789,2060
toyota,Toyota,Land Cruiser / Prado,Land Cruiser / Prado (2009),2009,2013,,3.0L D-4D 5AT AWD (190 HP),Diesel,4,2982,190,420,5-Speed Automatic,All Wheel Drive,14.1,175,8.1,4486,1885,1829,2451,2070
toyota,Toyota,Land Cruiser / Prado,Land Cruiser / Prado (2009),2009,2013,,3.0L D-4D 6MT AWD (173 HP),Diesel,4,2982,173,409,6-speed manual,All Wheel Drive,12.4,174,8.4,4486,1885,1829,2451,1970
toyota,Toyota,Land Cruiser / Prado,Land Cruiser / Prado (2009),2009,2013,,3.0L D-4D 6MT AWD (190 HP),Diesel,4,2982,190,420,5-Speed Automatic,All Wheel Drive,14.1,175,8.1,4486,1885,1829,2451,2070
toyota,Toyota,Land Cruiser / Prado,Land Cruiser / Prado (2003),2003,2009,,4.0L V6 4AT AWD (249 HP),Gasoline,6,3956,249,380,4-speed automatic,All Wheel Drive,9.1,180,12.7,4811,1791,1849,2789,1870
toyota,Toyota,Land Cruiser / Prado,Land Cruiser / Prado (2003),2003,2009,,3.0L D4-D 5MT AWD (163 HP),Diesel,4,2982,163,343,5-Speed manual,All Wheel Drive,12.7,165,9.1,4811,1791,1849,2789,1950
toyota,Toyota,Land Cruiser / Prado,Land Cruiser / Prado (2003),2003,2009,,3.0L D4-D 6MT AWD (173 HP),Diesel,4,2982,173,411,6-Speed manual,All Wheel Drive,11.5,175,9.2,4811,1791,1849,2789,1940
toyota,Toyota,Land Cruiser / Prado,Land Cruiser / Prado (2003),2003,2009,,4.0L V6 4AT AWD (249 HP),Gasoline,6,3956,249,409,4-speed automatic,All Wheel Drive,9.1,180,12.6,4366,1791,1849,2456,1790
toyota,Toyota,Land Cruiser / Prado,Land Cruiser / Prado (2003),2003,2009,,3.0L D4-D 5MT AWD (163 HP),Diesel,4,2982,163,343,5-Speed manual,All Wheel Drive,12.7,165,9.4,4366,1791,1849,2456,1840
toyota,Toyota,Land Cruiser / Prado,Land Cruiser / Prado (2003),2003,2009,,3.0L D4-D 6MT AWD (173 HP),Diesel,4,2982,173,409,6-Speed manual,All Wheel Drive,11.5,175,9.1,4366,1791,1849,2456,1840
toyota,Toyota,Land Cruiser / Prado,Land Cruiser / Prado (1996),1996,2001,,2.7L 4AT AWD (150 HP),Gasoline,4,2694,152,235,4-Speed automatic,All Wheel Drive,,166,,4293,1730,1834,2370,1750
toyota,Toyota,Land Cruiser / Prado,Land Cruiser / Prado (1996),1996,2001,,2.7L 5MT AWD (150 HP),Gasoline,4,2694,152,235,5-Speed manual,All Wheel Drive,,166,,4293,1730,1834,2370,1627
toyota,Toyota,Land Cruiser / Prado,Land Cruiser / Prado (1996),1996,2001,,3.0d 5MT AWD (125 HP),Gasoline,4,2982,125,235,5-Speed manual,All Wheel Drive,14.9,166,11.1,4293,1730,1834,2370,1815
toyota,Toyota,Land Cruiser V8 and predecessors,Land Cruiser V8 and predecessors (2015),2015,2021,,4.6L V8 6AT AWD (308 HP),Gasoline,8,4608,308,439,6-speed automatic,All Wheel Drive,8.6,204,13.6,4950,1979,1880,2850,2740
toyota,Toyota,Land Cruiser V8 and predecessors,Land Cruiser V8 and predecessors (2015),2015,2021,,5.7L V8 6AT AWD (381 HP),Gasoline,8,5663,386,544,6-speed automatic,All Wheel Drive,10.5,209,15,4950,1979,1880,2850,2638
toyota,Toyota,Land Cruiser V8 and predecessors,Land Cruiser V8 and predecessors (2015),2015,2021,,4.5L V8 6AT AWD (272 HP),Diesel,8,4461,272,650,6-speed automatic,All Wheel Drive,8.2,,9.5,4950,1979,1880,2850,2740
toyota,Toyota,Land Cruiser V8 and predecessors,Land Cruiser V8 and predecessors (2011),2011,2015,,4.6 V8 5AT (318 HP),Gasoline,8,4608,317.9,460,5-speed automatic,All Wheel Drive,8.6,204,13.3,4950,1971,1864,2850,2585
toyota,Toyota,Land Cruiser V8 and predecessors,Land Cruiser V8 and predecessors (2011),2011,2015,,4.5 V8 D-4D 6AT (272 HP),Diesel,8,4461,272,650,6-speed automatic,All Wheel Drive,8.9,209,9.5,4950,1971,1864,2850,2585
toyota,Toyota,Land Cruiser V8 and predecessors,Land Cruiser V8 and predecessors (2007),2007,2011,,4.7L V8 5AT AWD (288 HP),Gasoline,8,4664,288,445,5-speed automatic,All Wheel Drive,9.2,200,14.4,4950,1969,1864,2850,2485
toyota,Toyota,Land Cruiser V8 and predecessors,Land Cruiser V8 and predecessors (2007),2007,2011,,4.5L V8 D-4D 6AT AWD (286 HP),Diesel,8,4461,286,650,6-speed automatic,All Wheel Drive,8.2,209,10.2,4950,1969,1864,2850,2555
toyota,Toyota,Land Cruiser V8 and predecessors,Land Cruiser V8 and predecessors (2002),2002,2007,,4.7L V8 32V 5AT AWD (238 HP),Gasoline,8,4664,238,434,5-speed automatic,All Wheel Drive,11.2,180,16.4,4890,1941,1890,2850,2245
toyota,Toyota,Land Cruiser V8 and predecessors,Land Cruiser V8 and predecessors (2002),2002,2007,,4.2L V6 D-4D 5MT AWD (204 HP),Diesel,6,4164,204,430,5-Speed manual,All Wheel Drive,13.6,171,11.1,4890,1941,1890,2850,2420
toyota,Toyota,Land Cruiser V8 and predecessors,Land Cruiser V8 and predecessors (1998),1998,2002,,4.7L V8 4AT AWD (235 HP),Gasoline,8,4664,235,434,4-speed automatic,All Wheel Drive,11.7,175,16.6,4890,1941,1880,2850,2235
toyota,Toyota,Land Cruiser V8 and predecessors,Land Cruiser V8 and predecessors (1998),1998,2002,,4.2L TD V6 4AT AWD (204 HP),Diesel,6,4164,204,430,4-Speed automatic,All Wheel Drive,13.6,170,,4890,1941,1880,2850,2650
toyota,Toyota,Land Cruiser V8 and predecessors,Land Cruiser V8 and predecessors (1998),1998,2002,,4.2L TD V6 5MT AWD (204 HP),Diesel,6,4164,204,430,5-Speed manual,All Wheel Drive,13.6,170,11.1,4890,1941,1880,2850,2395
toyota,Toyota,Land Cruiser V8 and predecessors,Land Cruiser V8 and predecessors (1989),1989,1992,,4.5L 5MT (215 HP),Gasoline,6,4477,215,373,5-Speed manual,All Wheel Drive,,190,,4818,1829,1910,2850,2046
toyota,Toyota,Land Cruiser V8 and predecessors,Land Cruiser V8 and predecessors (1984),1984,1990,,4.2L D 5MT AWD (131 HP),Diesel,6,4164,131,285,5-speed manual,All Wheel Drive,,,13.1,5075,1689,1969,3180,1896
toyota,Toyota,Land Cruiser V8 and predecessors,Land Cruiser V8 and predecessors (1984),1984,1990,,4.2L TD 5MT AWD (166 HP),Diesel,6,4164,166,380,5-speed manual,All Wheel Drive,,,11.8,5075,1689,1969,3180,2046
toyota,Toyota,Land Cruiser V8 and predecessors,Land Cruiser V8 and predecessors (1984),1984,2007,,4.2L D 5MT AWD (128 HP),Diesel,6,4164,131,285,5-Speed manual,All Wheel Drive,,,13.6,5060,1689,2113,2979,2131
toyota,Toyota,Land Cruiser V8 and predecessors,Land Cruiser V8 and predecessors (1984),1984,2007,,4.2L TD 5MT AWD (163 HP),Diesel,6,4164,166,380,5-Speed manual,All Wheel Drive,,,12,5060,1689,2113,2979,2270
toyota,Toyota,Matrix,Matrix (2009),2009,2014,,1.8L 4AT FWD (132 HP),Gasoline,4,1789,132,174,4-speed Electronically Controlled automatic Transmission with intelligence (ECT-i),Front Wheel Drive,,,,4366,1765,1549,2601,1310
toyota,Toyota,Matrix,Matrix (2009),2009,2014,,1.8L 5MT FWD (132 HP),Gasoline,4,1789,132,174,5-Speed manual,Front Wheel Drive,,,,4366,1765,1549,2601,1290
toyota,Toyota,Matrix,Matrix (2009),2009,2014,,2.4L 5MT FWD (158 HP),Gasoline,4,2362,158,220,5-speed manual transmission,Front Wheel Drive,,,,4366,1765,1549,2601,1350
toyota,Toyota,Matrix,Matrix (2009),2009,2014,,S 2.4L 4AT AWD (158 HP),Gasoline,4,2362,158,220,4-speed Electronically Controlled automatic Transmission with intelligence (ECT-i),Front Wheel Drive,,,,4366,1765,1549,2601,1485
toyota,Toyota,Matrix,Matrix (2009),2009,2014,,S 2.4L 4AT FWD (158 HP),Gasoline,4,2362,158,220,5-speed Electronically Controlled automatic Transmission with intelligence (ECT-i),Front Wheel Drive,,,,4366,1765,1549,2601,1385
toyota,Toyota,Matrix,Matrix (2003),2003,2009,,1.8L VVTi 4AT FWD (180 HP),Gasoline,4,1794,179,176,4-speed automatic,Front Wheel Drive,,,,4351,1775,1565,2601,1305
toyota,Toyota,Matrix,Matrix (2003),2003,2009,,1.8L VVTi 5MT FWD (130 HP),Gasoline,4,1794,131,171,5-speed manual,Front Wheel Drive,,,,4351,1775,1565,2601,1215
toyota,Toyota,Matrix,Matrix (2003),2003,2009,,1.8L VVTi 6MT FWD (180 HP),Gasoline,4,1794,166,169,6-speed manual,Front Wheel Drive,,,,4351,1775,1565,2601,1270
toyota,Toyota,Matrix,Matrix (2003),2003,2009,,1.8L VVTi AWD 4AT (123 HP),Gasoline,4,1794,122,161,4 speed automatic,All Wheel Drive,,,,4351,1775,1565,2601,1335
toyota,Toyota,Matrix,Matrix (2003),2003,2009,,1.8L VVTi FWD 4AT (130 HP),Gasoline,4,1794,131,171,4-speed automatic,Front Wheel Drive,,,,4351,1775,1565,2601,1250
toyota,Toyota,Mirai,Mirai (2021),2021,,,134 KW (174 HP),Hybrid,,,174,,,Rear Wheel Drive,9.2,175,,4976,1885,1481,2921,
toyota,Toyota,Mirai,Mirai (2015),2015,2021,,60 kWh (155 HP),Electric,,,155,335,single gear,Front Wheel Drive,9.3,179,,4890,1816,1534,2779,1850
toyota,Toyota,MR2,MR2 (1990),1990,1999,,2.0L 4AT RWD (156 HP),Gasoline,4,1998,156,186,4-Speed automatic,Rear Wheel Drive,7.9,220,7.8,4181,1699,1240,2400,1155
toyota,Toyota,MR2,MR2 (1990),1990,1999,,2.0L 5MT RWD (156 HP),Gasoline,4,1998,156,186,5-Speed manual,Rear Wheel Drive,7.8,220,8,4181,1699,1240,2400,1180
toyota,Toyota,MR2,MR2 (1990),1990,1999,,2.0L 5MT RWD (175 HP),Gasoline,4,1998,175,186,5-Speed manual,Rear Wheel Drive,7.5,225,9.1,4181,1699,1240,2400,1215
toyota,Toyota,MR2,MR2 (1990),1990,1999,,2.2i 16V 4AT RWD (136 HP),Gasoline,4,2166,136,196,4-Speed automatic,Rear Wheel Drive,,,9.5,4181,1699,1240,2400,1206
toyota,Toyota,MR2,MR2 (1990),1990,1999,,2.2i 16V 5MT RWD (136 HP),Gasoline,4,2166,136,196,5-Speed manual,Rear Wheel Drive,,,,4181,1699,1240,2400,1206
toyota,Toyota,MR2,MR2 (1985),1985,1990,,1.6L 5MT (116 HP),Gasoline,4,1587,116,138,5-Speed manual,Rear Wheel Drive,9,190,7.5,3919,1661,1250,2319,1034
toyota,Toyota,MR2,MR2 (1985),1985,1990,,1.6L 5MT (124 HP),Gasoline,4,1587,124,142,5-Speed manual,Rear Wheel Drive,8.4,200,7.3,3919,1661,1250,2319,975
toyota,Toyota,MR2,MR2 Cabriolet (2002),2002,2005,,1.8 VVT-i 6MT (138 HP),Gasoline,4,1794,138,170,6-Speed manual,Rear Wheel Drive,8,210,7.4,3899,1699,1240,2451,965
toyota,Toyota,MR2,MR2 Cabriolet (2000),2000,2002,,1.8 VVT-i 5MT (140 HP),Gasoline,4,1794,140,170,5-Speed manual,Rear Wheel Drive,7.9,210,7.4,3879,1699,1240,2451,950
toyota,Toyota,Paseo,Paseo (1996),1996,2000,,1.5i 5MT FWD (90 HP),Gasoline,4,1497,90,130,5-Speed manual,Front Wheel Drive,10.9,185,7.3,4161,1661,1290,2380,895
toyota,Toyota,Picnic,Picnic (1996),1996,2001,,2.0i 4AT FWD (128 HP),Gasoline,4,1998,128,178,4-Speed automatic,Front Wheel Drive,11.7,180,9.5,4529,1699,1621,2741,1335
toyota,Toyota,Picnic,Picnic (1996),1996,2001,,2.0i 5MT FWD (128 HP),Gasoline,4,1998,128,178,5-Speed manual,Front Wheel Drive,10.8,180,9,4529,1699,1621,2741,1310
toyota,Toyota,Picnic,Picnic (1996),1996,2001,,2.2L TD 5MT FWD (90 HP),Diesel,4,2184,90,205,5-Speed manual,Front Wheel Drive,13.9,180,7.7,4529,1699,1621,2741,1355
toyota,Toyota,Previa / Estima,Previa / Estima (2007),2007,2016,,2.4L CVT AWD (170 HP),Gasoline,4,2362,170,224,CVT,All Wheel Drive,,,,4796,1801,1750,2946,1730
toyota,Toyota,Previa / Estima,Previa / Estima (2007),2007,2016,,2.4L CVT RWD (170 HP),Gasoline,4,2362,170,224,CVT,Front Wheel Drive,,,,4796,1801,1750,2946,1791
toyota,Toyota,Previa / Estima,Previa / Estima (2007),2007,2016,,3.5L V6 6AT AWD (277 HP),Gasoline,4,2362,277,346,6-speed automatic,All Wheel Drive,,,,4796,1801,1750,2946,
toyota,Toyota,Previa / Estima,Previa / Estima (2007),2007,2016,,2.4L CVT AWD (130 HP),Hybrid Gasoline,4,2362,131,190,CVT,All Wheel Drive,,,,4796,1801,1750,2946,
toyota,Toyota,Previa / Estima,Previa / Estima (2003),2003,2005,,2.4L VVT-i 5MT AWD (156 HP),Gasoline,4,1995,116,250,5-Speed manual,All Wheel Drive,10.9,185,9.5,4780,1790,1770,2900,1630
toyota,Toyota,Previa / Estima,Previa / Estima (2003),2003,2005,,2.4L VVT-i 5MT FWD (156 HP),Gasoline,4,2362,156,225,5-Speed manual,Front Wheel Drive,11,185,9.4,4780,1791,1770,2901,1540
toyota,Toyota,Previa / Estima,Previa / Estima (2003),2003,2005,,3.0L 4AT FWD (220 HP),Gasoline,4,2980,220,304,4-Speed automatic,Front Wheel Drive,,180,,4780,1790,1770,2900,1630
toyota,Toyota,Previa / Estima,Previa / Estima (2003),2003,2005,,2.0L D4-D 4AT FWD (116 HP),Diesel,4,1995,116,250,4-speed automatic,Front Wheel Drive,,,7.2,4780,1790,1770,2900,1585
toyota,Toyota,Previa / Estima,Previa / Estima (2003),2003,2005,,2.0L D4-D 5MT FWD (116 HP),Diesel,4,1995,116,250,5-Speed manual,Front Wheel Drive,13.8,175,7.2,4780,1790,1770,2900,1675
toyota,Toyota,Previa / Estima,Previa / Estima (2000),2000,2003,,2.4 VVT-i 5MT (156 HP),Gasoline,4,2362,156,225,5-Speed manual,Front Wheel Drive,10.9,185,9.5,4750,1788,1770,2901,1500
toyota,Toyota,Previa / Estima,Previa / Estima (2000),2000,2003,,2.0 D4-D 5MT (116 HP),Diesel,4,1995,116,250,5-Speed manual,Front Wheel Drive,13.6,175,7.2,4750,1791,1770,2901,1645
toyota,Toyota,Previa / Estima,Previa / Estima (1992),1992,1998,,2.4i 4AT AWD (132 HP),Gasoline,4,2438,132,204,4-Speed automatic,All Wheel Drive,13.4,171,11.6,4750,1801,1781,2860,1691
toyota,Toyota,Previa / Estima,Previa / Estima (1992),1992,1998,,2.4i 5MT RWD (132 HP),Gasoline,4,2438,132,204,5-Speed manual,Rear Wheel Drive,11.5,175,11,4750,1801,1781,2860,1621
toyota,Toyota,Prius,Prius (2022),2022,,,1.8L e-CVT FWD (140 HP),Hybrid Gasoline,4,1797,98,142,e-CVT,Front Wheel Drive,,,3.1,4600,1781,1430,2751,1360
toyota,Toyota,Prius,Prius (2022),2022,,,1.8L E-Four e-CVT AWD (140 HP),Hybrid Gasoline,4,1797,98,142,e-CVT,All Wheel Drive,,,3.2,4600,1781,1430,2751,1420
toyota,Toyota,Prius,Prius (2022),2022,,,2.0L e-CVT FWD (197 HP),Hybrid Gasoline,4,1986,152,188,e-CVT,Front Wheel Drive,,,3.5,4600,1781,1430,2751,
toyota,Toyota,Prius,Prius (2022),2022,,,2.0L E-Four e-CVT AWD (199 HP),Hybrid Gasoline,4,1986,152,188,eCVT,All Wheel Drive,,,3.7,4600,1781,1430,2751,
toyota,Toyota,Prius,Prius (2022),2022,,,2.0L PHEV e-CVT (223 HP),Plug-in Hybrid,4,1986,151,188,e-CVT,Front Wheel Drive,6.7,,3.8,4600,1781,1430,2751,1570
toyota,Toyota,Prius,Prius (2018),2018,2022,,1.8L CVT (98 HP),Hybrid,4,1798,98,142,CVT,Front Wheel Drive,13.1,180,4.1,4575,1760,1471,2700,1379
toyota,Toyota,Prius,Prius (2018),2018,2022,,1.8L CVT AWD-i (98 HP),Hybrid,4,1798,98,142,CVT,All Wheel Drive,13.1,159,4.1,4575,1760,1471,2700,1460
toyota,Toyota,Prius,Prius (2015),2015,2018,,1.8L VVTi CVT FWD (122 HP),Hybrid,4,1798,98,142,e-CVT,Front Wheel Drive,10.6,180,3.3,4539,1760,1471,2700,1450
toyota,Toyota,Prius,Prius (2011),2011,2016,,1.8 Hybrid CVT (136 HP),Hybrid,4,1797,99.3,142,eCVT,Front Wheel Drive,10.4,180,4,4460,1745,1481,2700,1345
toyota,Toyota,Prius,Prius (2009),2009,2011,,1.8L Hybrid CVT FWD (136 HP),Hybrid Gasoline,4,1798,98,142,Electronically controlled continuously variable transmission (ECVT),Front Wheel Drive,9.8,180,4.7,4460,1745,1491,2700,1380
toyota,Toyota,Prius,Prius (2006),2006,2009,,1.5L CVT FWD (78 HP),Hybrid,4,1460,78,115,Continuously Variable Transmission (CVT),Front Wheel Drive,10.9,170,4.3,4450,1720,1491,2700,1275
toyota,Toyota,Prius,Prius (2003),2003,2006,,1.5L 1AT FWD (78 HP),Hybrid,4,1460,78,115,1-Speed automatic,Front Wheel Drive,10.9,170,4.3,4450,1720,1491,2700,1275
toyota,Toyota,Prius,Prius (1997),1997,2004,,1.5L 16V 1AT FWD (72 HP),Hybrid,4,1497,72,115,1-Speed automatic,Front Wheel Drive,13.4,160,5.1,4140,1699,1481,2550,1225
toyota,Toyota,Prius C,Prius C (Aqua) (2017),2017,2021,,1.5 CVT (99 HP),Hybrid,4,1497,74,82,eCVT,Front Wheel Drive,11.5,171,5.1,4125,1742,1514,2550,1148
toyota,Toyota,Prius C,Prius C (Aqua) (2015),2015,2017,,1.5 Hybrid VVT-i CVT (99 HP),Hybrid,4,1497,74,111,eCVT,Front Wheel Drive,11.5,169,4.7,3995,1694,1445,2550,1134
toyota,Toyota,Prius C,Prius C (Aqua) (2012),2012,2015,,1.5L Hybrid VVT-i eCVT (99 HP),Hybrid,4,1497,75,111,eCVT,Front Wheel Drive,11.9,169,4.7,4001,1689,1450,2550,1134
toyota,Toyota,Prius Prime,Prius Prime (2016),2016,2022,,1.8L VVTi CVT FWD (122 HP),Hybrid,4,1798,98,142,e-CVT,Front Wheel Drive,10.6,180,4.4,4539,1760,1471,2700,1450
toyota,Toyota,Prius v/Prius+,Prius v/Prius+ (2015),2015,2021,,1.8 CVT (136 HP),Hybrid,4,1797,99,142,e-CVT,Front Wheel Drive,11.3,166,4.1,4620,1781,1590,2779,1470
toyota,Toyota,Prius v/Prius+,Prius v/Prius+ (2011),2011,2015,,1.8 CVT (136 HP),Hybrid,4,1797,99,142,e-CVT,Front Wheel Drive,11.3,166,4.1,4620,1781,1590,2779,1470
toyota,Toyota,RAV4,RAV4 5 Doors (2025),2025,,,2.5L ECVT AWD (236 HP),Hybrid Gasoline,4,2487,183,221,automatic transmission ECVT,All Wheel Drive,,,,4597,1854,1694,2690,
toyota,Toyota,RAV4,RAV4 5 Doors (2025),2025,,,2.5L ECVT FWD (226 HP),Hybrid Gasoline,4,2487,183,221,automatic transmission ECVT,Front Wheel Drive,,,,4597,1854,1694,2690,1651
toyota,Toyota,RAV4,RAV4 5 Doors (2025),2025,,,2.5L PHEV ECVT AWD (324 HP),Plug-in Hybrid,4,2487,186,233,automatic transmission ECVT,All Wheel Drive,,,,4597,1854,1694,2690,
toyota,Toyota,RAV4,RAV4 5 Doors (2018),2018,2025,,2.0L 6MT FWD (175 HP),Gasoline,4,1987,175,208,6-speed manual,Front Wheel Drive,9.8,190,6,4595,1854,1699,2690,
toyota,Toyota,RAV4,RAV4 5 Doors (2018),2018,2025,,TRD 2.5L 8AT AWD (203 HP),Gasoline,4,2487,203,249,8-Speed automatic,All Wheel Drive,,,8.7,4595,1854,1699,2690,1658
toyota,Toyota,RAV4,RAV4 5 Doors (2018),2018,2025,,2.5L VVT-i CVT-i FWD (194 HP),Hybrid,4,2494,194,206,CVT-i,Front Wheel Drive,,,31.8,4595,1854,1699,2690,1710
toyota,Toyota,RAV4,RAV4 5 Doors (2018),2018,2025,,2.5L D-4S PHEV AWD (306 HP),Hybrid Gasoline,4,2487,185,227,Planetary Gear System,All Wheel Drive,6,180,1.2,4595,1854,1699,2690,
toyota,Toyota,RAV4,RAV4 5 Doors (2018),2018,2025,,2.5L VVT-i CVT AWD (218 HP),Hybrid Gasoline,4,2494,177,221,CVT Automatic,All Wheel Drive,8.1,180,4.5,4595,1854,1699,2690,
toyota,Toyota,RAV4,RAV4 5 Doors (2018),2018,2025,,2.5L VVT-i eCVT AWD (218 HP) US,Hybrid Gasoline,4,2487,176,221,eCVT,All Wheel Drive,,,9,4595,1854,1699,2690,1567
toyota,Toyota,RAV4,RAV4 5 Doors (2015),2015,2018,,2.0L 6MT AWD (152 HP),Gasoline,4,1987,152,195,6-speed manual,All Wheel Drive,9.9,185,6.7,4661,1844,1674,2659,1465
toyota,Toyota,RAV4,RAV4 5 Doors (2015),2015,2018,,2.0L CVT AWD (152 HP),Gasoline,4,1987,152,195,CVT,All Wheel Drive,10.7,185,6.5,4661,1844,1674,2659,1495
toyota,Toyota,RAV4,RAV4 5 Doors (2015),2015,2018,,2.5L 6AT AWD (176 HP),Gasoline,4,2494,178,233,6-speed automatic,All Wheel Drive,,,9.4,4661,1844,1674,2659,1619
toyota,Toyota,RAV4,RAV4 5 Doors (2015),2015,2018,,2.5L 6AT FWD (176 HP),Gasoline,4,2494,178,233,6-speed automatic,Front Wheel Drive,,,9,4661,1844,1674,2659,1567
toyota,Toyota,RAV4,RAV4 5 Doors (2015),2015,2018,,2.0L D-4D 6MT FWD (143 HP),Diesel,4,1998,143,320,6-speed manual,Front Wheel Drive,9.6,195,4.7,4661,1844,1674,2659,1510
toyota,Toyota,RAV4,RAV4 5 Doors (2015),2015,2018,,2.5L CVT AWD (197 HP),Hybrid,4,2494,155,210,eCVT,All Wheel Drive,8.3,180,5.1,4661,1844,1674,2659,1675
toyota,Toyota,RAV4,RAV4 5 Doors (2015),2015,2018,,2.5L CVT FWD (197 HP),Hybrid,4,2494,155,210,eCVT,Front Wheel Drive,8.3,180,4.9,4661,1844,1674,2659,1600
toyota,Toyota,RAV4,RAV4 5 Doors (2013),2013,2015,,2.0L Valvematic 6MT AWD (151 HP),Gasoline,4,1987,151,195,6-speed manual,All Wheel Drive,9.9,185,7.3,4569,1844,1661,2659,1565
toyota,Toyota,RAV4,RAV4 5 Doors (2013),2013,2015,,2.0L Valvematic CVT (151 HP),Gasoline,4,1987,151,195,Continuously variable transmission (CVT),All Wheel Drive,10.7,185,7.2,4569,1844,1661,2659,1595
toyota,Toyota,RAV4,RAV4 5 Doors (2013),2013,2015,,2.5L AWD 6AT (176 HP),Gasoline,4,2494,175,233,6-speed automatic (ECT-i),All Wheel Drive,11.2,193,9.4,4569,1844,1661,2659,1610
toyota,Toyota,RAV4,RAV4 5 Doors (2013),2013,2015,,2.5L FWD 6AT (176 HP),Gasoline,4,2494,175,233,6-speed automatic (ECT-i),Front Wheel Drive,11,200,9,4569,1844,1661,2659,1558
toyota,Toyota,RAV4,RAV4 5 Doors (2013),2013,2015,,2.0L D-4D AWD 6MT FWD (124 HP),Diesel,4,1998,124,310,6-speed manual,All Wheel Drive,10.5,180,4.9,4569,1844,1661,2659,1610
toyota,Toyota,RAV4,RAV4 5 Doors (2013),2013,2015,,2.2L D-4D 6AT AWD (150 HP),Diesel,4,2231,150,340,6-speed automatic,All Wheel Drive,10,185,6.7,4569,1844,1661,2659,1720
toyota,Toyota,RAV4,RAV4 5 Doors (2013),2013,2015,,2.2L D-4D 6MT AWD (150 HP),Diesel,4,2231,150,340,6-speed manual,All Wheel Drive,10.5,180,5.7,4569,1844,1661,2659,1720
toyota,Toyota,RAV4,RAV4 5 Doors (2010),2010,2015,,2.0L Valvematic 6MT AWD (158 HP),Gasoline,4,1987,158,268,6-speed manual,All Wheel Drive,10.2,185,7.4,4445,1816,1720,2560,1500
toyota,Toyota,RAV4,RAV4 5 Doors (2010),2010,2015,,2.5L 4AT AWD (179 HP),Gasoline,4,2494,179,233,4-speed automatic (ECT-i),All Wheel Drive,11.4,185,9.8,4445,1816,1720,2560,1524
toyota,Toyota,RAV4,RAV4 5 Doors (2010),2010,2015,,2.5L 4AT AWD (179 HP),Gasoline,4,2494,179,233,4-speed automatic (ECT-i),All Wheel Drive,9.2,185,9.4,4445,1816,1720,2560,1585
toyota,Toyota,RAV4,RAV4 5 Doors (2010),2010,2015,,3.5L V6 5AT AWD (269 HP),Gasoline,6,3465,269,245,5-speed ECT-i automatic,All Wheel Drive,,200,10.7,4445,1816,1720,2560,1665
toyota,Toyota,RAV4,RAV4 5 Doors (2010),2010,2015,,3.5L V6 5AT AWD (269 HP),Gasoline,6,3465,269,245,5-speed automatic (ECT-i),All Wheel Drive,7.4,190,10.5,4445,1816,1720,2560,1665
toyota,Toyota,RAV4,RAV4 5 Doors (2010),2010,2015,,2.2L D-4D 6MT AWD (150 HP),Diesel,4,2231,150,461,6-speed manual,Front Wheel Drive,10,190,5.7,4445,1816,1720,2560,1635
toyota,Toyota,RAV4,RAV4 5 Doors (2010),2010,2015,,2.2L D-4D 6MT AWD (180 HP),Diesel,4,2231,177,542,6-speed manual,All Wheel Drive,9.3,200,6.7,4366,1816,1684,2560,1575
toyota,Toyota,RAV4,RAV4 5 Doors (2008),2008,2010,,2.0L VVTi 5MT AWD (158 HP),Gasoline,4,1987,158,198,5-speed manual,All Wheel Drive,10.5,185,7,4336,1816,1720,2560,1450
toyota,Toyota,RAV4,RAV4 5 Doors (2008),2008,2010,,2.0L VVTi 5MT FWD (158 HP),Gasoline,4,1987,158,198,5-speed manual,Front Wheel Drive,10.2,185,7.4,4336,1816,1720,2560,1400
toyota,Toyota,RAV4,RAV4 5 Doors (2008),2008,2010,,2.0L VVTi CVT AWD (158 HP),Gasoline,4,1987,158,198,CVT,All Wheel Drive,11,185,7,4336,1816,1720,2560,1480
toyota,Toyota,RAV4,RAV4 5 Doors (2008),2008,2010,,2.5L VVTi 5AT AWD (179 HP),Gasoline,4,2494,182,233,5-speed automatic,All Wheel Drive,,,9.8,4336,1816,1720,2560,1611
toyota,Toyota,RAV4,RAV4 5 Doors (2008),2008,2010,,2.5L VVTi 5AT FWD (179 HP),Gasoline,4,2494,182,233,5-speed automatic,Front Wheel Drive,,,9.8,4336,1816,1720,2560,1558
toyota,Toyota,RAV4,RAV4 5 Doors (2008),2008,2010,,3.5L V6 4AT AWD (269 HP),Gasoline,6,3456,273,332,4-speed automatic,All Wheel Drive,,,11.2,4336,1816,1720,2560,1640
toyota,Toyota,RAV4,RAV4 5 Doors (2008),2008,2010,,3.5L V6 4AT FWD (269 HP),Gasoline,6,3456,273,332,4-speed automatic,Front Wheel Drive,,,10.7,4336,1816,1720,2560,1625
toyota,Toyota,RAV4,RAV4 5 Doors (2008),2008,2010,,2.2L D-4D 6AT AWD (150 HP),Diesel,4,2231,150,340,6-speed automatic,All Wheel Drive,10.8,185,7.2,4336,1816,1720,2560,1590
toyota,Toyota,RAV4,RAV4 5 Doors (2008),2008,2010,,2.2L D-4D 6MT AWD (150 HP),Diesel,4,2231,150,340,6-speed manual,All Wheel Drive,10.2,190,6,4336,1816,1720,2560,1570
toyota,Toyota,RAV4,RAV4 5 Doors (2008),2008,2010,,2.2L D-4D 6MT AWD (177 HP),Diesel,4,2231,177,400,6-speed manual,All Wheel Drive,9.3,200,6.7,4336,1816,1720,2560,1575
toyota,Toyota,RAV4,RAV4 5 Doors (2006),2006,2008,,2.0L VVT-i 5MT AWD (152 HP),Gasoline,4,1998,152,194,5-Speed manual,All Wheel Drive,10.6,185,8.6,4399,1821,1720,2560,1440
toyota,Toyota,RAV4,RAV4 5 Doors (2006),2006,2008,,2.2L D-4D 6MT AWD (136 HP),Diesel,4,2231,136,310,6-Speed manual,All Wheel Drive,10.5,180,6.6,4399,1821,1720,2560,1560
toyota,Toyota,RAV4,RAV4 5 Doors (2006),2006,2008,,2.2L D-4D D-CAT 6MT AWD (177 HP),Diesel,4,2231,177,400,6-Speed manual,All Wheel Drive,9.3,200,7,4399,1821,1720,2560,1570
toyota,Toyota,RAV4,RAV4 5 Doors (2003),2003,2006,,1.8L 16V VVT-i 5MT (125 HP),Gasoline,4,1794,125,161,5-Speed manual,Front Wheel Drive,12.2,175,7.4,4260,1740,1699,2489,1155
toyota,Toyota,RAV4,RAV4 5 Doors (2003),2003,2006,,2.0L 16V VVT-i 5MT (150 HP),Gasoline,4,1998,150,192,5-Speed manual,All Wheel Drive,10.6,185,8.8,4260,1740,1699,2489,1245
toyota,Toyota,RAV4,RAV4 5 Doors (2003),2003,2006,,2.0L D4-D 5MT AWD (116 HP),Diesel,4,1995,116,250,5-Speed manual,All Wheel Drive,12.1,170,7.1,4260,1740,1699,2489,1345
toyota,Toyota,RAV4,RAV4 5 Doors (2000),2000,2003,,1.8L VVT-i 5MT FWD (125 HP),Gasoline,4,1794,125,161,5-Speed manual,Front Wheel Drive,12.2,175,7.4,4201,1740,1681,2489,1180
toyota,Toyota,RAV4,RAV4 5 Doors (2000),2000,2003,,2.0L VVT-i 5MT AWD (150 HP),Gasoline,4,1998,150,192,5-Speed manual,All Wheel Drive,10.6,185,8.8,4201,1740,1679,2489,1275
toyota,Toyota,RAV4,RAV4 5 Doors (2000),2000,2003,,2.0L D4-D 5MT AWD (116 HP),Diesel,4,1995,116,250,5-Speed manual,All Wheel Drive,12.1,170,7.1,4201,1740,1679,2492,1370
toyota,Toyota,RAV4,RAV4 3 Doors (2003),2003,2006,,1.8L VVT-i 5MT FWD (125 HP),Gasoline,4,1794,125,161,5-Speed manual,Front Wheel Drive,12.2,175,7.4,3871,1740,1679,2281,1095
toyota,Toyota,RAV4,RAV4 3 Doors (2003),2003,2006,,2.0L VVT-i 5MT AWD (150 HP),Gasoline,4,1998,150,192,5-Speed manual,All Wheel Drive,10.6,185,8.8,3871,1740,1679,2281,1185
toyota,Toyota,RAV4,RAV4 3 Doors (2003),2003,2006,,2.0L D4-D 5MT AWD (116 HP),Diesel,4,1995,116,250,5-Speed manual,All Wheel Drive,12.1,170,7.1,3871,1740,1679,2278,1285
toyota,Toyota,RAV4,RAV4 3 Doors (2000),2000,2003,,1.8L VVT-i 5MT FWD (125 HP),Gasoline,4,1794,125,161,5-Speed manual,Front Wheel Drive,12.2,175,7.4,3800,1740,1669,2281,1125
toyota,Toyota,RAV4,RAV4 3 Doors (2000),2000,2003,,2.0L VVT-i 5MT FWD (150 HP),Gasoline,4,1998,150,192,5-Speed manual,Front Wheel Drive,10.6,185,8.8,3800,1740,1669,2281,1220
toyota,Toyota,RAV4,RAV4 3 Doors (2000),2000,2003,,2.0L D4-D 5MT AWD (116 HP),Diesel,4,1995,116,250,5-Speed manual,All Wheel Drive,12.1,170,7.1,3800,1740,1669,2281,1315
toyota,Toyota,Rukus,Rukus (2007),2007,2015,,2.4L VVT-i 4AT (185 HP),Gasoline,4,2362,185,224,4-Speed automatic,Front Wheel Drive,,200,8.8,4260,1760,1646,2601,1390
toyota,Toyota,Sequoia,Sequoia (2022),2022,,,V6 i-FORCE MAX 10T AWD (437 HP),,6,,437,790,10-speed automatic,All Wheel Drive,,,,,,,,
toyota,Toyota,Sequoia,Sequoia (2019),2019,2022,,5.7L V8 VVT-i 6AT (381 HP),Gasoline,8,5663,381,544,6-speed automatic,Front Wheel Drive,,,15.7,5210,2029,1956,3099,2599
toyota,Toyota,Sequoia,Sequoia (2019),2019,2022,,5.7L V8 VVT-i 6AT AWD (381 HP),Gasoline,8,5663,381,544,6-speed automatic,All Wheel Drive,,,16.8,5210,2029,1956,3099,2715
toyota,Toyota,Sequoia,Sequoia (2017),2017,2022,,5.7L V8 6AT AWD (381 HP),Gasoline,8,5663,386,544,6-speed automatic,All Wheel Drive,,,16.8,5210,2029,1895,3099,
toyota,Toyota,Sequoia,Sequoia (2017),2017,2022,,5.7L V8 6AT RWD (381 HP),Gasoline,8,5663,386,544,6-speed automatic,Rear Wheel Drive,,,15.7,5210,2029,1895,3099,
toyota,Toyota,Sequoia,Sequoia (2007),2007,2017,,4.6L V8 AWD 6AT (310 HP),Gasoline,8,4608,310,443,6-speed Electronically Controlled automatic Transmission with intelligence (ECT-i); sequential shift mode and uphill/downhill shift logic; TOW/HAUL mode,All Wheel Drive,,,,5210,2029,1895,3099,2599
toyota,Toyota,Sequoia,Sequoia (2007),2007,2017,,4.6L V8 RWD 6AT (310 HP),Gasoline,8,4608,310,443,6-speed Electronically Controlled automatic Transmission with intelligence (ECT-i); sequential shift mode and uphill/downhill shift logic; TOW/HAUL mode,Rear Wheel Drive,,,,5210,2029,1895,3099,2576
toyota,Toyota,Sequoia,Sequoia (2007),2007,2017,,4.7L V8 AWD 5AT (273 HP),Gasoline,8,5663,386,426,5-speed electronically controlled automatic transmission with intelligence (ECT-i); sequential shift mode and uphill/downhill shift logic,All Wheel Drive,,,,5210,2029,1895,3099,2685
toyota,Toyota,Sequoia,Sequoia (2007),2007,2017,,4.7L V8 RWD 5AT (273 HP),Gasoline,8,4664,273,426,5-speed electronically controlled automatic transmission with intelligence (ECT-i); sequential shift mode and uphill/downhill shift logic,Rear Wheel Drive,,,,5210,2029,1895,3099,2576
toyota,Toyota,Sequoia,Sequoia (2007),2007,2017,,5.7L V8 AWD 6AT (381 HP),Gasoline,8,5663,386,544,6-speed electronically controlled automatic transmission with intelligence (ECT-i); sequential shift mode and uphill/downhill shift logic; TOW/HAUL mode,All Wheel Drive,,,,5210,2029,1895,3099,2735
toyota,Toyota,Sequoia,Sequoia (2007),2007,2017,,5.7L V8 RWD 6AT (381 HP),Gasoline,8,5663,386,544,6-speed electronically controlled automatic transmission with intelligence (ECT-i); sequential shift mode and uphill/downhill shift logic; TOW/HAUL mode,Rear Wheel Drive,,,,5210,2029,1895,3099,2599
toyota,Toyota,Sequoia,Sequoia (2000),2000,2007,,4.7L V8 AWD 4AT (240 HP),Gasoline,8,4664,241,441,4-speed electronically controlled automatic (ECT),All Wheel Drive,,,,5179,2004,1849,3000,2390
toyota,Toyota,Sequoia,Sequoia (2000),2000,2007,,4.7L V8 AWD 5AT (273 HP),Gasoline,8,4664,273,426,5-Speed Electronically Controlled Automatic Overdrive (ECT) Transmission,All Wheel Drive,,,,5179,2004,1849,3000,2404
toyota,Toyota,Sequoia,Sequoia (2000),2000,2007,,4.7L V8 AWD 5AT (282 HP),Gasoline,8,4664,281,441,5-speed electronically controlled automatic overdrive,All Wheel Drive,,,,5179,2004,1849,3000,2268
toyota,Toyota,Sequoia,Sequoia (2000),2000,2007,,4.7L V8 RWD 4AT (240 HP),Gasoline,8,4664,241,441,4-speed electronically controlled automatic (ECT),Rear Wheel Drive,,,,5179,2004,1849,3000,2300
toyota,Toyota,Sequoia,Sequoia (2000),2000,2007,,4.7L V8 RWD 5AT (273 HP),Gasoline,8,4664,273,426,5-Speed Electronically Controlled Automatic Overdrive (ECT) Transmission,Rear Wheel Drive,,,,5179,2004,1849,3000,2313
toyota,Toyota,Sequoia,Sequoia (2000),2000,2007,,4.7L V8 RWD 5AT (282 HP),Gasoline,8,4664,281,441,5-speed electronically controlled automatic overdrive,Rear Wheel Drive,,,,5179,2004,1849,3000,2211
toyota,Toyota,Sienna,Sienna (2025),2025,,,2.5L FHEV e-CVT FWD (245 HP),Hybrid Gasoline,4,2487,191.6,239,e-CVT,Front Wheel Drive,,,6.5,5174,1994,1740,3061,2091
toyota,Toyota,Sienna,Sienna (2020),2020,2025,,2.5L FHEV e-CVT FWD (245 HP),Hybrid Gasoline,4,2487,191.6,239,e-CVT,Front Wheel Drive,,,6.5,5169,1994,1740,3061,
toyota,Toyota,Sienna,Sienna (2020),2020,2025,,2.5L FHEV E-Four e-CVT AWD (245 HP),Hybrid Gasoline,4,2487,189,239,e-CVT,All Wheel Drive,,,6.7,5169,1994,1740,3061,
toyota,Toyota,Sienna,Sienna (2017),2017,2020,,3.5L V6 8AT AWD (296 HP),Gasoline,6,3456,300,357,8-speed automatic,All Wheel Drive,,,11.8,5095,1984,1796,3030,2155
toyota,Toyota,Sienna,Sienna (2017),2017,2020,,3.5L V6 8AT FWD (296 HP),Gasoline,6,3456,300,357,8-speed automatic,Front Wheel Drive,,,10.7,5095,1984,1796,3030,2043
toyota,Toyota,Sienna,Sienna (2014),2014,2017,,3.5L V6 6AT AWD (266 HP),Gasoline,6,3500,269.7,332,6-speed automatic,All Wheel Drive,,,11.2,5085,1984,1796,3030,2093
toyota,Toyota,Sienna,Sienna (2014),2014,2017,,3.5L V6 6AT FWD (266 HP),Gasoline,6,3500,269.7,332,6-speed automatic,Front Wheel Drive,,,11.2,5085,1984,1796,3030,2059
toyota,Toyota,Sienna,Sienna (2010),2010,2014,,2.7L 6AT FWD (187 HP),Gasoline,4,2672,190,252,6-speed automatic (ECT-i),Front Wheel Drive,,,11.2,5085,1986,1750,3030,1939
toyota,Toyota,Sienna,Sienna (2010),2010,2014,,3.5L V6 6AT AWD (265 HP),Gasoline,6,3456,269,332,6-speed automatic (ECT-i),All Wheel Drive,,,13.1,5085,1986,1750,3030,2080
toyota,Toyota,Sienna,Sienna (2010),2010,2014,,3.5L V6 6AT FWD (265 HP),Gasoline,6,3456,269,332,6-speed automatic (ECT-i),Front Wheel Drive,,,11.8,5085,1986,1750,3030,1987
toyota,Toyota,Sienna,Sienna (2004),2004,2009,,3.3L V6 5AT FWD (230 HP),Gasoline,6,3311,230,328,5-speed automatic,Front Wheel Drive,,179,,5105,1966,1750,3030,1869
toyota,Toyota,Sienna,Sienna (2004),2004,2009,,3.5L V6 5AT AWD (266 HP),Gasoline,6,3456,266,344,5-speed electronically controlled automatic overdrive with intelligence (ECT-i),All Wheel Drive,,,,5105,1966,1750,3030,2025
toyota,Toyota,Sienna,Sienna (2004),2004,2009,,3.5L V6 5AT RWD (266 HP),Gasoline,6,3456,266,344,5-speed automatic,Front Wheel Drive,,,,5105,1966,1750,3030,1895
toyota,Toyota,Sienna,Sienna (1998),1998,2003,,3.0L V6 4AT FWD (197 HP),Gasoline,6,2994,197,283,4-speed electronically controlled automatic transmission with intelligence (ECT-i),Front Wheel Drive,,,,4933,1864,1709,2901,1705
toyota,Toyota,Sienna,Sienna (1998),1998,2003,,3.0L V6 4AT FWD (210 HP),Gasoline,6,2994,210,298,4-speed electronically controlled automatic transmission with intelligence (ECT-i),Front Wheel Drive,,,,4933,1864,1709,2901,1778
toyota,Toyota,Solara,Solara Convertible (2004),2004,2008,,2.4L DOHC 5MT (157 HP),Gasoline,4,2362,159,220,5-Speed manual,Front Wheel Drive,,,,4890,1816,1425,2720,1440
toyota,Toyota,Solara,Solara Convertible (2004),2004,2008,,3.3L V6 6MT (225 HP),Gasoline,6,3311,228,325,6-Speed manual,Front Wheel Drive,,,,4890,1816,1425,2720,1550
toyota,Toyota,Starlet,Starlet 3 Doors (1996),1996,1999,,1.3i 5MT (75 HP),Gasoline,4,1332,75,115,5-Speed manual,Front Wheel Drive,11.2,170,6.8,3741,1641,1400,2301,820
toyota,Toyota,Starlet,Starlet 3 Doors (1989),1989,1996,,1.3i 5MT FWD (75 HP),Gasoline,4,1296,75,101,5-Speed manual,Front Wheel Drive,10.3,170,6.3,3721,1600,1389,2301,777
toyota,Toyota,Starlet,Starlet 3 Doors (1989),1989,1996,,1.3L 16V 3AT FWD (82 HP),Gasoline,4,1331,82,110,3-speed automatic,Front Wheel Drive,,,,3721,1600,1389,2301,710
toyota,Toyota,Starlet,Starlet 3 Doors (1989),1989,1996,,1.3L 16V 5MT FWD (82 HP),Gasoline,4,1331,82,110,5-Speed manual,Front Wheel Drive,14.5,175,,3721,1600,1389,2301,750
toyota,Toyota,Starlet,Starlet 3 Doors (1989),1989,1996,,1.3L 3AT FWD (75 HP),Gasoline,4,1296,75,103,3-Speed automatic,Front Wheel Drive,13.6,165,7,3721,1600,1389,2301,805
toyota,Toyota,Starlet,Starlet 3 Doors (1989),1989,1996,,1.5L 5MT FWD (54 HP),Diesel,4,1454,54,91,5-Speed manual,Front Wheel Drive,14.5,155,4.8,3721,1600,1389,2301,819
toyota,Toyota,Starlet,Starlet 3 Doors (1984),1984,1989,,1.0L 4MT FWD (54 HP),Gasoline,4,999,54,75,4-Speed manual,Front Wheel Drive,13.5,150,6,3701,1590,1400,2301,736
toyota,Toyota,Starlet,Starlet 3 Doors (1984),1984,1989,,1.3L 5MT FWD (75 HP),Gasoline,4,1295,75,103,5-Speed manual,Front Wheel Drive,10.5,170,6.5,3701,1590,1400,2301,733
toyota,Toyota,Starlet,Starlet 3 Doors (1984),1984,1989,,1.5L 5MT FWD (75 HP),Diesel,4,1453,54,91,5-Speed manual,Front Wheel Drive,14.5,150,4.8,3701,1590,1400,2301,793
toyota,Toyota,Starlet,Starlet 5 Doors (1996),1996,1999,,1.3L 5MT (75 HP),Gasoline,4,1332,75,115,5-Speed manual,Front Wheel Drive,11.2,170,6.8,3739,1638,1400,2299,835
toyota,Toyota,Starlet,Starlet 5 Doors (1990),1990,1996,,1.3i 3AT FWD (75 HP),Gasoline,4,1296,75,101,3-Speed automatic,Front Wheel Drive,10.3,170,,3719,1598,1389,2299,787
toyota,Toyota,Starlet,Starlet 5 Doors (1990),1990,1996,,1.3i 5MT FWD (75 HP),Gasoline,4,1296,75,101,5-Speed manual,Front Wheel Drive,10.3,170,6.3,3719,1598,1389,2299,787
toyota,Toyota,Starlet,Starlet 5 Doors (1990),1990,1996,,1.3L 5MT AWD (100 HP),Gasoline,4,1296,100,116,5-Speed manual,All Wheel Drive,,,,3719,1598,1389,2299,787
toyota,Toyota,Starlet,Starlet 5 Doors (1990),1990,1996,,1.3L 5MT AWD (135 HP),Gasoline,4,1296,135,157,5-Speed manual,All Wheel Drive,,200,,3719,1598,1389,2299,830
toyota,Toyota,Supra,Supra (2019),2019,2026,,2.0L 8AT RWD (197 HP),Gasoline,4,1998,197,320,8-Speed automatic,Rear Wheel Drive,6.5,,,4379,1864,1290,2469,1410
toyota,Toyota,Supra,Supra (2019),2019,2026,,3.0L 8AT RWD (340 HP),Gasoline,6,2998,340,500,8-Speed automatic,Rear Wheel Drive,4.3,,,4379,1864,1295,2469,1520
toyota,Toyota,Supra,Supra (2019),2019,2026,,GR 2.0L 8AT RWD (258 HP),Gasoline,4,1998,258,400,8-Speed automatic,Rear Wheel Drive,5.2,249,5.9,4379,1864,1290,2469,1395
toyota,Toyota,Supra,Supra (1993),1993,2002,,3.0L 4AT RWD (220 HP),Gasoline,6,2997,220,285,4-Speed automatic,Rear Wheel Drive,,241,,4521,1811,1275,2550,1410
toyota,Toyota,Supra,Supra (1993),1993,2002,,3.0L 5MT RWD (220 HP),Gasoline,6,2997,220,285,5-Speed manual,Rear Wheel Drive,,241,11,4521,1811,1275,2550,1430
toyota,Toyota,Supra,Supra (1993),1993,2002,,3.0L Twin Turbo 4AT RWD (280 HP),Gasoline,6,2997,280,451,4-Speed automatic,Rear Wheel Drive,5.1,256,11,4521,1811,1275,2550,1510
toyota,Toyota,Supra,Supra (1993),1993,2002,,3.0L Twin Turbo 4AT RWD (330 HP),Gasoline,6,2997,330,441,4-Speed automatic,Rear Wheel Drive,5.1,249,11.1,4521,1811,1275,2550,1570
toyota,Toyota,Supra,Supra (1993),1993,2002,,3.0L Twin Turbo 6MT RWD (280 HP),Gasoline,6,2997,280,451,6-Speed manual,Rear Wheel Drive,5.1,256,10.9,4521,1811,1275,2550,1510
toyota,Toyota,Supra,Supra (1993),1993,2002,,3.0L Twin Turbo 6MT RWD (330 HP),Gasoline,6,2997,330,441,"Manual, 6 Speed",Rear Wheel Drive,6.4,250,11,4521,1811,1275,2550,1585
toyota,Toyota,Tacoma,Tacoma (2023),2023,,,2.4L i-FORCE MAX 8AT AWD (330 HP),Hybrid Gasoline,4,,330,,8-speed automatic,All Wheel Drive,,,,,,,,
toyota,Toyota,Tacoma,Tacoma (2019),2019,2023,,2.7L VVTi 6AT RWD (159 HP),Gasoline,4,2694,159,244,6-speed automatic,Rear Wheel Drive,,,21,5385,1910,1793,3236,1805
toyota,Toyota,Tacoma,Tacoma (2019),2019,2023,,2.7L VVTi 6MT RWD (159 HP),Gasoline,4,2694,159,244,6-Speed manual,Rear Wheel Drive,,,18,5385,1910,1793,3236,4095
toyota,Toyota,Tacoma,Tacoma (2019),2019,2023,,3.5L V6 6AT RWD (278 HP),Gasoline,6,3456,278,359,6-speed automatic,Rear Wheel Drive,,,,5385,1910,1793,3236,4445
toyota,Toyota,Tacoma,Tacoma (2019),2019,2023,,3.5L V6 6MT FWD (278 HP),Gasoline,6,3456,278,359,6-Speed manual,Rear Wheel Drive,,,,5385,1910,1793,3236,4445
toyota,Toyota,Tacoma,Tacoma (2015),2015,2019,,2.7L 5MT AWD (161 HP),Gasoline,4,2693,161,244,5-speed manual,All Wheel Drive,,,,5392,1910,1793,3236,1903
toyota,Toyota,Tacoma,Tacoma (2015),2015,2019,,2.7L 6AT AWD (161 HP),Gasoline,4,2693,161,244,6-speed automatic,All Wheel Drive,,,,5392,1910,1793,3236,1914
toyota,Toyota,Tacoma,Tacoma (2015),2015,2019,,2.7L 6AT RWD (161 HP),Gasoline,4,2693,161,244,6-speed automatic,Rear Wheel Drive,,,,5392,1910,1793,3236,1805
toyota,Toyota,Tacoma,Tacoma (2015),2015,2019,,3.5L V6 6AT AWD (282 HP),Gasoline,6,3456,282,359,6-speed automatic,All Wheel Drive,,,,5392,1910,1793,3236,2032
toyota,Toyota,Tacoma,Tacoma (2015),2015,2019,,3.5L V6 6AT RWD (282 HP),Gasoline,6,3456,282,359,6-speed automatic,Rear Wheel Drive,,,,5392,1910,1793,3236,1896
toyota,Toyota,Tacoma,Tacoma (2015),2015,2019,,3.5L V6 6MT AWD (282 HP),Gasoline,6,3456,282,359,6-speed manual,All Wheel Drive,,,,5392,1910,1793,3236,2016
toyota,Toyota,Tacoma,Tacoma (2011),2011,2015,,2.7L 4AT RWD (161 HP),Gasoline,4,2693,161,244,4-speed automatic,Rear Wheel Drive,,,,5286,1895,1679,3236,1708
toyota,Toyota,Tacoma,Tacoma (2011),2011,2015,,4.0L V6 5AT 4x4 (239 HP),Gasoline,6,3956,239,361,5-speed automatic,All Wheel Drive,,,,5286,1895,1679,3236,1914
toyota,Toyota,Tacoma,Tacoma (2011),2011,2015,,4.0L V6 6MT 4x4 (239 HP),Gasoline,6,3956,239,361,6-speed manual,All Wheel Drive,,,,5286,1895,1679,3236,1903
toyota,Toyota,Tacoma,Tacoma (2011),2011,2015,,2.7L 4AT AWD (161 HP),Gasoline,4,2693,162,244,4-speed automatic,All Wheel Drive,,,,5286,1834,1679,3236,1837
toyota,Toyota,Tacoma,Tacoma (2011),2011,2015,,2.7L 4AT RWD (161 HP),Gasoline,4,2693,162,244,4-speed automatic,Rear Wheel Drive,,,,5286,1834,1679,3236,1653
toyota,Toyota,Tacoma,Tacoma (2011),2011,2015,,2.7L 5MT AWD (161 HP),Gasoline,4,2693,162,244,5-speed manual,All Wheel Drive,,,,5286,1834,1679,3236,1828
toyota,Toyota,Tacoma,Tacoma (2011),2011,2015,,2.7L 5MT RWD (161 HP),Gasoline,4,2693,162,244,5-speed manual,Rear Wheel Drive,,,,5286,1834,1679,3236,1640
toyota,Toyota,Tacoma,Tacoma (2011),2011,2015,,4.0L V6 5AT AWD (239 HP),Gasoline,6,3956,239,361,5-speed automatic,All Wheel Drive,,,,5286,1834,1679,3236,1878
toyota,Toyota,Tacoma,Tacoma (2011),2011,2015,,4.0L V6 6MT AWD (239 HP),Gasoline,6,3956,239,361,6-speed manual,All Wheel Drive,,,,5286,1834,1679,3236,1862
toyota,Toyota,Tacoma,Tacoma (2005),2005,2011,,2.7L 5MT AWD (159 HP),Gasoline,4,2694,159,244,5-Speed manual,All Wheel Drive,,,9.8,5286,1834,1669,3231,1424
toyota,Toyota,Tacoma,Tacoma (2005),2005,2011,,4.0L V6 6MT (236 HP),Gasoline,6,3956,236,361,6-Speed manual,Rear Wheel Drive,,,13.1,5286,1880,1656,3231,1690
toyota,Toyota,Tundra,Tundra (2021),2021,,,i-FORCE 3.5L V6 10AT (389 HP),Gasoline,6,3445,389,649,10-speed automatic,Rear Wheel Drive,,,,5933,2037,1981,3701,
toyota,Toyota,Tundra,Tundra (2021),2021,,,i-FORCE MAX 3.5L V6 10AT (389 HP),Hybrid Gasoline,6,3445,437,790,10-speed automatic,Rear Wheel Drive,,,,5933,2037,1981,3701,
toyota,Toyota,Tundra,Tundra (2017),2017,2021,,4.6L V8 6AT AWD (314 HP),Gasoline,8,4608,314,443,6-automatic speed ECT-i,All Wheel Drive,,,14.7,5149,2029,1925,3701,2522
toyota,Toyota,Tundra,Tundra (2017),2017,2021,,4.6L V8 6AT RWD (314 HP),Gasoline,8,4608,314.3,443,6-automatic speed ECT-i,Rear Wheel Drive,,,14.7,5149,2029,1925,3701,2377
toyota,Toyota,Tundra,Tundra (2017),2017,2021,,5.7L V8 6AT AWD (386 HP),Gasoline,8,5663,386.3,544,6-automatic speed ECT-i,All Wheel Drive,,,16.8,5814,2029,1925,3701,
toyota,Toyota,Tundra,Tundra (2017),2017,2021,,5.7L V8 6AT RWD (386 HP),Gasoline,8,5663,386.3,544,6-automatic speed ECT-i,Rear Wheel Drive,,,15.7,5814,2029,1925,3701,
toyota,Toyota,Tundra,Tundra (2013),2013,2017,,4.0L V6 5AT (270 HP) (4x2),Gasoline,6,3956,271,377,5-speed automatic,Rear Wheel Drive,,,13.8,5814,2029,1925,3701,2159
toyota,Toyota,Tundra,Tundra (2013),2013,2017,,4.6L V8 6AT (310 HP) (4x2),Gasoline,8,5663,310,443,6-speed automatic ECT-i,Rear Wheel Drive,,,14.7,5814,2029,1925,3701,2313
toyota,Toyota,Tundra,Tundra (2013),2013,2017,,5.7L V8 6AT (381 HP) (4x2),Gasoline,8,5663,381,544,6-speed automatic,Rear Wheel Drive,,,15.7,5814,2029,1925,3701,2307
toyota,Toyota,Tundra,Tundra (2013),2013,2017,,5.7L V8 6AT (381 HP) (4x4),Gasoline,8,5663,381,544,6-speed automatic,Rear Wheel Drive,,,15.7,5814,2029,1925,3701,2422
toyota,Toyota,Tundra,Tundra (2013),2013,2017,,4.0L V6 4x2 5AT (270 HP),Gasoline,6,3956,271,377,5-speed automatic,Rear Wheel Drive,,,13.8,5814,2029,1930,3701,2272
toyota,Toyota,Tundra,Tundra (2013),2013,2017,,4.6L V8 4x2 6AT (314 HP),Gasoline,8,4664,314,443,6-speed automatic,Rear Wheel Drive,,,14.7,5814,2029,1930,3701,2352
toyota,Toyota,Tundra,Tundra (2013),2013,2017,,4.6L V8 6AT AWD (314 HP),Gasoline,8,4664,314,443,6-speed automatic,All Wheel Drive,,,15.7,5814,2029,1941,3701,2352
toyota,Toyota,Tundra,Tundra (2013),2013,2017,,5.7L V8 4x2 6AT (386 HP),Gasoline,8,5663,386,544,6-speed automatic,Rear Wheel Drive,,,15.7,5814,2029,1930,3701,2413
toyota,Toyota,Tundra,Tundra (2013),2013,2017,,5.7L V8 6AT AWD (381 HP),Gasoline,8,5663,381,544,6-speed automatic,All Wheel Drive,,,15.7,5814,2029,1930,3701,2551
toyota,Toyota,Tundra,Tundra (2013),2013,2017,,4.6L V8 4x2 6AT (314 HP),Gasoline,8,4664,314,443,6-speed automatic,Rear Wheel Drive,,,14.7,5814,2029,1925,3701,2420
toyota,Toyota,Tundra,Tundra (2013),2013,2017,,4.6L V8 6AT AWD (314 HP),Gasoline,8,4664,314,443,6-speed automatic,All Wheel Drive,,,14.7,5814,2029,1935,3701,2551
toyota,Toyota,Tundra,Tundra (2013),2013,2017,,5.7L V8 4x2 6AT (381 HP),Gasoline,8,5663,381,544,6-speed automatic,Rear Wheel Drive,,,15.7,5814,2029,1925,3701,2486
toyota,Toyota,Tundra,Tundra (2013),2013,2017,,5.7L V8 6AT AWD (381 HP),Gasoline,8,5663,381,544,6-speed automatic,All Wheel Drive,,,15.7,5814,2029,1935,3701,2613
toyota,Toyota,Tundra,Tundra (2006),2006,2013,,4.0L V6 5AT RWD (236 HP),Gasoline,6,3956,239,361,5-speed automatic,Rear Wheel Drive,,,13.1,5809,2029,1930,3701,2236
toyota,Toyota,Tundra,Tundra (2006),2006,2013,,4.7L V8 5AT RWD (271 HP),Gasoline,8,4664,275,424,5-speed automatic,Rear Wheel Drive,,,14.7,5809,2029,1930,3701,2343
toyota,Toyota,Tundra,Tundra (2006),2006,2013,,5.7L V8 5AT RWD (381 HP),Gasoline,8,5663,386,544,5-speed automatic,Rear Wheel Drive,,,13.1,5809,2029,1930,3701,2368
toyota,Toyota,Tundra,Tundra (2006),2006,2013,,4.0L V6 5AT AWD (236 HP),Gasoline,6,3956,239,361,5-speed automatic,All Wheel Drive,,,,5545,1910,1796,3259,1891
toyota,Toyota,Tundra,Tundra (2006),2006,2013,,4.7L V8 5AT AWD (271 HP),Gasoline,8,4664,275,424,5-speed automatic,All Wheel Drive,,,,5545,1910,1796,3259,2046
toyota,Toyota,Tundra,Tundra (2006),2006,2013,,4.7L V8 5AT AWD (271 HP),Gasoline,8,4664,275,424,5-speed automatic,All Wheel Drive,,,14.7,5809,2029,1925,3701,2418
toyota,Toyota,Tundra,Tundra (2006),2006,2013,,5.7L V8 5AT AWD (381 HP),Gasoline,8,5663,386,544,5-speed automatic,Rear Wheel Drive,,,13.8,5809,2029,1925,3701,2447
toyota,Toyota,Tundra,Tundra (1999),1999,2003,,3.4L V6 5MT RWD (190 HP),Gasoline,6,3378,193,298,5-speed manual,Rear Wheel Drive,,,14.7,5525,1910,1796,3259,1721
toyota,Toyota,Tundra,Tundra (1999),1999,2003,,4.7L V8 4AT RWD (245 HP),Gasoline,8,4664,249,427,4-speed automatic,Rear Wheel Drive,,,15.7,5525,1910,1796,3259,2049
toyota,Toyota,Urban Cruiser,Urban Cruiser (2025),2025,,,49 KWh FWD (144 HP),Electric,,,144,,,Front Wheel Drive,,,,4285,1801,1641,2700,
toyota,Toyota,Urban Cruiser,Urban Cruiser (2025),2025,,,61 KWh AWD (184 HP),Electric,,,184,,,All Wheel Drive,,,,4285,1801,1641,2700,
toyota,Toyota,Urban Cruiser,Urban Cruiser (2025),2025,,,61 KWh FWD (174 HP),Electric,,,174,,,Front Wheel Drive,,,,4285,1801,1641,2700,
toyota,Toyota,Urban Cruiser,Urban Cruiser (2009),2009,2014,,1.33L Dual VVT-i 6MT FWD (100 HP),Gasoline,4,1329,101,132,6-speed manual,Front Wheel Drive,12.5,175,5.5,3929,1725,1539,2459,1120
toyota,Toyota,Urban Cruiser,Urban Cruiser (2009),2009,2014,,1.4L D-4D 6MT AWD (90 HP),Diesel,4,1364,90,205,6-speed manual,All Wheel Drive,12.5,175,4.9,3929,1725,1539,2459,1175
toyota,Toyota,Urban Cruiser,Urban Cruiser (2009),2009,2014,,1.4L D-4D 6MT FWD (90 HP),Diesel,4,1364,90,205,6-speed manual,Front Wheel Drive,11.7,175,4.5,3929,1725,1539,2459,1175
toyota,Toyota,Venza,Venza (2020),2020,,,2.5L eCVT AWD (219 HP),Hybrid Gasoline,4,2487,176,221,Electronically controlled Continuously Variable Transmission (eCVT,All Wheel Drive,8.1,,,4740,1854,1674,2690,1745
toyota,Toyota,Venza,Venza (2012),2012,2017,,3.5L V6 6AT ECT-i AWD (268 HP),Gasoline,6,3456,268,334,6-speed automatic ECT-i,All Wheel Drive,,,,4801,1905,1610,2776,1835
toyota,Toyota,Venza,Venza (2012),2012,2017,,2.7L 6AT ETC-i AWD (181 HP),Gasoline,4,2672,181,247,6-speed automatic ECT-i,All Wheel Drive,,,,4801,1905,1610,2776,1789
toyota,Toyota,Venza,Venza (2012),2012,2017,,2.7L 6AT ETC-i FWD (181 HP),Gasoline,4,2672,181,247,6-speed automatic ECT-i,Front Wheel Drive,,,,4801,1905,1610,2776,1706
toyota,Toyota,Venza,Venza (2012),2012,2017,,3.5L V6 6AT ECT-i FWD (268 HP),Gasoline,6,3456,268,334,6-speed automatic ECT-i,Front Wheel Drive,,,,4801,1905,1610,2776,1775
toyota,Toyota,Venza,Venza (2009),2009,2012,,2.7L 6AT AWD (181 HP),Gasoline,4,2672,181,247,6-speed automatic,All Wheel Drive,,,10.2,4801,1905,1610,2776,1789
toyota,Toyota,Venza,Venza (2009),2009,2012,,2.7L 6AT FWD (181 HP),Gasoline,4,2672,181,247,6-speed automatic,Front Wheel Drive,,,9.8,4801,1905,1610,2776,1706
toyota,Toyota,Venza,Venza (2009),2009,2012,,3.5L V6 6AT AWD (268 HP),Gasoline,6,3456,272,334,6-speed automatic,All Wheel Drive,,,11.2,4801,1905,1610,2776,1835
toyota,Toyota,Venza,Venza (2009),2009,2012,,3.5L V6 6AT FWD (268 HP),Gasoline,6,3456,272,334,6-speed automatic,Front Wheel Drive,,,10.7,4801,1905,1610,2776,1755
toyota,Toyota,Verso,Verso (2013),2013,2018,,1.6L Valvematic 6MT FWD (132 HP),Gasoline,4,1598,132,160,6-speed manual,Front Wheel Drive,11.7,185,6.8,4460,1791,1621,2779,1505
toyota,Toyota,Verso,Verso (2013),2013,2018,,1.8L Valvematic 6MT FWD (147 HP),Gasoline,4,1798,147,180,6-speed manual,Front Wheel Drive,10.4,190,6.8,4460,1791,1621,2779,1505
toyota,Toyota,Verso,Verso (2013),2013,2018,,1.8L Valvematic CVT FWD (147 HP),Gasoline,4,1798,147,180,CVT,Front Wheel Drive,11.1,185,6.6,4460,1791,1621,2779,1615
toyota,Toyota,Verso,Verso (2013),2013,2018,,1.6L D-4D 6MT FWD (112 HP),Diesel,4,1598,111,270,6-speed manual,Front Wheel Drive,12.7,180,4.5,4460,1791,1621,2779,1595
toyota,Toyota,Verso,Verso (2013),2013,2018,,2.0L D-4D 6MT FWD (126 HP),Diesel,4,1998,125,310,6-speed manual,Front Wheel Drive,11.3,185,4.9,4460,1791,1621,2779,1515
toyota,Toyota,Verso,Verso (2009),2009,2013,,1.6L Valvematic 6MT FWD (132 HP),Gasoline,4,1598,132,160,6-speed manual,Front Wheel Drive,11.7,185,6.7,4440,1791,1618,2779,1420
toyota,Toyota,Verso,Verso (2009),2009,2013,,1.8L Valvematic 6MT FWD (147 HP),Gasoline,4,1798,147,179,6-speed manual,Front Wheel Drive,10.4,190,6.9,4440,1791,1618,2779,1505
toyota,Toyota,Verso,Verso (2009),2009,2013,,1.8L Valvematic CVT FWD (147 HP),Gasoline,4,1798,147,179,CVT,Front Wheel Drive,11.1,185,7,4440,1791,1618,2779,1445
toyota,Toyota,Verso,Verso (2009),2009,2013,,1.6L D-4D 6MT FWD (113 HP),Diesel,4,1600,113,270,6-speed manual,Front Wheel Drive,,,,4440,1791,1618,2779,
toyota,Toyota,Verso,Verso (2009),2009,2013,,2.0L D-4D 6MT FWD (126 HP),Diesel,4,1998,126,309,6-speed manual,Front Wheel Drive,11.3,185,5.4,4440,1791,1618,2779,1540
toyota,Toyota,Verso,Verso (2009),2009,2013,,2.2L D-4D 6AT FWD (150 HP),Diesel,4,2231,150,339,6-speed automatic,Front Wheel Drive,10.1,195,6.8,4440,1791,1618,2779,1595
toyota,Toyota,Verso,Verso (2009),2009,2013,,2.2L D-4D 6MT FWD (177 HP),Diesel,4,2231,177,400,6-speed manual,Front Wheel Drive,8.7,209,6,4440,1791,1618,2779,1555
toyota,Toyota,VERSO-S,VERSO-S (2010),2010,2017,,1.33L Dual-VVT-i 6MT FWD (99 HP),Gasoline,4,1329,99,125,6-speed manual,Front Wheel Drive,13.3,171,5.5,3990,1694,1595,2550,1145
toyota,Toyota,VERSO-S,VERSO-S (2010),2010,2017,,1.33L Dual-VVT-i CVT FWD (99 HP),Gasoline,4,1329,99,125,CVT,Front Wheel Drive,13.7,166,5.2,3990,1694,1595,2550,1150
toyota,Toyota,VERSO-S,VERSO-S (2010),2010,2017,,1.4L D-4D 6AT FWD (90 HP),Diesel,4,1364,90,205,6-automatic speed,Front Wheel Drive,13,175,4.4,3990,1694,1595,2550,1215
toyota,Toyota,VERSO-S,VERSO-S (2010),2010,2017,,1.4L D-4D 6MT FWD (90 HP),Diesel,4,1364,90,205,"6-speed, Manual",Front Wheel Drive,12.1,175,4.3,3990,1694,1595,2550,1210
toyota,Toyota,Vios,Vios (2013),2013,2017,,1.5L 4AT FWD (109 HP),Gasoline,4,1497,109,141,4-speed automatic,Front Wheel Drive,12,171,6.3,4409,1699,1476,2550,1075
toyota,Toyota,Vios,Vios (2013),2013,2017,,1.5L 5MT FWD (109 HP),Gasoline,4,1497,109,141,5-manual speed,Front Wheel Drive,,,,4409,1699,1476,2550,1035
toyota,Toyota,Yaris,Yaris 5 Doors (2024),2024,,,Hybrid 115 1.5L CVT (116 HP),Hybrid Gasoline,3,1490,116,141,CVT,Front Wheel Drive,9.7,175,3.8,3940,1745,1501,2560,1085
toyota,Toyota,Yaris,Yaris 5 Doors (2024),2024,,,Hybrid 130 1.5L CVT (130 HP),Hybrid Gasoline,3,1490,130,185,CVT,Front Wheel Drive,9.2,175,3.9,3940,1745,1501,2560,1140
toyota,Toyota,Yaris,Yaris 5 Doors (2019),2019,2024,,1.0L CVT FWD (69 HP),Gasoline,3,996,69,92,CVT,Front Wheel Drive,,,4.9,4105,1676,1496,2570,
toyota,Toyota,Yaris,Yaris 5 Doors (2019),2019,2024,,1.5L 6MT FWD (111 HP),Gasoline,4,1497,111,136,6-Speed manual,Front Wheel Drive,11,175,5.1,3945,1694,1509,2510,1145
toyota,Toyota,Yaris,Yaris 5 Doors (2019),2019,2024,,1.5L eCVT FWD (116 HP),Hybrid Gasoline,3,1490,91,120,eCVT,Front Wheel Drive,9.7,175,,3940,1745,1501,2560,
toyota,Toyota,Yaris,Yaris 5 Doors (2017),2017,2019,,1.3L 4AT FWD (85 HP),Gasoline,4,1299,85,120,4-speed automatic,Front Wheel Drive,11.7,175,6.4,3945,1694,1509,2510,1035
toyota,Toyota,Yaris,Yaris 5 Doors (2017),2017,2019,,1.3L 5MT FWD (85 HP),Gasoline,4,1299,85,120,5-speed manual,Front Wheel Drive,,,5.8,3945,1694,1509,2510,1025
toyota,Toyota,Yaris,Yaris 5 Doors (2017),2017,2019,,1.5L 4AT FWD (109 HP),Gasoline,4,1497,109,141,4-speed automatic,Front Wheel Drive,,,6.4,3945,1694,1509,2510,1055
toyota,Toyota,Yaris,Yaris 5 Doors (2017),2017,2019,,1.5L 5MT FWD (109 HP),Gasoline,4,1497,109,141,5-speed manual,Front Wheel Drive,,,5.9,3945,1694,1509,2510,1045
toyota,Toyota,Yaris,Yaris 5 Doors (2014),2014,2017,,1.0L VVT-i 5MT FWD (69 HP),Gasoline,3,998,69,95,5-speed manual,Front Wheel Drive,15.3,154,4.3,3950,1694,1509,2510,1040
toyota,Toyota,Yaris,Yaris 5 Doors (2014),2014,2017,,1.3L Dual VVT-i 6MT FWD (99 HP),Gasoline,4,1329,99,125,6-speed manual,Front Wheel Drive,11.7,175,4.9,3950,1694,1509,2510,1095
toyota,Toyota,Yaris,Yaris 5 Doors (2014),2014,2017,,1.3L Dual VVT-i CVT FWD (99 HP),Gasoline,4,1329,99,125,CVT,Front Wheel Drive,12.6,175,5.1,3950,1694,1509,2510,1105
toyota,Toyota,Yaris,Yaris 5 Doors (2014),2014,2017,,1.5L VVT-i 4AT FWD (106 HP),Gasoline,4,1497,107,140,4-speed automatic,Front Wheel Drive,,,7.4,3950,1694,1509,2510,1059
toyota,Toyota,Yaris,Yaris 5 Doors (2014),2014,2017,,1.5L VVT-i 5MT FWD (106 HP),Gasoline,4,1497,107,140,5-speed manual,Front Wheel Drive,,,7.1,3950,1694,1509,2510,1050
toyota,Toyota,Yaris,Yaris 5 Doors (2014),2014,2017,,1.4L D-4D 6MT FWD (90 HP),Diesel,4,1364,90,205,6-speed manual,Front Wheel Drive,10.8,175,3.8,3950,1694,1509,2510,1150
toyota,Toyota,Yaris,Yaris 5 Doors (2014),2014,2017,,1.5L VVT-i ECVT FWD (99 HP),Hybrid,4,1497,75,111,E-CVT,Front Wheel Drive,11.8,166,3,3950,1694,1509,2510,1150
toyota,Toyota,Yaris,Yaris 5 Doors (2011),2011,2014,,1.0L VVT-i 5MT FWD (69 HP),Gasoline,3,998,69,94,5-speed manual,Front Wheel Drive,15.3,154,4,3899,1694,1509,2510,950
toyota,Toyota,Yaris,Yaris 5 Doors (2011),2011,2014,,1.33L Dual VVT-i 5MT FWD (99 HP),Gasoline,4,1329,99,125,6-speed manual,Front Wheel Drive,11.7,175,4.5,3899,1694,1509,2510,1005
toyota,Toyota,Yaris,Yaris 5 Doors (2011),2011,2014,,1.5L VVT-i 5MT FWD (106 HP),Gasoline,4,1497,106,141,5-speed manual,Front Wheel Drive,,,6.2,3899,1694,1509,2510,1048
toyota,Toyota,Yaris,Yaris 5 Doors (2011),2011,2014,,1.4L D-4D 6MT FWD (90 HP),Diesel,4,1329,99,205,6-speed manual,Front Wheel Drive,10.8,175,3.2,3899,1694,1509,2510,1035
toyota,Toyota,Yaris,Yaris 5 Doors (2008),2008,2011,,1.0L VVT-i 5MT FWD (69 HP),Gasoline,3,998,69,93,5-speed manual,Front Wheel Drive,15.7,154,5,3785,1694,1529,2459,960
toyota,Toyota,Yaris,Yaris 5 Doors (2008),2008,2011,,1.33L VVT-i 6MT FWD (100 HP),Gasoline,4,1329,101,132,6-speed manual,Front Wheel Drive,11.7,175,5.1,3785,1694,1529,2459,1025
toyota,Toyota,Yaris,Yaris 5 Doors (2008),2008,2011,,1.8L VVT-i 5MT FWD (133 HP),Gasoline,4,1798,133,173,5-speed manual,Front Wheel Drive,9.1,195,4.2,3785,1694,1529,2459,1095
toyota,Toyota,Yaris,Yaris 5 Doors (2008),2008,2011,,1.4L D-4D 6AT FWD (90 HP),Diesel,4,1364,90,205,6-speed automatic,Front Wheel Drive,11.9,175,4.2,3785,1694,1529,2459,1030
toyota,Toyota,Yaris,Yaris 5 Doors (2008),2008,2011,,1.4L D-4D 6MT FWD (90 HP),Diesel,4,1364,90,205,6-speed manual,Front Wheel Drive,10.7,175,4.1,3785,1694,1529,2459,1030
toyota,Toyota,Yaris,Yaris 5 Doors (2006),2006,2008,,1.0L VVT-i 5MT FWD (69 HP),Gasoline,3,998,69,94,5-Speed manual,Front Wheel Drive,15.7,150,5.4,3749,1694,1529,2461,955
toyota,Toyota,Yaris,Yaris 5 Doors (2006),2006,2008,,1.3L VVT-i 5MT FWD (87 HP),Gasoline,4,1296,87,121,5-Speed manual,Front Wheel Drive,11.5,171,6,3749,1694,1529,2461,985
toyota,Toyota,Yaris,Yaris 5 Doors (2006),2006,2008,,1.4L D-4D 5MT FWD (90 HP),Diesel,4,1364,90,190,5-Speed manual,Front Wheel Drive,10.7,175,4.5,3749,1694,1529,2461,1030
toyota,Toyota,Yaris,Yaris 5 Doors (2003),2003,2005,,1.0L 16V VVT-i 5MT FWD (68 HP),Gasoline,4,998,68,90,5-Speed manual,Front Wheel Drive,13.6,155,5.7,3609,1661,1501,2370,855
toyota,Toyota,Yaris,Yaris 5 Doors (2003),2003,2005,,1.3L 16V VVT-i 5MT FWD (86 HP),Gasoline,4,1299,86,124,5-Speed manual,Front Wheel Drive,12.1,175,6,3609,1661,1501,2370,870
toyota,Toyota,Yaris,Yaris 5 Doors (2003),2003,2005,,1.5L 16V VVT-i 5MT FWD (106 HP),Gasoline,4,1497,106,145,5-Speed manual,Front Wheel Drive,9,190,6.9,3609,1666,1501,2370,925
toyota,Toyota,Yaris,Yaris 5 Doors (2003),2003,2005,,1.4L D-4D 5MT FWD (75 HP),Diesel,4,1364,75,170,5-Speed manual,Front Wheel Drive,12.9,170,4.2,3609,1661,1501,2370,895
toyota,Toyota,Yaris,Yaris 5 Doors (1999),1999,2003,,1.0L 16V VVT-i 5MT FWD (68 HP),Gasoline,4,998,68,90,5-Speed manual,Front Wheel Drive,13.6,155,5.7,3609,1661,1501,2370,855
toyota,Toyota,Yaris,Yaris 5 Doors (1999),1999,2003,,1.3L 16V VVT-i 5MT FWD (86 HP),Gasoline,4,1299,86,124,5-Speed manual,Front Wheel Drive,12.1,175,6,3609,1666,1501,2370,870
toyota,Toyota,Yaris,Yaris 5 Doors (1999),1999,2003,,1.5L 16V VVT-i 5MT FWD (106 HP),Gasoline,4,1497,106,145,5-Speed manual,Front Wheel Drive,9,190,6.9,3609,1661,1501,2370,925
toyota,Toyota,Yaris,Yaris 5 Doors (1999),1999,2003,,1.4L D-4D 5MT FWD (75 HP),Diesel,4,1364,75,170,5-Speed manual,Front Wheel Drive,12.9,170,4.4,3609,1661,1501,2370,905
toyota,Toyota,Yaris,Yaris 3 Doors (2017),2017,2020,,1.8L 6MT (212 HP),Gasoline,4,1798,212,250,6-speed manual,Front Wheel Drive,6.3,230,7.5,3945,1694,1509,2510,1135
toyota,Toyota,Yaris,Yaris 3 Doors (2014),2014,2017,,1.0L 5MT FWD (69 HP),Gasoline,3,998,69,95,5-speed manual,Front Wheel Drive,15.3,,4.7,3950,1694,1509,2510,1010
toyota,Toyota,Yaris,Yaris 3 Doors (2014),2014,2017,,1.5L VVT-i 4AT FWD (106 HP),Gasoline,4,1497,107,140,4-speed automatic,Front Wheel Drive,,,7.4,3950,1694,1509,2510,1059
toyota,Toyota,Yaris,Yaris 3 Doors (2014),2014,2017,,1.5L VVT-i 5MT FWD (106 HP),Gasoline,4,1497,107,140,5-speed manual,Front Wheel Drive,,,7.1,3950,1694,1509,2510,1050
toyota,Toyota,Yaris,Yaris 3 Doors (2011),2011,2014,,1.0L VVT-i 5MT FWD (69 HP),Gasoline,3,998,69,94,5-speed manual,Front Wheel Drive,15.3,154,4,3899,1694,1509,2510,950
toyota,Toyota,Yaris,Yaris 3 Doors (2011),2011,2014,,1.33L Dual VVT-i 5MT FWD (99 HP),Gasoline,4,1329,99,125,6-speed manual,Front Wheel Drive,11.7,175,4.5,3899,1694,1509,2510,1005
toyota,Toyota,Yaris,Yaris 3 Doors (2011),2011,2014,,1.5L VVT-i 5MT FWD (106 HP),Gasoline,4,1497,106,141,5 speed manual,Front Wheel Drive,,,6.2,3899,1694,1509,2510,1048
toyota,Toyota,Yaris,Yaris 3 Doors (2011),2011,2014,,1.4L D-4D 6MT FWD (90 HP),Diesel,4,1329,90,205,6-speed manual,Front Wheel Drive,10.8,175,3.2,3899,1694,1509,2510,1035
toyota,Toyota,Yaris,Yaris 3 Doors (2008),2008,2011,,1.0L VVT-i 5MT FWD (69),Gasoline,3,998,69,94,5-speed manual,Front Wheel Drive,15.7,154,5,3785,1694,1529,2459,980
toyota,Toyota,Yaris,Yaris 3 Doors (2008),2008,2011,,1.33L Dual VVT-i 6MT FWD (100 HP),Gasoline,4,1329,100,132,6-speed manual,Front Wheel Drive,11.7,174,5.3,3785,1694,1529,2459,1980
toyota,Toyota,Yaris,Yaris 3 Doors (2008),2008,2011,,1.5L VVT-i 5MT FWD (106 HP),Gasoline,4,1496,106,140,5-speed manual,Front Wheel Drive,9.3,190,,3825,1694,1529,2461,1015
toyota,Toyota,Yaris,Yaris 3 Doors (2008),2008,2011,,1.4L D-4D 6MT FWD (90 HP),Diesel,4,1364,90,205,6-speed manual,Front Wheel Drive,11.9,174,4.2,3785,1694,1529,2459,980
toyota,Toyota,Yaris,Yaris 3 Doors (2006),2006,2008,,1.0L VVT-i 5MT FWD (69 HP),Gasoline,3,998,69,94,5-Speed manual,Front Wheel Drive,15.7,150,5.4,3749,1694,1529,2461,955
toyota,Toyota,Yaris,Yaris 3 Doors (2006),2006,2008,,1.3L VVT-i 5MT FWD (87 HP),Gasoline,4,1296,87,121,5-Speed manual,Front Wheel Drive,11.5,171,6,3749,1694,1529,2461,985
toyota,Toyota,Yaris,Yaris 3 Doors (2006),2006,2008,,1.5L 5MT FWD (106 HP),Gasoline,4,1497,106,145,5-Speed manual,Front Wheel Drive,9,190,4.5,3749,1694,1529,2461,1015
toyota,Toyota,Yaris,Yaris 3 Doors (2006),2006,2008,,1.4L D-4D 5AT FWD (90 HP),Diesel,4,1364,90,190,5-speed automatic,Front Wheel Drive,11.8,175,4.5,3749,1694,1529,2461,1030
toyota,Toyota,Yaris,Yaris 3 Doors (2006),2006,2008,,1.4L D-4D 5MT FWD (90 HP),Diesel,4,1364,90,190,5-Speed manual,Front Wheel Drive,10.7,175,4.5,3749,1694,1529,2461,1030
toyota,Toyota,Yaris,Yaris 3 Doors (2003),2003,2005,,1.0L 16V VVT-i 5MT FWD (68 HP),Gasoline,4,998,68,90,5-Speed manual,Front Wheel Drive,13.6,155,5.7,3609,1661,1501,2370,845
toyota,Toyota,Yaris,Yaris 3 Doors (2003),2003,2005,,1.3L 16V VVT-i 5MT FWD (86 HP),Gasoline,4,1299,86,124,5-Speed manual,Front Wheel Drive,12.1,175,6,3609,1661,1501,2370,860
toyota,Toyota,Yaris,Yaris 3 Doors (2003),2003,2005,,1.5L 16V VVT-i 5MT FWD (106 HP),Gasoline,4,1299,106,145,5-Speed manual,Front Wheel Drive,9,190,6.9,3609,1661,1501,2370,915
toyota,Toyota,Yaris,Yaris 3 Doors (2003),2003,2005,,1.4L D-4D 5MT FWD (75 HP),Diesel,4,1364,75,170,5-Speed manual,Front Wheel Drive,12.9,170,4.2,3609,1661,1501,2370,895
toyota,Toyota,Yaris,Yaris 3 Doors (1999),1999,2003,,1.0L 16V VVT-i 5MT FWD (68 HP),Gasoline,4,998,68,90,5-Speed manual,Front Wheel Drive,13.6,155,5.7,3609,1659,1501,2370,845
toyota,Toyota,Yaris,Yaris 3 Doors (1999),1999,2003,,1.3L 16V VVT-i 5MT FWD (86 HP),Gasoline,4,1299,86,124,5-Speed manual,Front Wheel Drive,12.1,175,6,3609,1659,1501,2370,860
toyota,Toyota,Yaris,Yaris 3 Doors (1999),1999,2003,,1.5L 16V VVT-i 5MT FWD (106 HP),Gasoline,4,1497,106,145,5-Speed manual,Front Wheel Drive,9,190,6.9,3609,1661,1501,2370,915
toyota,Toyota,Yaris,Yaris 3 Doors (1999),1999,2003,,1.4L D-4D 5MT FWD (75 HP),Diesel,4,1364,75,170,5-Speed manual,Front Wheel Drive,12.9,170,4.2,3609,1659,1501,2370,895
toyota,Toyota,Yaris,Yaris Hatchback (2019),2019,2020,,1.5L 6AT (106 HP),Gasoline,4,1499,106,140,6-speed automatic,Front Wheel Drive,6.4,,6.7,4105,1699,1476,2570,1087
toyota,Toyota,Yaris,Yaris Hatchback (2013),2013,2017,,1.2L CVT FWD (86 HP),Gasoline,4,1197,86,108,Continuously variable transmission (CVT),Front Wheel Drive,,,5,4115,1699,1476,2550,1040
toyota,Toyota,Yaris,Yaris Sedan (2018),2018,2020,,1.5L 6AT FWD (106 HP),Gasoline,4,1496,106,140,6-speed automatic,Front Wheel Drive,,,6.9,4346,1694,1486,2570,1096
toyota,Toyota,Yaris,Yaris Sedan (2018),2018,2020,,1.5L 6MT FWD (106 HP),Gasoline,4,1496,106,140,6-Speed manual,,,,6.7,4346,1694,1486,2570,1096
toyota,Toyota,Yaris,Yaris Sedan (2016),2016,2018,,1.5L 6AT FWD (106 HP),Gasoline,4,1496,107.5,140,6-speed automatic,Front Wheel Drive,,,6.7,4346,1694,1486,2570,1096
toyota,Toyota,Yaris,Yaris Sedan (2016),2016,2018,,1.5L 6MT FWD (106 HP),Gasoline,4,1496,107.5,140,6-speed manual,Front Wheel Drive,,,6.9,4346,1694,1486,2570,1082
toyota,Toyota,Yaris Cross,Yaris Cross (2023),2023,2026,,Hybrid 115 1.5L CVT (116 HP),Hybrid Gasoline,3,1490,92,120,CVT,Front Wheel Drive,11.2,171,4.4,4181,1765,1595,2560,1180
toyota,Toyota,Yaris Cross,Yaris Cross (2023),2023,2026,,Hybrid 130 1.5L CVT (132 HP),Hybrid Gasoline,3,1490,92,120,CVT,Front Wheel Drive,10.7,171,4.5,4181,1765,1595,2560,1200
toyota,Toyota,Yaris Cross,Yaris Cross (2020),2020,2023,,1.5L CVT (120 HP),Gasoline,3,1490,120,145,CVT,Front Wheel Drive,,,4.9,4181,1765,1560,2560,
toyota,Toyota,Yaris Cross,Yaris Cross (2020),2020,2023,,1.5L CVT AWD (120 HP),Gasoline,3,1490,120,145,CVT,All Wheel Drive,,,5.4,4181,1765,1560,2560,
toyota,Toyota,Yaris Cross,Yaris Cross (2020),2020,2023,,1.5L E-FOUR ECVT,Hybrid Gasoline,3,1490,91,120,eCVT,All Wheel Drive,,,3.5,4181,1765,1560,2560,
toyota,Toyota,Yaris Cross,Yaris Cross (2020),2020,2023,,1.5L ECTV (116 HP),Hybrid Gasoline,3,1490,91,120,eCVT,Front Wheel Drive,,,3.2,4181,1765,1560,2560,
toyota,Toyota,Yaris TS,Yaris TS 3 Doors (2007),2007,2010,,1.8L Dual VVT-i 6MT FWD (133 HP),Gasoline,4,1798,133,174,6-speed manual,Front Wheel Drive,9.1,193,7,3800,1694,1529,2459,1151
toyota,Toyota,Yaris TS,Yaris TS 5 Doors (2007),2007,2010,,1.8L Dual VVT-i 6MT FWD (133 HP),Gasoline,4,1798,133,174,6-manual speed,Front Wheel Drive,9.1,193,7,3800,1694,1529,2459,
toyota,Toyota,Yaris Verso,Yaris Verso (2003),2003,2007,,1.3L VVTi 4AT FWD (84 HP),Gasoline,4,1299,84,122,4-Speed automatic,Front Wheel Drive,13.9,154,8.9,3881,1689,1699,2499,965
toyota,Toyota,Yaris Verso,Yaris Verso (2003),2003,2007,,1.3L VVTi 5MT FWD (84 HP),Gasoline,4,1299,84,122,5-Speed manual,Front Wheel Drive,12.7,166,6.5,3881,1689,1699,2499,965
toyota,Toyota,Yaris Verso,Yaris Verso (2003),2003,2007,,1.5L VVTi 5MT FWD (106 HP),Gasoline,4,1497,106,142,5-Speed manual,Front Wheel Drive,11.3,175,6.6,3881,1689,1699,2499,975
toyota,Toyota,Yaris Verso,Yaris Verso (2003),2003,2007,,1.4L D4-D 5MT FWD (75 HP),Diesel,4,1364,75,169,5-Speed manual,Front Wheel Drive,13.8,159,4.9,3881,1689,1699,2499,1015
toyota,Toyota,Yaris Verso,Yaris Verso (1999),1999,2003,,1.3L VVTi 5MT FWD (86 HP),Gasoline,4,1299,86,122,5-Speed manual,Front Wheel Drive,12.7,166,6.4,3860,1689,1699,2499,955
toyota,Toyota,Yaris Verso,Yaris Verso (1999),1999,2003,,1.5L VVTi 5MT FWD (106 HP),Gasoline,4,1497,110,142,5-Speed manual,Front Wheel Drive,11.3,175,6.6,3858,1689,1699,2499,1005
toyota,Toyota,Yaris Verso,Yaris Verso (1999),1999,2003,,1.4L D4-D 5MT FWD (75 HP),Diesel,4,1364,75,169,5-Speed manual,Front Wheel Drive,12.5,159,4.9,3858,1689,1699,2499,1045
zenvo,Zenvo,Aurora,Aurora (2023),2023,,,6.6L V12 7AT RWD (1471 HP),Hybrid Gasoline,12,,1250,,Hybridised seven-speed paddle shift gearbox with >150 kW output,Rear Wheel Drive,2.5,365,,4836,2019,1097,2799,1300
zenvo,Zenvo,Aurora,Aurora (2023),2023,,,6.6L V12 7AT AWD (1876 HP),Mild Hybrid,12,,1250,,7-speed automatic,All Wheel Drive,2.3,451,,4818,2019,1118,2799,1450
zenvo,Zenvo,ST1,ST1 (2009),2009,2017,,6.8 V8 7AT (1104 HP),Gasoline,8,6800,1104,1430,7-speed automatic,Rear Wheel Drive,3,375,10,4666,2042,1199,3056,1688
zenvo,Zenvo,TS1,TS1 (2017),2017,2017,,5.8 V8 7AT (1118 HP),,8,5800,1118,1139,7-speed automatic,Rear Wheel Drive,2.8,375,,4681,2154,1199,2903,1580
zenvo,Zenvo,TSR-S,TSR-S (2018),2018,,,5.8L V8 7AT (1177 HP),Gasoline,8,5800,1193.3,1139,7-speed automatic,All Wheel Drive,2.8,325,,4816,2037,1199,2906,1495
